"pair","fribble","postdist","predist"
"001002",1,0.410908577032426,0.304380251094739
"003004",1,0.571806341409728,0.459540115669427
"005006",1,0.295658518560217,0.297625341452566
"007008",1,0.439046969637244,0.304054338485006
"009010",1,0.494027661159721,0.356253188103368
"011012",1,0.369017682038203,0.425735080614667
"013014",1,0.39667372405526,0.341961568221469
"015016",1,0.575749643146995,0.311636828817474
"017018",1,0.454671255312725,0.390106447041
"019020",1,0.526615163311447,0.377213527448426
"021022",1,0.408993185497838,0.375659819692412
"023024",1,0.45984685607253,0.513662838377011
"025026",1,0.351556484587577,0.368395184166793
"027028",1,0.522332281805627,0.411009113304338
"029030",1,0.41991146095088,0.2735279351473
"031032",1,0.339256656356172,0.305578523315547
"033034",1,0.513441009446955,0.393986009992663
"035036",1,0.589833682402969,0.504400262609166
"037038",1,0.409660925157377,0.384564713574916
"039040",1,0.623747252859154,0.368558173067868
"041042",1,0.551863081753191,0.412229233421397
"043044",1,0.472280624322626,0.454504832625333
"045046",1,0.382846459746359,0.333841057494265
"047048",1,0.559655243530901,0.43421873915942
"049050",1,0.425452293828074,0.308086356148114
"051052",1,0.297268762253266,0.354976380243873
"053054",1,0.456250047311202,0.297241603955605
"055056",1,0.50605401583013,0.431463287211901
"057058",1,0.344892247580045,0.318876362405642
"061062",1,0.331880994141084,0.321783174760571
"063064",1,0.448717824183435,0.399194124154746
"065066",1,0.54615943320087,0.355801889672881
"067068",1,0.570910584181504,0.535527586937046
"069070",1,0.390293943695721,0.370587202720311
"071072",1,0.496581470593808,0.509112646803242
"075076",1,0.38144426979129,0.271605156362015
"077078",1,0.388122024014564,0.338365548290277
"081082",1,0.347134234383764,0.39504211954773
"083084",1,0.530731446109698,0.273645237088241
"087088",1,0.336258810944856,0.412683206610365
"089090",1,0.497799594886638,0.351030179299441
"093094",1,0.385157323442446,0.303020000457827
"097098",1,0.343656348995837,0.352774876169901
"099100",1,0.409119822084849,0.458307218737883
"101102",1,0.517840253189193,0.521746024489423
"103104",1,0.445819890126615,0.369056580588208
"105106",1,0.25140626449137,0.369333518668995
"107108",1,0.487300176173549,0.383816154673703
"109110",1,0.510200089775067,0.394706748425963
"113114",1,0.410729730501802,0.355381315574047
"119120",1,0.479060566984052,0.386831941083057
"121122",1,0.574030678719167,0.389586497098236
"123124",1,0.566268345341076,0.449366973712997
"125126",1,0.398949376307475,0.356509055011011
"127128",1,0.57219387032087,0.38453922234475
"129130",1,0.412774939090021,0.291329287923894
"131132",1,0.46475200448185,0.509958184324222
"133134",1,0.388722531497469,0.38052874803548
"135136",1,0.477884828112983,0.305558968335386
"137138",1,0.447957700118445,0.434340364299742
"141142",1,0.310905760154124,0.36786586325616
"143144",1,0.534698531031595,0.407245797105152
"145146",1,0.343928553164013,0.359469317831146
"147148",1,0.337702613323916,0.266591987572558
"149150",1,0.394296368584105,0.325014199130199
"151152",1,0.426502257585541,0.354943966493021
"153154",1,0.357946585863792,0.436165506951605
"155156",1,0.409478944726231,0.313861294649582
"157158",1,0.534803846850919,0.35239694453775
"001002",2,0.599427070468683,0.307084645144593
"003004",2,0.513317309319964,0.36601544357838
"005006",2,0.337799386121326,0.3259788751602
"007008",2,0.466025583446019,0.348803542554317
"009010",2,0.506820382550318,0.402822838164813
"011012",2,0.354389520362015,0.33665027655662
"013014",2,0.282932564616239,0.375122932717212
"015016",2,0.359165129251781,0.402267540805033
"017018",2,0.512313027866169,0.395038458518699
"019020",2,0.448059475980682,0.379322865977831
"021022",2,0.36820515058937,0.45683932211258
"023024",2,0.553930072113902,0.493085206486277
"025026",2,0.4341650344431,0.440046470612315
"027028",2,0.411733508110041,0.538394539617026
"029030",2,0.399807995185281,0.288975969888286
"031032",2,0.450615189038297,0.336153203621472
"033034",2,0.48112448677419,0.365373688750036
"035036",2,0.533814594149558,0.483053365722299
"037038",2,0.408555052243135,0.379686663858605
"039040",2,0.562547685578515,0.30474905669685
"041042",2,0.504041563719526,0.406061352230584
"043044",2,0.438410975970294,0.366646810434729
"045046",2,0.494756260886765,0.407611574046316
"047048",2,0.490889895707389,0.443586014211132
"049050",2,0.397677955217616,0.291361875832049
"051052",2,0.352134074084433,0.333750736899671
"053054",2,0.47288478910925,0.329788042232426
"055056",2,0.477667588740589,0.446736088953866
"057058",2,0.377521575428573,0.358899422921202
"061062",2,0.371892882511061,0.30039375927306
"063064",2,0.549200793728281,0.39237076789135
"065066",2,0.432350499555422,0.3437326382846
"067068",2,0.462112828157811,0.444031054154085
"069070",2,0.473300149664313,0.321146510541449
"071072",2,0.376601567491854,0.515073834918383
"075076",2,0.421636461280316,0.253786018118236
"077078",2,0.361687982454905,0.341618614271198
"081082",2,0.331707475706944,0.34793811477723
"083084",2,0.51461397111409,0.26245616562669
"087088",2,0.414958948269493,0.385222828947006
"089090",2,0.451368624344502,0.373151377774753
"093094",2,0.443518451414957,0.379572576843225
"097098",2,0.355067749507736,0.349507186561856
"099100",2,0.456370696425422,0.342938247136788
"101102",2,0.427910104393944,0.388585266657172
"103104",2,0.371769188903266,0.308294090442433
"105106",2,0.270897231996022,0.584916555322717
"107108",2,0.61968964897094,0.470316653139838
"109110",2,0.580488887615496,0.424069790169567
"113114",2,0.36473235674199,0.425518750213105
"119120",2,0.387726204469853,0.322155574336665
"121122",2,0.544467519968795,0.378742267377731
"123124",2,0.47614438459278,0.42573436163361
"125126",2,0.436850850470364,0.340294240973886
"127128",2,0.546034388244162,0.416223255917454
"129130",2,0.382420417852696,0.272427351213953
"131132",2,0.474138999357801,0.390979979187227
"133134",2,0.410475075244942,0.319502426311426
"135136",2,0.345809819176789,0.336162629537229
"137138",2,0.401411687955221,0.376989406533615
"141142",2,0.447054264135666,0.326048558577928
"143144",2,0.481278346851471,0.460115251131403
"145146",2,0.502926729619455,0.347788934595848
"147148",2,0.362464451231007,0.306443374604026
"149150",2,0.420443610288308,0.316869445145161
"151152",2,0.534969389438603,0.358473424799723
"153154",2,0.404972701333469,0.364888854324796
"155156",2,0.559571902267634,0.354568040929701
"157158",2,0.570120350457741,0.28627623990171
"001002",3,0.430161095224349,0.294422248378433
"003004",3,0.574199406430049,0.486322865821368
"005006",3,0.304030168801482,0.273724114522341
"007008",3,0.457422998733778,0.334922134876298
"009010",3,0.428665982559377,0.352518044412166
"011012",3,0.332553272135515,0.370775414630772
"013014",3,0.260339478030792,0.28365487884733
"015016",3,0.439519325271257,0.352732487954185
"017018",3,0.452569001354239,0.374557113274906
"019020",3,0.345520813949328,0.31405662745235
"021022",3,0.385332601144938,0.404372042976311
"023024",3,0.418582163751183,0.482614233158464
"025026",3,0.396341818384771,0.425631199032131
"027028",3,0.45708458404985,0.416869690641786
"029030",3,0.393174769356846,0.332339384593141
"031032",3,0.363923035562005,0.334609812125577
"033034",3,0.380183096975105,0.329039538279198
"035036",3,0.465518271550469,0.442737940698889
"037038",3,0.385243787430273,0.344865233637422
"039040",3,0.471888013184097,0.328059579245703
"041042",3,0.398060032166583,0.36541566718363
"043044",3,0.383263028226824,0.337176857516108
"045046",3,0.417457925155788,0.369721827097238
"047048",3,0.462197335437011,0.314867087639844
"049050",3,0.349142767488988,0.267570578493208
"051052",3,0.360444551333761,0.338209024630473
"053054",3,0.36650675069541,0.307441606186344
"055056",3,0.357395510189212,0.417830431833821
"057058",3,0.38730205502364,0.284096389077593
"061062",3,0.417616121470904,0.339662797749058
"063064",3,0.385579666122854,0.37539330124854
"065066",3,0.33822988625611,0.350713081657983
"067068",3,0.450263571925509,0.421482305973792
"069070",3,0.416783912107369,0.333694808185099
"071072",3,0.353784770704799,0.437179383821771
"075076",3,0.383275324478811,0.247672788798766
"077078",3,0.381960573606181,0.382065863348504
"081082",3,0.343710736371541,0.332817484624694
"083084",3,0.516881222836717,0.227121335454256
"087088",3,0.361859214492094,0.35555246751752
"089090",3,0.422066873870799,0.347741322591886
"093094",3,0.386849034577579,0.295509758405393
"097098",3,0.339002797380073,0.37240838911389
"099100",3,0.422021248377908,0.364880326204009
"101102",3,0.420786487869859,0.408525034785288
"103104",3,0.40846551209683,0.305975142866356
"105106",3,0.230223825201442,0.357310257852062
"107108",3,0.513567677699003,0.365458412095897
"109110",3,0.476109975017681,0.340906774625202
"113114",3,0.432447656057781,0.390728523023463
"119120",3,0.413883623667114,0.358309655450276
"121122",3,0.448575032874924,0.347969636320977
"123124",3,0.448253888636863,0.398733570240438
"125126",3,0.354534251615367,0.324432934634364
"127128",3,0.410384245216802,0.352890986017844
"129130",3,0.366566287353702,0.305010954849438
"131132",3,0.456001152284483,0.402680659666688
"133134",3,0.389490122906844,0.314908648841089
"135136",3,0.295205788686831,0.321616505272676
"137138",3,0.375208270736018,0.377785131335239
"141142",3,0.34675500541927,0.32070791441942
"143144",3,0.460583468899108,0.371837607584877
"145146",3,0.386761998757745,0.36818435229353
"147148",3,0.318682439625261,0.245161755010461
"149150",3,0.397926970385084,0.36267664283513
"151152",3,0.369881199672838,0.362642186693908
"153154",3,0.37001898698512,0.357117637060633
"155156",3,0.549571551382585,0.385868507437393
"157158",3,0.539888429455473,0.306681673973828
"001002",4,0.515187186189031,0.33977724984294
"003004",4,0.492546234279884,0.398002189584063
"005006",4,0.370769767090669,0.340021082200112
"007008",4,0.54550027195361,0.465203881263748
"009010",4,0.429483287967754,0.341079827398044
"011012",4,0.511516245082021,0.387368057854463
"013014",4,0.321313663385809,0.383806760422933
"015016",4,0.488489825278603,0.346401466988104
"017018",4,0.448848454281699,0.403135129250639
"019020",4,0.403017858974614,0.353853856213344
"021022",4,0.441077880561349,0.411378497257799
"023024",4,0.560657925903769,0.504072128795026
"025026",4,0.414302308112433,0.380731606855989
"027028",4,0.472221870906671,0.401767811737963
"029030",4,0.449165463447596,0.283354942686877
"031032",4,0.36228256020701,0.341266663745016
"033034",4,0.366413575597134,0.401375005952999
"035036",4,0.636818656697834,0.448355541564458
"037038",4,0.426073885522792,0.329009402543379
"039040",4,0.492983482778115,0.289831806905554
"041042",4,0.43188119400298,0.36377351265398
"043044",4,0.467417368665308,0.385123000480252
"045046",4,0.371270555071549,0.402097458019864
"047048",4,0.448562063276826,0.383332499302901
"049050",4,0.349547945894272,0.257712497375893
"051052",4,0.319161149673147,0.351249833591194
"053054",4,0.385351368226131,0.315991458483015
"055056",4,0.441490641795036,0.442347273230601
"057058",4,0.358202579431257,0.35569903161377
"061062",4,0.375836832448812,0.31348068546502
"063064",4,0.489398907870045,0.41878770664339
"065066",4,0.405211310833748,0.378001216799038
"067068",4,0.51938732061531,0.476820676587511
"069070",4,0.520813569426487,0.366787537932369
"071072",4,0.41613570693879,0.436906843446129
"075076",4,0.384764616377589,0.259190402925049
"077078",4,0.41248769871884,0.402306742034837
"081082",4,0.457690847106217,0.403434745967392
"083084",4,0.339740458875917,0.253308895975395
"087088",4,0.369559205137198,0.327504415065002
"089090",4,0.530132794752772,0.537424478679877
"093094",4,0.393520358018599,0.363083533942692
"097098",4,0.360597006976625,0.328702880069652
"099100",4,0.362398011609946,0.334321434609622
"101102",4,0.489615871571053,0.497475558891926
"103104",4,0.415172431617919,0.325704895891257
"105106",4,0.279431268572791,0.323967766948103
"107108",4,0.521567834541174,0.389226628467424
"109110",4,0.598534245975307,0.404084871523094
"113114",4,0.377103500068199,0.373999342322363
"119120",4,0.532091994769893,0.372424950823192
"121122",4,0.503323150798616,0.331154966726861
"123124",4,0.504754990339317,0.336126899346707
"125126",4,0.393419303931292,0.322929251007767
"127128",4,0.459596483036879,0.451333074830479
"129130",4,0.453988094814103,0.269791159778821
"131132",4,0.458508586510964,0.484847642481279
"133134",4,0.407714831642772,0.339401518926104
"135136",4,0.44517998769878,0.3457728801295
"137138",4,0.482304212637198,0.405536503531062
"141142",4,0.381751944310948,0.370987121947089
"143144",4,0.522477275691902,0.371383597143036
"145146",4,0.530208821408453,0.389465556480008
"147148",4,0.391118036583014,0.309010702185364
"149150",4,0.405081597156812,0.329453255981191
"151152",4,0.437589011155067,0.367230160161822
"153154",4,0.37763671670114,0.3503525350243
"155156",4,0.447290929965714,0.353255376219744
"157158",4,0.501467051915807,0.344341982155995
"001002",5,0.657824179157638,0.385652314871597
"003004",5,0.6444898378105,0.43272388447081
"005006",5,0.339728224091141,0.380751404911248
"007008",5,0.411658101715114,0.35363565478477
"009010",5,0.487332588993066,0.418440935201969
"011012",5,0.404219509102338,0.381318950094245
"013014",5,0.263877787627225,0.305756973102685
"015016",5,0.391997642815099,0.371217697858838
"017018",5,0.639623149298192,0.550380823202433
"019020",5,0.493578353896728,0.344682424329166
"021022",5,0.413346550427432,0.422312228009172
"023024",5,0.594193151220594,0.458045246079562
"025026",5,0.404377584345646,0.333848873153397
"027028",5,0.581108529120657,0.49971882347021
"029030",5,0.361608509905659,0.311507581733176
"031032",5,0.336899790912901,0.337105568498328
"033034",5,0.405588204041049,0.399276695214224
"035036",5,0.524791724048553,0.423399458639363
"037038",5,0.438453874550734,0.398774914443464
"039040",5,0.565140506252634,0.332152553834026
"041042",5,0.579192331992073,0.387657065875776
"043044",5,0.411503155715741,0.342353090643824
"045046",5,0.415271316654957,0.370785581879397
"047048",5,0.453178502619368,0.37947055324908
"049050",5,0.378837279044047,0.345293437130686
"051052",5,0.407018478959775,0.376407519914214
"053054",5,0.424028703942922,0.259278790093985
"055056",5,0.411274938844154,0.467952654697041
"057058",5,0.36066217813639,0.318911155685769
"061062",5,0.370751690119493,0.34553033672277
"063064",5,0.550015049055246,0.482919214293358
"065066",5,0.482447214424588,0.383513206616011
"067068",5,0.573113408871005,0.527308247983491
"069070",5,0.372809674590868,0.410607676953098
"071072",5,0.412196735851506,0.524228344671451
"075076",5,0.454348710365553,0.255230706185084
"077078",5,0.447358422912661,0.463479275815191
"081082",5,0.316004982218151,0.342797428369503
"083084",5,0.441273324191526,0.275714616291277
"087088",5,0.448545934632401,0.384272313676714
"089090",5,0.455701437778836,0.365421929396663
"093094",5,0.50282819010316,0.438341736793521
"097098",5,0.344043370336309,0.326344825327386
"099100",5,0.649970278143906,0.47283036448063
"101102",5,0.390525406226531,0.433245368301782
"103104",5,0.357754477299786,0.386408766731674
"105106",5,0.250474567525097,0.387718726880875
"107108",5,0.494925568811674,0.419449022971044
"109110",5,0.521874782629287,0.415588709525794
"113114",5,0.351378475315861,0.366195330396327
"119120",5,0.391408764757275,0.386788359843212
"121122",5,0.440298997796975,0.309730651788456
"123124",5,0.609556838870031,0.395531206391781
"125126",5,0.320301054976904,0.356035429052948
"127128",5,0.583124832250229,0.506637093611061
"129130",5,0.441097071394243,0.308828748762598
"131132",5,0.502691103145425,0.364906191825845
"133134",5,0.329611118882875,0.321393124759262
"135136",5,0.317776605486859,0.365630662068691
"137138",5,0.450634193606636,0.429892459884255
"141142",5,0.316718370653687,0.361288910731719
"143144",5,0.653246393427303,0.505108090117547
"145146",5,0.324689612723933,0.412227764725688
"147148",5,0.344539255835099,0.268242636695475
"149150",5,0.582814440131223,0.442499999888229
"151152",5,0.607841587625408,0.420995454303928
"153154",5,0.373113906010995,0.350526969879879
"155156",5,0.545602247118987,0.323806488886478
"157158",5,0.555960960686232,0.360089131630925
"001002",6,0.444576148875077,0.329342237673671
"003004",6,0.597937725484291,0.381125449202979
"005006",6,0.302494824863952,0.282184802927089
"007008",6,0.423902571201323,0.366098091937612
"009010",6,0.466597571969058,0.380528537556583
"011012",6,0.321805944666244,0.343775310553569
"013014",6,0.266413646750141,0.28617016877979
"015016",6,0.382688834331932,0.353010756894911
"017018",6,0.570612010546087,0.371284166351021
"019020",6,0.349774345755531,0.326986476778971
"021022",6,0.433438974432651,0.393480452708982
"023024",6,0.613544841296923,0.507453504018506
"025026",6,0.391647364944167,0.386612373404207
"027028",6,0.526943836361161,0.425221757963311
"029030",6,0.412315918132624,0.299039263278248
"031032",6,0.328454008325959,0.328982074745027
"033034",6,0.373901296407082,0.3194057168439
"035036",6,0.468386257067243,0.414595510810634
"037038",6,0.402564061805585,0.36855939589444
"039040",6,0.457260444760376,0.328491699881865
"041042",6,0.45003188960254,0.373720652423787
"043044",6,0.363861013203902,0.339671405032275
"045046",6,0.381333306431748,0.321510867215639
"047048",6,0.440360079519483,0.377912262454634
"049050",6,0.342528504319545,0.245430086739356
"051052",6,0.445504964329321,0.306664578616586
"053054",6,0.370154071599209,0.24843717738987
"055056",6,0.380668381229014,0.386487474665073
"057058",6,0.337002299725955,0.284800384193665
"061062",6,0.386129980906826,0.323939254507357
"063064",6,0.393695595674308,0.39705687575039
"065066",6,0.467042779549917,0.380381935276041
"067068",6,0.510160906240327,0.532053034752643
"069070",6,0.447601635940402,0.30626338254658
"071072",6,0.474180250428631,0.431586219929177
"075076",6,0.415539329871614,0.279985502362235
"077078",6,0.394025499932564,0.371791826561103
"081082",6,0.313625434413479,0.316387402825077
"083084",6,0.388563341461182,0.23862975090753
"087088",6,0.376719990745126,0.353105243295513
"089090",6,0.390363298356615,0.328758618794354
"093094",6,0.411385255865752,0.323316066525842
"097098",6,0.338390338234593,0.302117212675557
"099100",6,0.445792361162666,0.334071012213817
"101102",6,0.413423757068839,0.438684068620264
"103104",6,0.553049240261222,0.355707924813062
"105106",6,0.263408265076559,0.319051713682761
"107108",6,0.503506695851696,0.464133203029663
"109110",6,0.681598381139401,0.381544438190781
"113114",6,0.421836231835208,0.363488615490517
"119120",6,0.396776040084665,0.355655463412397
"121122",6,0.398141936399041,0.306029062718152
"123124",6,0.564330289140384,0.370048097334756
"125126",6,0.36429202556616,0.298354456201221
"127128",6,0.416239879094052,0.373228443786557
"129130",6,0.383409655652878,0.300590755417974
"131132",6,0.425586479716086,0.388041201047551
"133134",6,0.369627070613211,0.362624214030766
"135136",6,0.300790502689781,0.302833904512207
"137138",6,0.368173616006983,0.377150681801199
"141142",6,0.347643068060252,0.338521274737954
"143144",6,0.60163526143877,0.489330729469697
"145146",6,0.407775356434297,0.34642518404877
"147148",6,0.378193936310725,0.261679747141905
"149150",6,0.377183622680661,0.291891236789538
"151152",6,0.383812681771822,0.321391225792458
"153154",6,0.356156710535287,0.404696015641026
"155156",6,0.495670337229982,0.314389199018469
"157158",6,0.535690128803273,0.31167931947853
"001002",7,0.54162084870034,0.326956705190266
"003004",7,0.564801443368183,0.477968263439784
"005006",7,0.535216847434625,0.294786653481427
"007008",7,0.397851744666692,0.387598402798171
"009010",7,0.520376912318145,0.362291431985781
"011012",7,0.361929175443986,0.362042385153448
"013014",7,0.293622719123942,0.331259208731331
"015016",7,0.391916763968787,0.323950623162065
"017018",7,0.499544172547712,0.412245925515874
"019020",7,0.388728340156443,0.338568794541085
"021022",7,0.466020978055878,0.556353713385772
"023024",7,0.494856697507177,0.511671868152923
"025026",7,0.387927943840587,0.405348420143125
"027028",7,0.473302019759994,0.465372484177381
"029030",7,0.421230647712943,0.338825667277004
"031032",7,0.484804280102262,0.35502758249644
"033034",7,0.409865822643068,0.370529166422802
"035036",7,0.473722293972953,0.372438765130875
"037038",7,0.379920202307401,0.323202448897029
"039040",7,0.44465626683087,0.351516001857756
"041042",7,0.400606448762127,0.364849718287517
"043044",7,0.401975343003857,0.359787553548822
"045046",7,0.436287089250932,0.40737158898267
"047048",7,0.448945860378428,0.371372381225235
"049050",7,0.328443907201295,0.28691919427368
"051052",7,0.317415223456901,0.332301170565209
"053054",7,0.556644608266708,0.287786255590584
"055056",7,0.493533081375027,0.496578551828844
"057058",7,0.368436092510816,0.333369243889999
"061062",7,0.415079056285317,0.373517606407447
"063064",7,0.517729112878467,0.518733007833296
"065066",7,0.409391764551364,0.414889365434671
"067068",7,0.477464477531688,0.521297818981124
"069070",7,0.400715347379468,0.347058073617531
"071072",7,0.41726841125637,0.434589023701787
"075076",7,0.477894819341592,0.265796446241438
"077078",7,0.38638746645299,0.408596979454166
"081082",7,0.369872965849865,0.343858967535189
"083084",7,0.521797180175777,0.307314438745422
"087088",7,0.497234478592871,0.431048426777136
"089090",7,0.433671753853535,0.382543340325361
"093094",7,0.419828279875223,0.278663715347617
"097098",7,0.315484392456692,0.360493686050202
"099100",7,0.609362139366596,0.412331904284664
"101102",7,0.427367147989552,0.442154284566672
"103104",7,0.397525981068599,0.355998132377885
"105106",7,0.326517245732239,0.336145798675705
"107108",7,0.543239012360574,0.404497964307645
"109110",7,0.62339713051922,0.522992259822743
"113114",7,0.412859444506484,0.403704152442547
"119120",7,0.457827798090905,0.328432454727593
"121122",7,0.540153002366431,0.348586844280284
"123124",7,0.400933915749125,0.37667828239499
"125126",7,0.350569991394893,0.388824033550933
"127128",7,0.546718852594511,0.412110541947196
"129130",7,0.425994566641752,0.384185970760933
"131132",7,0.490998215973354,0.450458155944949
"133134",7,0.346146466210482,0.416176988743222
"135136",7,0.367538257502016,0.353519425727431
"137138",7,0.438019305467642,0.454068328253907
"141142",7,0.396774262189819,0.368157854303714
"143144",7,0.515989418141566,0.40102666523308
"145146",7,0.440563199110343,0.376171021722332
"147148",7,0.34601721353827,0.263178871944528
"149150",7,0.424029245972724,0.337789376266328
"151152",7,0.359617425128895,0.362888678908372
"153154",7,0.46888190694153,0.351258188486096
"155156",7,0.54088489338758,0.356053340248765
"157158",7,0.475133063271594,0.334454416297366
"001002",8,0.415546245873002,0.379717086441808
"003004",8,0.60196840390554,0.444344933144745
"005006",8,0.376601011492236,0.265343903563911
"007008",8,0.447110251523584,0.419091935269511
"009010",8,0.486511792056301,0.371852035634183
"011012",8,0.400402517057955,0.363994250073983
"013014",8,0.30675129313021,0.310418529436045
"015016",8,0.613556481897669,0.329693589359516
"017018",8,0.436756657436484,0.405938007868792
"019020",8,0.422347743995519,0.333348926156798
"021022",8,0.420069777406779,0.404519422911094
"023024",8,0.58677532523875,0.540484399534777
"025026",8,0.494558076374233,0.469522018916979
"027028",8,0.568713142536552,0.53893969580526
"029030",8,0.443709544837416,0.297408253885832
"031032",8,0.37889264151451,0.377007791772448
"033034",8,0.379332465119722,0.385861156508317
"035036",8,0.607132521457968,0.418662873096677
"037038",8,0.477143097668855,0.344877279363596
"039040",8,0.464184107258936,0.38658611103894
"041042",8,0.437056682072577,0.411552892997806
"043044",8,0.422112474218047,0.412156275473541
"045046",8,0.39452181849629,0.354001240804799
"047048",8,0.448707317002135,0.396035268902806
"049050",8,0.359179338440322,0.30635808594521
"051052",8,0.369978388771416,0.379921041429038
"053054",8,0.409745177254074,0.307720251381437
"055056",8,0.486028817482316,0.396461294963989
"057058",8,0.42000619228931,0.296659681014672
"061062",8,0.361531515605658,0.375050229951733
"063064",8,0.628515889868156,0.512776276096652
"065066",8,0.403865461237725,0.337551536038573
"067068",8,0.469276650808774,0.490257768891733
"069070",8,0.499514387920563,0.44563007541001
"071072",8,0.351397003047141,0.418631114996968
"075076",8,0.400030540302371,0.26212990749628
"077078",8,0.374662740156091,0.335186243057229
"081082",8,0.361821553669841,0.366082097403694
"083084",8,0.385570352897031,0.250682421028632
"087088",8,0.410242646932583,0.39105889759962
"089090",8,0.40712565835569,0.36683764867478
"093094",8,0.492584010586174,0.323140125721667
"097098",8,0.336924583651137,0.377233769744665
"099100",8,0.487473558634522,0.398808765225151
"101102",8,0.451772272586877,0.42961538489916
"103104",8,0.399183719418989,0.382033179514116
"105106",8,0.259800830855917,0.400583756156277
"107108",8,0.533772496506433,0.408623768016691
"109110",8,0.581353644840427,0.403479094617022
"113114",8,0.454260257072763,0.364023103378732
"119120",8,0.438720449805296,0.354537089355291
"121122",8,0.480611303821204,0.317742037586879
"123124",8,0.553552361205227,0.367115801200212
"125126",8,0.338008880615261,0.366062324494109
"127128",8,0.45049782935534,0.431674009189051
"129130",8,0.615747386589655,0.287941602990027
"131132",8,0.500693641603005,0.367182465270162
"133134",8,0.37305890675632,0.375252885743969
"135136",8,0.330885600298631,0.363526540808421
"137138",8,0.401829858310549,0.400683325715355
"141142",8,0.411823439411807,0.349845696240639
"143144",8,0.488138872198792,0.401471755467394
"145146",8,0.407748402096338,0.356293505989078
"147148",8,0.379881588742182,0.338926057331233
"149150",8,0.446079992689213,0.38463847525414
"151152",8,0.388583585619906,0.3191750179976
"153154",8,0.417743625119317,0.398389665409916
"155156",8,0.639632511883969,0.36818440444763
"157158",8,0.529424823820558,0.308985359035354
"001002",9,0.539294810965701,0.272251766175052
"003004",9,0.580069169402109,0.376146391034062
"005006",9,0.309820440597848,0.301218565553412
"007008",9,0.427365080453473,0.340781760402027
"009010",9,0.457103592343604,0.414567739702746
"011012",9,0.367512068711252,0.382241293787948
"013014",9,0.356566118076501,0.37646509055046
"015016",9,0.407498881220783,0.294214007444669
"017018",9,0.447321483865381,0.39435735810546
"019020",9,0.39678012579676,0.341491685248897
"021022",9,0.364636391401364,0.441902992315604
"023024",9,0.566581845283514,0.504145268350829
"025026",9,0.574356490746116,0.397370752878507
"027028",9,0.406282436102629,0.473080491647121
"029030",9,0.410607811063482,0.268810231238647
"031032",9,0.410418230108891,0.350369014777249
"033034",9,0.385820072144266,0.386416612192948
"035036",9,0.511630586348444,0.419726226478853
"037038",9,0.41700931731614,0.355432751588437
"039040",9,0.452854853123451,0.319850144907857
"041042",9,0.467499948106694,0.407575584016716
"043044",9,0.367923144251097,0.352547458372958
"045046",9,0.382292035967047,0.357420512475099
"047048",9,0.442022736184265,0.349986094050041
"049050",9,0.310397827066507,0.219543682411326
"051052",9,0.34239751566203,0.317132238298651
"053054",9,0.405496809631604,0.277451486326755
"055056",9,0.42660389188671,0.532369023188927
"057058",9,0.383803235366994,0.297470775432857
"061062",9,0.356818532571209,0.319115757942201
"063064",9,0.603794274851727,0.510098888538767
"065066",9,0.377020142972437,0.332343148998926
"067068",9,0.430737917311532,0.402588028460694
"069070",9,0.495029852725635,0.306514175608826
"071072",9,0.342762768268552,0.355690391734209
"075076",9,0.395460022613396,0.285862107761202
"077078",9,0.478946450166406,0.370882266201116
"081082",9,0.378568153828381,0.345221569761632
"083084",9,0.354426035657531,0.267255045473602
"087088",9,0.396375362761303,0.338136591948541
"089090",9,0.351988940499713,0.38748266734187
"093094",9,0.354720115661576,0.35904390458015
"097098",9,0.346459436230406,0.393948087468787
"099100",9,0.425623505376303,0.362358059734156
"101102",9,0.436714291572511,0.455887056887157
"103104",9,0.358271702192743,0.368364606983949
"105106",9,0.31480324082076,0.350894541479626
"107108",9,0.466357335448276,0.387707809917601
"109110",9,0.582508221268725,0.535090602934287
"113114",9,0.428448067978058,0.380480840802187
"119120",9,0.41432938072835,0.352793072350344
"121122",9,0.425132673233793,0.361765796318702
"123124",9,0.448394959792419,0.394128888845412
"125126",9,0.331480957567732,0.307163557969053
"127128",9,0.438829136081049,0.380426160991203
"129130",9,0.419723712839131,0.290667274966818
"131132",9,0.382514760829449,0.364284190349308
"133134",9,0.36378931812937,0.350630166009069
"135136",9,0.35060190688819,0.338481532409771
"137138",9,0.388782726600725,0.398845824412989
"141142",9,0.407763531431544,0.363102030940276
"143144",9,0.416265330277397,0.376207116059925
"145146",9,0.348481349647025,0.38063106779006
"147148",9,0.309299824759299,0.262768466956854
"149150",9,0.422437792643903,0.333207578398276
"151152",9,0.382484104484336,0.349558199755878
"153154",9,0.33396232593813,0.338277500122799
"155156",9,0.448714124970094,0.322129082866
"157158",9,0.533738300204349,0.324996784329359
"001002",10,0.564181016758063,0.345109971240111
"003004",10,0.529838737100384,0.428381139412513
"005006",10,0.338151455856881,0.327353448607099
"007008",10,0.52132792677731,0.40652658883478
"009010",10,0.455133357085228,0.368090837262571
"011012",10,0.380524754524268,0.359498374164085
"013014",10,0.285348432138555,0.334541684016576
"015016",10,0.517596835270528,0.323483481071906
"017018",10,0.393058122135677,0.39123260416089
"019020",10,0.414197667501877,0.381040368229131
"021022",10,0.475551749579546,0.402142918668745
"023024",10,0.551455592736572,0.463937779888472
"025026",10,0.394566142931602,0.370410270057576
"027028",10,0.603592231869764,0.564969222992667
"029030",10,0.564137347042562,0.341087116859864
"031032",10,0.462835975922608,0.398581242188833
"033034",10,0.469850540161115,0.36801840830596
"035036",10,0.589925706386572,0.482238272205027
"037038",10,0.519335281103834,0.377454909496055
"039040",10,0.593617035076093,0.382788500748603
"041042",10,0.492098003625838,0.420875398442143
"043044",10,0.489675017073799,0.354705789126449
"045046",10,0.552836354821812,0.366451917216132
"047048",10,0.585265137255187,0.479559474624647
"049050",10,0.352675296366156,0.284405153244738
"051052",10,0.428211534395843,0.351463780738412
"053054",10,0.450800190679783,0.297535056248265
"055056",10,0.440969446673839,0.434000763110777
"057058",10,0.401874758303161,0.288092543370984
"061062",10,0.460001481696983,0.347152528353046
"063064",10,0.608463538810665,0.406483604572719
"065066",10,0.41678228415547,0.393897677771713
"067068",10,0.516103879548649,0.476055051200132
"069070",10,0.380306150764183,0.306109934113946
"071072",10,0.539216533303224,0.481857002712766
"075076",10,0.51599936839196,0.289548828266588
"077078",10,0.458957310766006,0.361141675151902
"081082",10,0.451470545493006,0.34990480076527
"083084",10,0.403567350469518,0.252065853215809
"087088",10,0.523343638516903,0.454212818294776
"089090",10,0.597829760983616,0.438422130420799
"093094",10,0.394225204363458,0.383057989180053
"097098",10,0.284606127999725,0.326859574764972
"099100",10,0.544316770508844,0.350438405759694
"101102",10,0.478756635449859,0.498771675862421
"103104",10,0.429831100627759,0.322844097390803
"105106",10,0.261112873442404,0.391495852731185
"107108",10,0.434988617897038,0.405725500546381
"109110",10,0.599669844843413,0.452589038759432
"113114",10,0.450345006771457,0.348375899717241
"119120",10,0.443384441547106,0.436101171188027
"121122",10,0.515322903171181,0.506171882152546
"123124",10,0.617068585939674,0.360612414777337
"125126",10,0.500531913712588,0.346331253647757
"127128",10,0.654107241891353,0.398097058758224
"129130",10,0.518265170976526,0.240052468143389
"131132",10,0.596142752096073,0.508118051104282
"133134",10,0.520980406552531,0.464759703725635
"135136",10,0.302991542033847,0.316163691692087
"137138",10,0.588216617703415,0.403424132615321
"141142",10,0.413593186996988,0.428828710690107
"143144",10,0.570733658969402,0.40739791840317
"145146",10,0.507036314345944,0.334005078300834
"147148",10,0.333573922514918,0.286338409408918
"149150",10,0.372057330794643,0.352254556491984
"151152",10,0.382436287589432,0.315070246346291
"153154",10,0.425822761841098,0.42030206415804
"155156",10,0.434698191471444,0.39280463289467
"157158",10,0.568350123241537,0.316633624955986
"001002",11,0.484865180216745,0.289088631048818
"003004",11,0.506640290841437,0.444851233623897
"005006",11,0.375934951007338,0.349589019082464
"007008",11,0.482962366193572,0.425415255129322
"009010",11,0.482798667624636,0.366665127687199
"011012",11,0.379740267060714,0.37808372639121
"013014",11,0.338375128805609,0.336073177866635
"015016",11,0.38595957681538,0.303436183370696
"017018",11,0.479739583097423,0.369638293050236
"019020",11,0.490064993500709,0.40179756190626
"021022",11,0.373433858156236,0.427566773258107
"023024",11,0.544061873108138,0.501104857772633
"025026",11,0.401460098102735,0.470870063640225
"027028",11,0.564648867584719,0.561222716234662
"029030",11,0.457401211373539,0.304950874298781
"031032",11,0.434975925832984,0.336602807976367
"033034",11,0.491921153850842,0.431106631644114
"035036",11,0.484739964827919,0.384898195043241
"037038",11,0.390478484332573,0.352942234836514
"039040",11,0.571603683754906,0.332642099820065
"041042",11,0.596803352236732,0.466480641625757
"043044",11,0.628975775092872,0.433026005513984
"045046",11,0.377576878294315,0.338088062591866
"047048",11,0.584367189556392,0.399358808994327
"049050",11,0.406748683191888,0.272022574208582
"051052",11,0.30534903518855,0.320904371328596
"053054",11,0.383133272640428,0.242649355903245
"055056",11,0.420282937586334,0.397654689848443
"057058",11,0.423505646176693,0.364364063367259
"061062",11,0.394161815755077,0.342036033980516
"063064",11,0.482297636568589,0.397071007639187
"065066",11,0.520296223461572,0.403754065744565
"067068",11,0.482867971993915,0.489826768636751
"069070",11,0.449175983667365,0.325714583508625
"071072",11,0.422895095311161,0.396701931953414
"075076",11,0.533591188490419,0.241552596911832
"077078",11,0.385210496373504,0.363897467032069
"081082",11,0.3042777366936,0.358485803008089
"083084",11,0.403556961566202,0.27633001469073
"087088",11,0.390770457684935,0.388848099857528
"089090",11,0.515446694567797,0.332958580926056
"093094",11,0.425808018073427,0.305851439945385
"097098",11,0.321094982326049,0.294051066972324
"099100",11,0.519717119634072,0.429078238084972
"101102",11,0.464380554854837,0.443040957674408
"103104",11,0.408312150277221,0.355969056487121
"105106",11,0.344585505314096,0.355666318908324
"107108",11,0.537000869400776,0.490794782526745
"109110",11,0.634238788857969,0.574377122335109
"113114",11,0.459478407166919,0.421900806948504
"119120",11,0.513511599041565,0.329319191165256
"121122",11,0.410356055013842,0.334426846355307
"123124",11,0.546215809881638,0.400734580121947
"125126",11,0.450175139121763,0.379902072250844
"127128",11,0.548232657834973,0.359803035855281
"129130",11,0.389801061712141,0.30588700342924
"131132",11,0.484445380978272,0.395141543820483
"133134",11,0.358678142540191,0.325702074915219
"135136",11,0.323672330006932,0.292154689319469
"137138",11,0.397914067842098,0.367942892946311
"141142",11,0.342325598932839,0.353960842825473
"143144",11,0.516320070251853,0.394141459837587
"145146",11,0.451026926748432,0.362913095392253
"147148",11,0.554349923506406,0.27254055999225
"149150",11,0.505623437464263,0.356772979721426
"151152",11,0.379600221291142,0.29919386003165
"153154",11,0.379781959578441,0.457624359987783
"155156",11,0.541133888065789,0.392991664819329
"157158",11,0.662743882276114,0.292550130747189
"001002",12,0.562405225820899,0.447036287747324
"003004",12,0.576868787407875,0.512111383490256
"005006",12,0.375645876862063,0.29023233335471
"007008",12,0.42021260783077,0.336729242466407
"009010",12,0.482859943062053,0.349037587642651
"011012",12,0.318277435377248,0.3573333621025
"013014",12,0.288541723973999,0.297747170552503
"015016",12,0.557775793597044,0.437510702759015
"017018",12,0.700832463800924,0.534157276153567
"019020",12,0.387303424067769,0.311492255888847
"021022",12,0.468557366170027,0.470920996740471
"023024",12,0.542723288759558,0.479333845898521
"025026",12,0.616158613935112,0.517714580520971
"027028",12,0.462834666483138,0.60127107892193
"029030",12,0.505349520593875,0.351651356555593
"031032",12,0.469179769046651,0.435494705103418
"033034",12,0.437389696016875,0.363316208124171
"035036",12,0.530831654556063,0.385608580894796
"037038",12,0.387930981814891,0.373101759701947
"039040",12,0.436817927285999,0.35177062451837
"041042",12,0.415692562237366,0.381230598315624
"043044",12,0.504370309412466,0.436397481709681
"045046",12,0.449268391355884,0.341501393355502
"047048",12,0.432082198560215,0.349265805445636
"049050",12,0.401929763145694,0.270075813867162
"051052",12,0.270002669654827,0.323691054247333
"053054",12,0.476130237802954,0.241210783831777
"055056",12,0.510775087401263,0.473588804714374
"057058",12,0.332599529996517,0.281260876916308
"061062",12,0.353285045362962,0.361806660890585
"063064",12,0.457089180126817,0.491723422892437
"065066",12,0.361432981677369,0.326289546675974
"067068",12,0.488157428801065,0.419719768688116
"069070",12,0.470686496235521,0.30903392098843
"071072",12,0.455609729513516,0.472460607066766
"075076",12,0.648662108928049,0.278824387118207
"077078",12,0.43124277051538,0.375796636566513
"081082",12,0.342023941688229,0.285240590572363
"083084",12,0.36865908652547,0.238206775859025
"087088",12,0.333745840936945,0.374466732144385
"089090",12,0.430012101307485,0.391175569966454
"093094",12,0.38648397196077,0.333749379962717
"097098",12,0.331877250224359,0.307960146106806
"099100",12,0.609520408324969,0.390428311191521
"101102",12,0.443141548894294,0.452065506949983
"103104",12,0.535225117579026,0.356167281977854
"105106",12,0.343318760395098,0.412650866433955
"107108",12,0.461094726808336,0.372404542751584
"109110",12,0.574030200950829,0.393882684409661
"113114",12,0.460156299173884,0.409677987918307
"119120",12,0.460288800299201,0.342977665364717
"121122",12,0.45298406574875,0.334852518513797
"123124",12,0.540914477780514,0.341853467747567
"125126",12,0.36116427555683,0.292978754267113
"127128",12,0.535498387180265,0.472006521187734
"129130",12,0.429023439995876,0.272591163404256
"131132",12,0.440618692897279,0.381629030220207
"133134",12,0.381434112787272,0.380573136731988
"135136",12,0.359549551270876,0.35734217334539
"137138",12,0.373756241984598,0.453295210376416
"141142",12,0.363327195867921,0.31238049641252
"143144",12,0.473526371642882,0.426481617614643
"145146",12,0.444140966050327,0.336905276402835
"147148",12,0.291692854836626,0.267248334363117
"149150",12,0.483742604963507,0.315390870906453
"151152",12,0.429867106489822,0.323000033386167
"153154",12,0.509256054647308,0.380208441056263
"155156",12,0.417800840921634,0.307695584371662
"157158",12,0.534976945258702,0.306448342278591
"001002",13,0.428529300726984,0.377380286343402
"003004",13,0.536623040214125,0.435175226070022
"005006",13,0.296157796867176,0.277230698615283
"007008",13,0.433871052227908,0.394519492052495
"009010",13,0.414875466376433,0.339322419837102
"011012",13,0.393969591706922,0.461980009451538
"013014",13,0.301513941027239,0.31861944682885
"015016",13,0.393559289164795,0.362614983692698
"017018",13,0.430126312188773,0.404533250257381
"019020",13,0.376908356323781,0.357986729592094
"021022",13,0.451681282371302,0.397987674921767
"023024",13,0.600421762093859,0.411718307994297
"025026",13,0.426197693683243,0.361924731172659
"027028",13,0.517434515990324,0.429097479209281
"029030",13,0.447023265063683,0.319469072855991
"031032",13,0.37490833830092,0.347311818972219
"033034",13,0.34386025834834,0.359218957833947
"035036",13,0.552685132250156,0.380920939147449
"037038",13,0.398519620299366,0.416814989410361
"039040",13,0.532943436875906,0.410780685022482
"041042",13,0.5412111300975,0.368778326548625
"043044",13,0.402110920287699,0.355630923062562
"045046",13,0.453292055055458,0.397065862081952
"047048",13,0.483622210100312,0.367112962529127
"049050",13,0.308783515356475,0.278541481122344
"051052",13,0.349780273623662,0.401708824560035
"053054",13,0.393749921582615,0.337151366285967
"055056",13,0.45144930109378,0.456632661633156
"057058",13,0.427577639929941,0.319684811867745
"061062",13,0.485394936054921,0.342732490040422
"063064",13,0.385086400434423,0.440094776451615
"065066",13,0.422587404958882,0.384772527962866
"067068",13,0.489649803377722,0.525302356109026
"069070",13,0.409129938110739,0.316874817945096
"071072",13,0.467569855041765,0.402906890027147
"075076",13,0.402908069081582,0.267905049957322
"077078",13,0.367457695305365,0.399296205490839
"081082",13,0.432086708024173,0.366592845879491
"083084",13,0.376272397115855,0.317384027875948
"087088",13,0.37897621095173,0.364012692123692
"089090",13,0.503942482173469,0.444649172946823
"093094",13,0.495778089389125,0.343518002890022
"097098",13,0.347134144045379,0.354021625593364
"099100",13,0.414485732093449,0.323428384959744
"101102",13,0.450370135717073,0.473802318796469
"103104",13,0.524792598560469,0.29852175153788
"105106",13,0.233764136210125,0.382896710187191
"107108",13,0.526603538543,0.410381992347572
"109110",13,0.455415271222653,0.376064709387692
"113114",13,0.330689970403879,0.354120031930484
"119120",13,0.473435133695652,0.34621607698498
"121122",13,0.535076404921679,0.352235811762447
"123124",13,0.427670862525644,0.394655874930282
"125126",13,0.376854927279074,0.351328533142838
"127128",13,0.497654674574739,0.339385961182477
"129130",13,0.369895690120782,0.307341189123647
"131132",13,0.48031508922573,0.341273843310796
"133134",13,0.447909559123172,0.446330611593984
"135136",13,0.350369989871963,0.347829154692635
"137138",13,0.468687252141529,0.387190330773565
"141142",13,0.33612014167013,0.332365474663678
"143144",13,0.518010777421178,0.443632333539484
"145146",13,0.369965268298985,0.338534235954312
"147148",13,0.365074373781636,0.302764948457489
"149150",13,0.404393363744006,0.312837681733118
"151152",13,0.425143240019657,0.370302079245421
"153154",13,0.356932707130944,0.378916376270303
"155156",13,0.640472648665337,0.38237074669452
"157158",13,0.569365123286889,0.345105892978613
"001002",14,0.481492590159134,0.374379081651557
"003004",14,0.470155879855168,0.417121464386586
"005006",14,0.350601428188446,0.355261032469563
"007008",14,0.54114710446446,0.338219880126369
"009010",14,0.410613480955381,0.303976750932639
"011012",14,0.372699421830479,0.352327080443505
"013014",14,0.352613849565418,0.39352040365339
"015016",14,0.423524936661116,0.360942774452261
"017018",14,0.429283477365962,0.402694824151621
"019020",14,0.391819912940272,0.350610026158322
"021022",14,0.375050111673768,0.381195394322178
"023024",14,0.450336533598603,0.442762385122433
"025026",14,0.472851719707228,0.417912106961077
"027028",14,0.507411533035373,0.418943053111426
"029030",14,0.390632192604244,0.333782719448218
"031032",14,0.416442517191193,0.345090017653968
"033034",14,0.422058928757905,0.379369605332609
"035036",14,0.438000906258752,0.397748048417283
"037038",14,0.416388731449824,0.35857817530633
"039040",14,0.492383902892444,0.355849523097229
"041042",14,0.462304740212825,0.423166188411426
"043044",14,0.406411033123746,0.387553587555854
"045046",14,0.379328791052085,0.3849715208635
"047048",14,0.427891490980912,0.356585813686261
"049050",14,0.335955990478339,0.290806009434152
"051052",14,0.309732849709641,0.32294508162891
"053054",14,0.477199572138494,0.371311231516335
"055056",14,0.361864372156584,0.370713267475344
"057058",14,0.34711389895525,0.350590326823297
"061062",14,0.362714049406303,0.357457830570662
"063064",14,0.454200670123058,0.413559800013838
"065066",14,0.390278425067686,0.367451341822782
"067068",14,0.4609328303486,0.437473274767373
"069070",14,0.553745739161969,0.352223036810828
"071072",14,0.428730092011366,0.4307442381978
"075076",14,0.398928618989869,0.302273617126068
"077078",14,0.364578089676838,0.341288392432025
"081082",14,0.316560102626745,0.31449268665164
"083084",14,0.362922633066801,0.314085547812355
"087088",14,0.546765219420125,0.415815152227868
"089090",14,0.473937039263636,0.394758870825121
"093094",14,0.442974545061544,0.370349970646214
"097098",14,0.321972285397426,0.306940133683374
"099100",14,0.442793201655182,0.347036818973733
"101102",14,0.398852217011113,0.36489709373564
"103104",14,0.36497525963936,0.327102656476181
"105106",14,0.311569252982756,0.375193854793912
"107108",14,0.505707357078881,0.386906755156864
"109110",14,0.553800491616107,0.394033056683896
"113114",14,0.361689794808598,0.360446968115874
"119120",14,0.481885639019307,0.397281761281234
"121122",14,0.400154056958755,0.423350897617635
"123124",14,0.464015570469242,0.397358935326349
"125126",14,0.351349309086759,0.341302549466446
"127128",14,0.453577379696066,0.37338702753185
"129130",14,0.418099833652426,0.405523626133771
"131132",14,0.452672982588333,0.376534887589463
"133134",14,0.349012585356769,0.366207312792562
"135136",14,0.422468829900013,0.332814654335345
"137138",14,0.522709293290905,0.369329247623732
"141142",14,0.371247914619682,0.362960282713152
"143144",14,0.530396062880743,0.524023585952812
"145146",14,0.404698904603699,0.340130209922795
"147148",14,0.445538446307166,0.379668282344948
"149150",14,0.431594325229504,0.360693616792587
"151152",14,0.393961748108307,0.34235594701025
"153154",14,0.393764858134119,0.390621823258676
"155156",14,0.708919989876464,0.3767948374152
"157158",14,0.483805520459996,0.344794082455359
"001002",15,0.620117783546415,0.296694363467376
"003004",15,0.628986459225456,0.461917093023635
"005006",15,0.314893171191271,0.276895944029042
"007008",15,0.465594301931542,0.333622968755641
"009010",15,0.455927159637215,0.375073258765052
"011012",15,0.361160897649823,0.3929168675095
"013014",15,0.336108012124906,0.312830887734875
"015016",15,0.475029826164165,0.39149244409061
"017018",15,0.449538215063464,0.355755644850436
"019020",15,0.435031675733573,0.447161264717558
"021022",15,0.363197064958507,0.363087280653434
"023024",15,0.53696979861715,0.520316068083069
"025026",15,0.480529333464799,0.506607040762869
"027028",15,0.461208157241333,0.41131531167771
"029030",15,0.399619571864532,0.289963892660999
"031032",15,0.46114163566379,0.330126390792461
"033034",15,0.421878892928321,0.364952587522494
"035036",15,0.585633030161219,0.395864446647493
"037038",15,0.448570753447729,0.390573301352538
"039040",15,0.561720736324796,0.328774403780701
"041042",15,0.421725030057136,0.408776840195011
"043044",15,0.480390533804866,0.432229859754477
"045046",15,0.369936174713022,0.354932018555686
"047048",15,0.530288048088608,0.373351919464818
"049050",15,0.349440709687823,0.325823269784458
"051052",15,0.310026975348593,0.333197296597013
"053054",15,0.384376239962874,0.29474396165462
"055056",15,0.386941522359935,0.532861446030453
"057058",15,0.452262771315828,0.340130981989193
"061062",15,0.369289834052365,0.378461495973129
"063064",15,0.415977554395799,0.409714416600806
"065066",15,0.518179810605937,0.449895180761819
"067068",15,0.457596715539683,0.491040206514276
"069070",15,0.384229539893625,0.28900315146888
"071072",15,0.431568246334831,0.461606624536227
"075076",15,0.435462023131558,0.307795709930375
"077078",15,0.397505056112982,0.352874637581479
"081082",15,0.349319460801856,0.317528660409176
"083084",15,0.371175866573989,0.268635423854047
"087088",15,0.387979866005494,0.328620154410614
"089090",15,0.424037402495761,0.554010915569941
"093094",15,0.448578348383261,0.338543941266849
"097098",15,0.331310329027455,0.35444649029525
"099100",15,0.540009383112136,0.381052268669057
"101102",15,0.469605272635814,0.367965597659365
"103104",15,0.351122767664532,0.381075370125494
"105106",15,0.252699454314949,0.421626895666115
"107108",15,0.405530579388237,0.37213188875471
"109110",15,0.5391477271915,0.387628472410162
"113114",15,0.42176605109123,0.451119812205449
"119120",15,0.418464424088666,0.365278161130791
"121122",15,0.554175439290705,0.313838405534632
"123124",15,0.544323502108544,0.383683729916816
"125126",15,0.354114920832225,0.31910640001301
"127128",15,0.515290775336338,0.397864467464405
"129130",15,0.469562129117527,0.338852857239553
"131132",15,0.403344281949125,0.39937923103574
"133134",15,0.335341183468717,0.325402788817896
"135136",15,0.293802897445868,0.330292756669243
"137138",15,0.391002917662283,0.361666220240349
"141142",15,0.392094068229209,0.372525729239033
"143144",15,0.46062136441467,0.342446862719922
"145146",15,0.360967559740006,0.378446183167393
"147148",15,0.37720788456502,0.282504815608262
"149150",15,0.399275495670725,0.323002832010393
"151152",15,0.512098888866643,0.368664873763896
"153154",15,0.370443794876303,0.36949303280564
"155156",15,0.490148785523979,0.341075086966176
"157158",15,0.513807358220197,0.32621505390851
"001002",16,0.451559736393455,0.377252454869455
"003004",16,0.493817752227214,0.454159580171074
"005006",16,0.310989766381663,0.319466418586685
"007008",16,0.421260940842384,0.423710744827926
"009010",16,0.426777245476802,0.385670969262722
"011012",16,0.369432928040609,0.366178435273474
"013014",16,0.244246189482436,0.323002318851647
"015016",16,0.373200904578016,0.303996686823641
"017018",16,0.393324904143823,0.411092511378174
"019020",16,0.401997326873178,0.378978751599723
"021022",16,0.395322984084439,0.522395083680745
"023024",16,0.498887067660693,0.432795686647264
"025026",16,0.444730320014064,0.500021519139477
"027028",16,0.548917117528607,0.428432380780518
"029030",16,0.430762364529085,0.362479239702238
"031032",16,0.457436434924706,0.344141209498095
"033034",16,0.329366004094475,0.353157973848241
"035036",16,0.467759548686474,0.441999877802998
"037038",16,0.492817946709742,0.398400196805644
"039040",16,0.428439006209393,0.34597678389403
"041042",16,0.466950555332047,0.429319408722132
"043044",16,0.46273572649803,0.410520341247285
"045046",16,0.375645157881051,0.358778110705302
"047048",16,0.605758182704406,0.490869298577303
"049050",16,0.364918342791545,0.273927950300244
"051052",16,0.300410170108098,0.356944564729931
"053054",16,0.587592268362625,0.285917585715599
"055056",16,0.406975243240588,0.425860689952906
"057058",16,0.373984234407527,0.300672424957149
"061062",16,0.379573198035382,0.3872584076598
"063064",16,0.442716510966493,0.517893973737942
"065066",16,0.371867705136501,0.362073971889902
"067068",16,0.565237149596281,0.539381706155906
"069070",16,0.469392563216357,0.353280165232749
"071072",16,0.371129298582708,0.436609639786127
"075076",16,0.370668366551366,0.287588168866953
"077078",16,0.422555052675322,0.379869285970855
"081082",16,0.327916407026382,0.347466803155848
"083084",16,0.509454191662379,0.264399890787952
"087088",16,0.385071529075511,0.346391058526923
"089090",16,0.42733118217439,0.374061632901428
"093094",16,0.44205030519515,0.376933164894584
"097098",16,0.312978555448419,0.306776317767757
"099100",16,0.38765395991506,0.360752378590433
"101102",16,0.421546542085713,0.450803440064192
"103104",16,0.444163114763858,0.336080048233339
"105106",16,0.258178444579238,0.324895881116378
"107108",16,0.469352617859826,0.406922669149948
"109110",16,0.614777538925388,0.449853553436699
"113114",16,0.369118790142266,0.415099040605135
"119120",16,0.540578200481858,0.404746001586353
"121122",16,0.520840379409451,0.368926452472785
"123124",16,0.407066064886699,0.356356808915759
"125126",16,0.437805132940343,0.385444527491897
"127128",16,0.475002843886687,0.35471958480778
"129130",16,0.383079669438332,0.332274775020748
"131132",16,0.514731978997585,0.375894200056836
"133134",16,0.384121274575605,0.367371843196568
"135136",16,0.373560906387864,0.371822888962933
"137138",16,0.449586470611416,0.488876162096843
"141142",16,0.317096650600371,0.393644453957703
"143144",16,0.516019697301078,0.410144267603717
"145146",16,0.354839771986022,0.386211018078053
"147148",16,0.345653365366197,0.259689914062565
"149150",16,0.359958846121989,0.316923052072499
"151152",16,0.490913161076645,0.36387633066624
"153154",16,0.397910759784316,0.36416226066653
"155156",16,0.432207907550043,0.346536023542257
"157158",16,0.565429584123176,0.333851078525198
