"pair","target","pair_peaks","pair_gesture","pair_range","pair_transitions","postdist","predist"
"003004",1,19.5,14.1666666666667,0.219778,3.16666666666667,0.571806341409728,0.459540115669427
"003004",2,25.8333333333333,21.1666666666667,0.214421,3.66666666666667,0.513317309319964,0.36601544357838
"003004",3,36.3333333333333,23.5,0.243319,6.16666666666667,0.574199406430049,0.486322865821368
"003004",4,31.8333333333333,25.8333333333333,0.220220166666667,5.33333333333333,0.492546234279884,0.398002189584063
"003004",5,41,28.3333333333333,0.1996335,5.5,0.6444898378105,0.43272388447081
"003004",6,21.8333333333333,19.8333333333333,0.2579995,2.5,0.597937725484291,0.381125449202979
"003004",7,40,29,0.296888166666667,4.33333333333333,0.564801443368183,0.477968263439784
"003004",8,38.6666666666667,25.3333333333333,0.2453055,6.33333333333333,0.60196840390554,0.444344933144745
"003004",9,64.5,40.5,0.2502575,9.5,0.580069169402109,0.376146391034062
"003004",10,34.5,22,0.1581975,2.5,0.529838737100384,0.428381139412513
"003004",11,39.6666666666667,27.8333333333333,0.227476166666667,6.16666666666667,0.506640290841437,0.444851233623897
"003004",12,34.1666666666667,21,0.227669333333333,3.16666666666667,0.576868787407875,0.512111383490256
"003004",13,23,15.6666666666667,0.288989833333333,4.33333333333333,0.536623040214125,0.435175226070022
"003004",14,32.3333333333333,27.8333333333333,0.2565005,4.16666666666667,0.470155879855168,0.417121464386586
"003004",15,43.8333333333333,31.1666666666667,0.282116833333333,5.66666666666667,0.628986459225456,0.461917093023635
"003004",16,78.1666666666667,55.6666666666667,0.274941333333333,11.5,0.493817752227214,0.454159580171074
"005006",1,22.1666666666667,16.5,0.107322833333333,2.66666666666667,0.295658518560217,0.297625341452566
"005006",2,25.6666666666667,16.5,0.160235,3.16666666666667,0.337799386121326,0.3259788751602
"005006",3,23.3333333333333,22.3333333333333,0.147009333333333,1.5,0.304030168801482,0.273724114522341
"005006",4,24,21.8333333333333,0.144359833333333,3.16666666666667,0.370769767090669,0.340021082200112
"005006",5,37.8333333333333,26.5,0.139247666666667,4.5,0.339728224091141,0.380751404911248
"005006",6,37,23.1666666666667,0.1298765,2.33333333333333,0.302494824863952,0.282184802927089
"005006",7,13.6666666666667,19.1666666666667,0.118757333333333,1.66666666666667,0.535216847434625,0.294786653481427
"005006",8,49,32.1666666666667,0.155463,5.16666666666667,0.376601011492236,0.265343903563911
"005006",9,69.5,32.1666666666667,0.165600333333333,6.33333333333333,0.309820440597848,0.301218565553412
"005006",10,26.8333333333333,21.5,0.131288,2.33333333333333,0.338151455856881,0.327353448607099
"005006",11,28.8333333333333,21.5,0.112960666666667,2.5,0.375934951007338,0.349589019082464
"005006",12,26.3333333333333,19.5,0.1288115,1.66666666666667,0.375645876862063,0.29023233335471
"005006",13,20.6666666666667,13.8333333333333,0.0822355,2.66666666666667,0.296157796867176,0.277230698615283
"005006",14,23.1666666666667,22.5,0.115384666666667,2.66666666666667,0.350601428188446,0.355261032469563
"005006",15,35,22.8333333333333,0.150055,3.33333333333333,0.314893171191271,0.276895944029042
"005006",16,29.8333333333333,25.3333333333333,0.118215166666667,2.66666666666667,0.310989766381663,0.319466418586685
"007008",1,36.3333333333333,43,0.167408333333333,5.33333333333333,0.439046969637244,0.304054338485006
"007008",2,21,29.5,0.100093,2.5,0.466025583446019,0.348803542554317
"007008",3,24.6666666666667,27.3333333333333,0.147236833333333,3.83333333333333,0.457422998733778,0.334922134876298
"007008",4,19.6666666666667,26.3333333333333,0.1218015,2.83333333333333,0.54550027195361,0.465203881263748
"007008",5,35.3333333333333,38,0.1374445,4.16666666666667,0.411658101715114,0.35363565478477
"007008",6,30.6666666666667,36.3333333333333,0.126283,4.66666666666667,0.423902571201323,0.366098091937612
"007008",7,43.5,43.5,0.135361,4.66666666666667,0.397851744666692,0.387598402798171
"007008",8,37.1666666666667,42.5,0.101892333333333,5.33333333333333,0.447110251523584,0.419091935269511
"007008",9,103.333333333333,76.1666666666667,0.166849833333333,14,0.427365080453473,0.340781760402027
"007008",10,30.1666666666667,30.5,0.134791833333333,3.16666666666667,0.52132792677731,0.40652658883478
"007008",11,37.6666666666667,40.8333333333333,0.139977166666667,6,0.482962366193572,0.425415255129322
"007008",12,22.6666666666667,27.8333333333333,0.128138333333333,2.66666666666667,0.42021260783077,0.336729242466407
"007008",13,19.6666666666667,26.3333333333333,0.0981585,2.16666666666667,0.433871052227908,0.394519492052495
"007008",14,32.5,40.1666666666667,0.130566833333333,4.83333333333333,0.54114710446446,0.338219880126369
"007008",15,25,29.6666666666667,0.104506833333333,4.33333333333333,0.465594301931542,0.333622968755641
"007008",16,55.3333333333333,61,0.0930901666666667,5.83333333333333,0.421260940842384,0.423710744827926
"009010",1,24.6666666666667,23.8333333333333,0.151451833333333,2.33333333333333,0.494027661159721,0.356253188103368
"009010",2,34.8333333333333,32.3333333333333,0.174730833333333,2.83333333333333,0.506820382550318,0.402822838164813
"009010",3,33.1666666666667,31,0.134941666666667,2.33333333333333,0.428665982559377,0.352518044412166
"009010",4,28.1666666666667,31,0.144518166666667,3,0.429483287967754,0.341079827398044
"009010",5,30.6666666666667,25.8333333333333,0.136842666666667,2.66666666666667,0.487332588993066,0.418440935201969
"009010",6,53.6666666666667,40.8333333333333,0.194629166666667,7.66666666666667,0.466597571969058,0.380528537556583
"009010",7,32.8333333333333,38,0.186332333333333,2.66666666666667,0.520376912318145,0.362291431985781
"009010",8,53.6666666666667,42.6666666666667,0.135448833333333,5.66666666666667,0.486511792056301,0.371852035634183
"009010",9,61.3333333333333,56.5,0.192296666666667,5.33333333333333,0.457103592343604,0.414567739702746
"009010",10,37.6666666666667,27.3333333333333,0.197683333333333,3,0.455133357085228,0.368090837262571
"009010",11,39.3333333333333,34,0.1730695,3.66666666666667,0.482798667624636,0.366665127687199
"009010",12,42,33.3333333333333,0.187970666666667,3.33333333333333,0.482859943062053,0.349037587642651
"009010",13,31.3333333333333,29.6666666666667,0.208502,3.16666666666667,0.414875466376433,0.339322419837102
"009010",14,47.1666666666667,37,0.207983666666667,6,0.410613480955381,0.303976750932639
"009010",15,38.6666666666667,33.1666666666667,0.160130166666667,4.66666666666667,0.455927159637215,0.375073258765052
"009010",16,86.6666666666667,61.5,0.202020166666667,10.6666666666667,0.426777245476802,0.385670969262722
"013014",1,21,21,0.2478555,3.83333333333333,0.39667372405526,0.341961568221469
"013014",2,32.8333333333333,33.6666666666667,0.293836333333333,5.66666666666667,0.282932564616239,0.375122932717212
"013014",3,51,47.8333333333333,0.321716333333333,4.66666666666667,0.260339478030792,0.28365487884733
"013014",4,49.6666666666667,39,0.262735666666667,8,0.321313663385809,0.383806760422933
"013014",5,46.3333333333333,31.3333333333333,0.325223333333333,6.83333333333333,0.263877787627225,0.305756973102685
"013014",6,28.5,19.6666666666667,0.239359666666667,4.16666666666667,0.266413646750141,0.28617016877979
"013014",7,18.6666666666667,20.5,0.247672833333333,1.83333333333333,0.293622719123942,0.331259208731331
"013014",8,50.3333333333333,36.5,0.293973,5.83333333333333,0.30675129313021,0.310418529436045
"013014",9,39,46.8333333333333,0.262098,7,0.356566118076501,0.37646509055046
"013014",10,54.8333333333333,41.6666666666667,0.3161715,8.66666666666667,0.285348432138555,0.334541684016576
"013014",11,52.8333333333333,39.6666666666667,0.305463,9.16666666666667,0.338375128805609,0.336073177866635
"013014",12,46.5,35.8333333333333,0.274797333333333,7.16666666666667,0.288541723973999,0.297747170552503
"013014",13,37.1666666666667,33.1666666666667,0.292795166666667,5.66666666666667,0.301513941027239,0.31861944682885
"013014",14,17.3333333333333,20.5,0.259771,2.83333333333333,0.352613849565418,0.39352040365339
"013014",15,31.5,28.5,0.330177666666667,4.33333333333333,0.336108012124906,0.312830887734875
"013014",16,49.8333333333333,39.8333333333333,0.2914775,6,0.244246189482436,0.323002318851647
"015016",1,17.8333333333333,19.8333333333333,0.144036666666667,2.33333333333333,0.575749643146995,0.311636828817474
"015016",2,26,24,0.1701465,4.16666666666667,0.359165129251781,0.402267540805033
"015016",3,20.8333333333333,19.5,0.2511655,4.66666666666667,0.439519325271257,0.352732487954185
"015016",4,32.5,29.6666666666667,0.1649135,4.66666666666667,0.488489825278603,0.346401466988104
"015016",5,26.3333333333333,32.3333333333333,0.2012535,4,0.391997642815099,0.371217697858838
"015016",6,26.8333333333333,30.8333333333333,0.171695166666667,3.5,0.382688834331932,0.353010756894911
"015016",7,25.5,28.1666666666667,0.160119333333333,4.33333333333333,0.391916763968787,0.323950623162065
"015016",8,27.6666666666667,29,0.2165315,3,0.613556481897669,0.329693589359516
"015016",9,34.8333333333333,34,0.1661025,4.83333333333333,0.407498881220783,0.294214007444669
"015016",10,39.8333333333333,36.6666666666667,0.218953,6.16666666666667,0.517596835270528,0.323483481071906
"015016",11,37.1666666666667,39.1666666666667,0.178377166666667,5.16666666666667,0.38595957681538,0.303436183370696
"015016",12,14.6666666666667,20.6666666666667,0.1258065,1.66666666666667,0.557775793597044,0.437510702759015
"015016",13,28.5,31.3333333333333,0.1457625,3.66666666666667,0.393559289164795,0.362614983692698
"015016",14,33,32.6666666666667,0.176506,5.5,0.423524936661116,0.360942774452261
"015016",15,39.3333333333333,37.6666666666667,0.253058,6.66666666666667,0.475029826164165,0.39149244409061
"015016",16,51.6666666666667,42,0.2272005,5.83333333333333,0.373200904578016,0.303996686823641
"017018",1,34,32.5,0.182408333333333,2.33333333333333,0.454671255312725,0.390106447041
"017018",2,38.1666666666667,37.3333333333333,0.215691333333333,3,0.512313027866169,0.395038458518699
"017018",3,23,26.1666666666667,0.223578166666667,1.66666666666667,0.452569001354239,0.374557113274906
"017018",4,38.3333333333333,29.6666666666667,0.2055415,3,0.448848454281699,0.403135129250639
"017018",5,39,35.6666666666667,0.183112833333333,2,0.639623149298192,0.550380823202433
"017018",6,35.1666666666667,37,0.223243166666667,2.33333333333333,0.570612010546087,0.371284166351021
"017018",7,27.6666666666667,30.5,0.176639666666667,1.66666666666667,0.499544172547712,0.412245925515874
"017018",8,40,37.6666666666667,0.2094395,3.33333333333333,0.436756657436484,0.405938007868792
"017018",9,57.6666666666667,72.6666666666667,0.231099333333333,2.66666666666667,0.447321483865381,0.39435735810546
"017018",10,35.1666666666667,33,0.175235666666667,1.33333333333333,0.393058122135677,0.39123260416089
"017018",11,36.1666666666667,37.8333333333333,0.194721166666667,3.66666666666667,0.479739583097423,0.369638293050236
"017018",12,52.1666666666667,36.3333333333333,0.198498,3.66666666666667,0.700832463800924,0.534157276153567
"017018",13,23.3333333333333,24.1666666666667,0.163939,1.66666666666667,0.430126312188773,0.404533250257381
"017018",14,32.3333333333333,33.5,0.1875475,2,0.429283477365962,0.402694824151621
"017018",15,37.5,34.6666666666667,0.223250833333333,2.66666666666667,0.449538215063464,0.355755644850436
"017018",16,47.3333333333333,39.8333333333333,0.197720333333333,3.66666666666667,0.393324904143823,0.411092511378174
"019020",1,24.3333333333333,28.6666666666667,0.149262666666667,2.33333333333333,0.526615163311447,0.377213527448426
"019020",2,27.6666666666667,20.3333333333333,0.175478833333333,3.16666666666667,0.448059475980682,0.379322865977831
"019020",3,30.3333333333333,22.8333333333333,0.139621666666667,4.5,0.345520813949328,0.31405662745235
"019020",4,34.1666666666667,32.5,0.219816166666667,5.33333333333333,0.403017858974614,0.353853856213344
"019020",5,29.3333333333333,27.3333333333333,0.1604095,3.83333333333333,0.493578353896728,0.344682424329166
"019020",6,37.6666666666667,32.5,0.146693166666667,5.33333333333333,0.349774345755531,0.326986476778971
"019020",7,32.6666666666667,22.6666666666667,0.166926666666667,4.83333333333333,0.388728340156443,0.338568794541085
"019020",8,57.6666666666667,44.6666666666667,0.245051333333333,6.16666666666667,0.422347743995519,0.333348926156798
"019020",9,45.5,49,0.185106,5.33333333333333,0.39678012579676,0.341491685248897
"019020",10,33.6666666666667,26.1666666666667,0.1761595,4.33333333333333,0.414197667501877,0.381040368229131
"019020",11,34.8333333333333,18.8333333333333,0.183519833333333,4,0.490064993500709,0.40179756190626
"019020",12,57.3333333333333,49.5,0.218877333333333,4.66666666666667,0.387303424067769,0.311492255888847
"019020",13,32.3333333333333,23.5,0.132430666666667,4.83333333333333,0.376908356323781,0.357986729592094
"019020",14,37,30.5,0.172331666666667,3.16666666666667,0.391819912940272,0.350610026158322
"019020",15,40.5,37,0.212286333333333,6.33333333333333,0.435031675733573,0.447161264717558
"019020",16,55.5,39.8333333333333,0.187529666666667,6.83333333333333,0.401997326873178,0.378978751599723
"021022",1,40.5,27.6666666666667,0.195267666666667,3,0.408993185497838,0.375659819692412
"021022",2,40.8333333333333,28.8333333333333,0.2111355,4.5,0.36820515058937,0.45683932211258
"021022",3,29.1666666666667,27.1666666666667,0.125398833333333,3.16666666666667,0.385332601144938,0.404372042976311
"021022",4,61.6666666666667,38.1666666666667,0.234519333333333,7.33333333333333,0.441077880561349,0.411378497257799
"021022",5,54,42.8333333333333,0.175579,4,0.413346550427432,0.422312228009172
"021022",6,29,20.1666666666667,0.244154833333333,2.33333333333333,0.433438974432651,0.393480452708982
"021022",7,49.8333333333333,38,0.168417666666667,3.66666666666667,0.466020978055878,0.556353713385772
"021022",8,52,38,0.196916166666667,4.5,0.420069777406779,0.404519422911094
"021022",9,101,73,0.221287333333333,9.5,0.364636391401364,0.441902992315604
"021022",10,56.1666666666667,46.8333333333333,0.1937885,4.66666666666667,0.475551749579546,0.402142918668745
"021022",11,47.1666666666667,35.5,0.262672,6,0.373433858156236,0.427566773258107
"021022",12,45.8333333333333,34,0.160245166666667,4.16666666666667,0.468557366170027,0.470920996740471
"021022",13,43.6666666666667,35,0.159939166666667,4.66666666666667,0.451681282371302,0.397987674921767
"021022",14,35.8333333333333,29.5,0.186943833333333,4.5,0.375050111673768,0.381195394322178
"021022",15,33.1666666666667,28.1666666666667,0.173766833333333,4,0.363197064958507,0.363087280653434
"021022",16,48.6666666666667,36.8333333333333,0.202139,4.33333333333333,0.395322984084439,0.522395083680745
"025026",1,30.1666666666667,36.1666666666667,0.174479833333333,1.83333333333333,0.351556484587577,0.368395184166793
"025026",2,12.5,16.3333333333333,0.135708833333333,1.83333333333333,0.4341650344431,0.440046470612315
"025026",3,19.6666666666667,21.8333333333333,0.174806,1.83333333333333,0.396341818384771,0.425631199032131
"025026",4,83.8333333333333,69.3333333333333,0.246942666666667,6.83333333333333,0.414302308112433,0.380731606855989
"025026",5,36.8333333333333,44.6666666666667,0.122268833333333,3,0.404377584345646,0.333848873153397
"025026",6,29.8333333333333,30.5,0.149365,3.33333333333333,0.391647364944167,0.386612373404207
"025026",7,28,27.5,0.184088,3,0.387927943840587,0.405348420143125
"025026",8,46.1666666666667,46.5,0.155836833333333,5.33333333333333,0.494558076374233,0.469522018916979
"025026",9,36.1666666666667,38.8333333333333,0.148431666666667,3.5,0.574356490746116,0.397370752878507
"025026",10,43.6666666666667,37.3333333333333,0.171429666666667,4.16666666666667,0.394566142931602,0.370410270057576
"025026",11,30.3333333333333,33.3333333333333,0.150147,2.33333333333333,0.401460098102735,0.470870063640225
"025026",12,23,23.1666666666667,0.1666625,2.83333333333333,0.616158613935112,0.517714580520971
"025026",13,27.8333333333333,28.3333333333333,0.1687645,2.33333333333333,0.426197693683243,0.361924731172659
"025026",14,32.1666666666667,31.6666666666667,0.159072166666667,3.83333333333333,0.472851719707228,0.417912106961077
"025026",15,34.8333333333333,38.5,0.1793115,3.33333333333333,0.480529333464799,0.506607040762869
"025026",16,75,70.5,0.200082833333333,6.5,0.444730320014064,0.500021519139477
"027028",1,25.1666666666667,19.6666666666667,0.1937245,3,0.522332281805627,0.411009113304338
"027028",2,27.6666666666667,20.3333333333333,0.201770166666667,3,0.411733508110041,0.538394539617026
"027028",3,19.3333333333333,21.5,0.1445715,2.66666666666667,0.45708458404985,0.416869690641786
"027028",4,30.8333333333333,22.1666666666667,0.1602705,3.33333333333333,0.472221870906671,0.401767811737963
"027028",5,41.1666666666667,34.3333333333333,0.200222333333333,4.33333333333333,0.581108529120657,0.49971882347021
"027028",6,40,27.6666666666667,0.182031666666667,4.66666666666667,0.526943836361161,0.425221757963311
"027028",7,53,39,0.226796166666667,6,0.473302019759994,0.465372484177381
"027028",8,58.5,45.1666666666667,0.207157166666667,5.66666666666667,0.568713142536552,0.53893969580526
"027028",9,50.3333333333333,36.6666666666667,0.2283735,5.16666666666667,0.406282436102629,0.473080491647121
"027028",10,21,18.1666666666667,0.182683833333333,2.16666666666667,0.603592231869764,0.564969222992667
"027028",11,78.6666666666667,63,0.245577833333333,9.16666666666667,0.564648867584719,0.561222716234662
"027028",12,41.5,34,0.249362666666667,4.66666666666667,0.462834666483138,0.60127107892193
"027028",13,20.8333333333333,19.3333333333333,0.196832666666667,2,0.517434515990324,0.429097479209281
"027028",14,24.1666666666667,20.6666666666667,0.189976166666667,2.83333333333333,0.507411533035373,0.418943053111426
"027028",15,27.3333333333333,24.1666666666667,0.248137166666667,4,0.461208157241333,0.41131531167771
"027028",16,63.1666666666667,46.3333333333333,0.233629166666667,7,0.548917117528607,0.428432380780518
"035036",1,21.6666666666667,21.3333333333333,0.224366,2,0.589833682402969,0.504400262609166
"035036",2,21.1666666666667,20.3333333333333,0.155499,2,0.533814594149558,0.483053365722299
"035036",3,24.1666666666667,24.8333333333333,0.2731205,2.33333333333333,0.465518271550469,0.442737940698889
"035036",4,20.6666666666667,19.5,0.192682,2,0.636818656697834,0.448355541564458
"035036",5,28.5,28.6666666666667,0.194921666666667,2.66666666666667,0.524791724048553,0.423399458639363
"035036",6,29.8333333333333,22.1666666666667,0.170190833333333,2.5,0.468386257067243,0.414595510810634
"035036",7,26.3333333333333,19.6666666666667,0.178884333333333,1.33333333333333,0.473722293972953,0.372438765130875
"035036",8,39.1666666666667,28.5,0.280854,2.66666666666667,0.607132521457968,0.418662873096677
"035036",9,44.8333333333333,40.1666666666667,0.248512166666667,4.5,0.511630586348444,0.419726226478853
"035036",10,16.8333333333333,14,0.212712666666667,1.33333333333333,0.589925706386572,0.482238272205027
"035036",11,40.1666666666667,27.3333333333333,0.195085,3.33333333333333,0.484739964827919,0.384898195043241
"035036",12,20,17.3333333333333,0.195286166666667,2.33333333333333,0.530831654556063,0.385608580894796
"035036",13,14.1666666666667,14.3333333333333,0.202363833333333,1.66666666666667,0.552685132250156,0.380920939147449
"035036",14,30.8333333333333,23.1666666666667,0.22318,3,0.438000906258752,0.397748048417283
"035036",15,39.1666666666667,29.5,0.211950666666667,4,0.585633030161219,0.395864446647493
"035036",16,38.1666666666667,30.1666666666667,0.225483166666667,3.66666666666667,0.467759548686474,0.441999877802998
"037038",1,30.3333333333333,22.3333333333333,0.0646841666666667,2.33333333333333,0.409660925157377,0.384564713574916
"037038",2,20.6666666666667,15.5,0.0916245,2,0.408555052243135,0.379686663858605
"037038",3,19.5,21,0.0690865,1.83333333333333,0.385243787430273,0.344865233637422
"037038",4,21.6666666666667,20.6666666666667,0.0709138333333333,2,0.426073885522792,0.329009402543379
"037038",5,30.5,23.3333333333333,0.143233,2.66666666666667,0.438453874550734,0.398774914443464
"037038",6,39.5,28.8333333333333,0.0721963333333333,2.66666666666667,0.402564061805585,0.36855939589444
"037038",7,29.6666666666667,23.6666666666667,0.0555736666666667,2,0.379920202307401,0.323202448897029
"037038",8,21.8333333333333,23.3333333333333,0.0912383333333333,2.33333333333333,0.477143097668855,0.344877279363596
"037038",9,33.6666666666667,22.3333333333333,0.106339666666667,3.83333333333333,0.41700931731614,0.355432751588437
"037038",10,51.1666666666667,44.8333333333333,0.139929333333333,3.83333333333333,0.519335281103834,0.377454909496055
"037038",11,44.5,32.6666666666667,0.0590811666666667,4.66666666666667,0.390478484332573,0.352942234836514
"037038",12,24.1666666666667,19.3333333333333,0.0805941666666667,2.33333333333333,0.387930981814891,0.373101759701947
"037038",13,23.1666666666667,21.1666666666667,0.0622425,3.33333333333333,0.398519620299366,0.416814989410361
"037038",14,33.8333333333333,29.5,0.087118,4.33333333333333,0.416388731449824,0.35857817530633
"037038",15,25,26,0.0819135,1.66666666666667,0.448570753447729,0.390573301352538
"037038",16,49.1666666666667,31.5,0.138832166666667,5,0.492817946709742,0.398400196805644
"039040",1,21,18.5,0.2362315,2.16666666666667,0.623747252859154,0.368558173067868
"039040",2,13.8333333333333,15.1666666666667,0.1485475,2.33333333333333,0.562547685578515,0.30474905669685
"039040",3,17,20.5,0.157252333333333,1,0.471888013184097,0.328059579245703
"039040",4,25.5,28.5,0.2270135,2.5,0.492983482778115,0.289831806905554
"039040",5,21.8333333333333,26.3333333333333,0.211357166666667,2,0.565140506252634,0.332152553834026
"039040",6,24,24.3333333333333,0.179361666666667,3,0.457260444760376,0.328491699881865
"039040",7,15.1666666666667,17.1666666666667,0.148104666666667,1.83333333333333,0.44465626683087,0.351516001857756
"039040",8,36.8333333333333,30.6666666666667,0.171359333333333,4,0.464184107258936,0.38658611103894
"039040",9,35.5,30.1666666666667,0.173411333333333,3,0.452854853123451,0.319850144907857
"039040",10,38,38.1666666666667,0.2136075,4.5,0.593617035076093,0.382788500748603
"039040",11,25.6666666666667,23.1666666666667,0.1708115,3.66666666666667,0.571603683754906,0.332642099820065
"039040",12,22.8333333333333,24.3333333333333,0.165590833333333,2.16666666666667,0.436817927285999,0.35177062451837
"039040",13,19.6666666666667,19.3333333333333,0.184208333333333,1.83333333333333,0.532943436875906,0.410780685022482
"039040",14,28.3333333333333,27.3333333333333,0.175822333333333,3.5,0.492383902892444,0.355849523097229
"039040",15,40.3333333333333,35.3333333333333,0.221078666666667,4,0.561720736324796,0.328774403780701
"039040",16,30,28,0.278280666666667,3.5,0.428439006209393,0.34597678389403
"041042",1,28,26.1666666666667,0.236836333333333,2.83333333333333,0.551863081753191,0.412229233421397
"041042",2,38.5,34,0.171269166666667,3.66666666666667,0.504041563719526,0.406061352230584
"041042",3,55,45.6666666666667,0.218123,4.66666666666667,0.398060032166583,0.36541566718363
"041042",4,34.8333333333333,23.6666666666667,0.1794245,3.33333333333333,0.43188119400298,0.36377351265398
"041042",5,33.5,36,0.170915833333333,2.66666666666667,0.579192331992073,0.387657065875776
"041042",6,23.5,17.1666666666667,0.244529166666667,2,0.45003188960254,0.373720652423787
"041042",7,34.5,33.8333333333333,0.2149715,4.33333333333333,0.400606448762127,0.364849718287517
"041042",8,52,46.6666666666667,0.192726333333333,3.83333333333333,0.437056682072577,0.411552892997806
"041042",9,34.6666666666667,31.8333333333333,0.221601833333333,4.5,0.467499948106694,0.407575584016716
"041042",10,20,24.1666666666667,0.274403666666667,2,0.492098003625838,0.420875398442143
"041042",11,52.1666666666667,39.5,0.163305,4.66666666666667,0.596803352236732,0.466480641625757
"041042",12,30.8333333333333,31.1666666666667,0.189183,3.5,0.415692562237366,0.381230598315624
"041042",13,37.3333333333333,34.6666666666667,0.196147166666667,7,0.5412111300975,0.368778326548625
"041042",14,39.8333333333333,39.3333333333333,0.222555166666667,4,0.462304740212825,0.423166188411426
"041042",15,37.8333333333333,38.1666666666667,0.196001166666667,3.83333333333333,0.421725030057136,0.408776840195011
"041042",16,63.5,49.3333333333333,0.223932,5.66666666666667,0.466950555332047,0.429319408722132
"043044",1,26.8333333333333,22.1666666666667,0.146596666666667,2.66666666666667,0.472280624322626,0.454504832625333
"043044",2,43.1666666666667,33.5,0.166035333333333,4,0.438410975970294,0.366646810434729
"043044",3,20,20.3333333333333,0.155760166666667,3,0.383263028226824,0.337176857516108
"043044",4,30.6666666666667,23.8333333333333,0.184507166666667,3.5,0.467417368665308,0.385123000480252
"043044",5,26.6666666666667,20,0.207053333333333,4.33333333333333,0.411503155715741,0.342353090643824
"043044",6,16.5,17.5,0.195199333333333,2,0.363861013203902,0.339671405032275
"043044",7,28.1666666666667,22.3333333333333,0.184540166666667,3.5,0.401975343003857,0.359787553548822
"043044",8,50.1666666666667,37.3333333333333,0.185079166666667,3.66666666666667,0.422112474218047,0.412156275473541
"043044",9,40,34.5,0.224509833333333,5.5,0.367923144251097,0.352547458372958
"043044",10,39.5,25.5,0.234457666666667,4.66666666666667,0.489675017073799,0.354705789126449
"043044",11,32.6666666666667,23.5,0.242428666666667,4.83333333333333,0.628975775092872,0.433026005513984
"043044",12,41.8333333333333,31.5,0.22581,3.66666666666667,0.504370309412466,0.436397481709681
"043044",13,27.8333333333333,26,0.180963166666667,3.33333333333333,0.402110920287699,0.355630923062562
"043044",14,30.3333333333333,28,0.220715,3.33333333333333,0.406411033123746,0.387553587555854
"043044",15,40,34.6666666666667,0.241403,4.66666666666667,0.480390533804866,0.432229859754477
"043044",16,26.8333333333333,26.3333333333333,0.195129833333333,3,0.46273572649803,0.410520341247285
"045046",1,32.8333333333333,26.8333333333333,0.186675166666667,2.66666666666667,0.382846459746359,0.333841057494265
"045046",2,38.5,28.8333333333333,0.235712333333333,5.33333333333333,0.494756260886765,0.407611574046316
"045046",3,12.1666666666667,12,0.2230545,2.16666666666667,0.417457925155788,0.369721827097238
"045046",4,39.6666666666667,32,0.195656333333333,5.33333333333333,0.371270555071549,0.402097458019864
"045046",5,46.8333333333333,36.8333333333333,0.203452,4.66666666666667,0.415271316654957,0.370785581879397
"045046",6,16,14.5,0.209109,2,0.381333306431748,0.321510867215639
"045046",7,24.8333333333333,18.3333333333333,0.213752166666667,3,0.436287089250932,0.40737158898267
"045046",8,39.8333333333333,33.3333333333333,0.219172666666667,2.83333333333333,0.39452181849629,0.354001240804799
"045046",9,54.3333333333333,45.6666666666667,0.2357405,6,0.382292035967047,0.357420512475099
"045046",10,38.3333333333333,32.8333333333333,0.219188166666667,2.66666666666667,0.552836354821812,0.366451917216132
"045046",11,26.6666666666667,21.8333333333333,0.172395833333333,3.33333333333333,0.377576878294315,0.338088062591866
"045046",12,37,30.3333333333333,0.232401833333333,3.16666666666667,0.449268391355884,0.341501393355502
"045046",13,27.5,23,0.139293333333333,3,0.453292055055458,0.397065862081952
"045046",14,22.8333333333333,20.5,0.177885166666667,2.5,0.379328791052085,0.3849715208635
"045046",15,22.5,22.3333333333333,0.149610166666667,2.33333333333333,0.369936174713022,0.354932018555686
"045046",16,51.6666666666667,44.5,0.232081833333333,5.33333333333333,0.375645157881051,0.358778110705302
"047048",1,11,15.3333333333333,0.134025666666667,1.66666666666667,0.559655243530901,0.43421873915942
"047048",2,21,30.5,0.113975166666667,4,0.490889895707389,0.443586014211132
"047048",3,8.16666666666667,16.6666666666667,0.148517166666667,1.33333333333333,0.462197335437011,0.314867087639844
"047048",4,27,26.1666666666667,0.199251333333333,4.83333333333333,0.448562063276826,0.383332499302901
"047048",5,28,32.6666666666667,0.155819166666667,4.16666666666667,0.453178502619368,0.37947055324908
"047048",6,21.8333333333333,23.3333333333333,0.1296125,3.5,0.440360079519483,0.377912262454634
"047048",7,18.5,23.5,0.114488833333333,2.66666666666667,0.448945860378428,0.371372381225235
"047048",8,41.1666666666667,36,0.140127833333333,6.83333333333333,0.448707317002135,0.396035268902806
"047048",9,21.5,23,0.145434166666667,4,0.442022736184265,0.349986094050041
"047048",10,31.6666666666667,38.8333333333333,0.197304833333333,4.33333333333333,0.585265137255187,0.479559474624647
"047048",11,34.1666666666667,39,0.168917833333333,5.5,0.584367189556392,0.399358808994327
"047048",12,26.3333333333333,24.8333333333333,0.153755,3.83333333333333,0.432082198560215,0.349265805445636
"047048",13,32.6666666666667,29.8333333333333,0.2151145,5.16666666666667,0.483622210100312,0.367112962529127
"047048",14,25.8333333333333,27.1666666666667,0.198245833333333,3.83333333333333,0.427891490980912,0.356585813686261
"047048",15,30.5,32.5,0.150880833333333,5.5,0.530288048088608,0.373351919464818
"047048",16,26.8333333333333,27.5,0.16397,5.16666666666667,0.605758182704406,0.490869298577303
"049050",1,23.8333333333333,27,0.219643666666667,3.33333333333333,0.425452293828074,0.308086356148114
"049050",2,28.5,31.8333333333333,0.211280666666667,3.66666666666667,0.397677955217616,0.291361875832049
"049050",3,28.6666666666667,31.1666666666667,0.289435833333333,4.16666666666667,0.349142767488988,0.267570578493208
"049050",4,23.1666666666667,26.8333333333333,0.261665,4,0.349547945894272,0.257712497375893
"049050",5,40,42,0.2496205,3.66666666666667,0.378837279044047,0.345293437130686
"049050",6,28.5,21,0.242324333333333,2,0.342528504319545,0.245430086739356
"049050",7,27.3333333333333,24,0.251814166666667,2.66666666666667,0.328443907201295,0.28691919427368
"049050",8,42.6666666666667,40.8333333333333,0.239321333333333,5,0.359179338440322,0.30635808594521
"049050",9,51.1666666666667,50.8333333333333,0.276660666666667,5.33333333333333,0.310397827066507,0.219543682411326
"049050",10,36.8333333333333,40.8333333333333,0.2407005,3.33333333333333,0.352675296366156,0.284405153244738
"049050",11,37.5,27.3333333333333,0.230285666666667,3.33333333333333,0.406748683191888,0.272022574208582
"049050",12,36.5,40,0.248000333333333,4.5,0.401929763145694,0.270075813867162
"049050",13,30.8333333333333,28.1666666666667,0.2848015,3.5,0.308783515356475,0.278541481122344
"049050",14,33.6666666666667,36,0.347618333333333,4.33333333333333,0.335955990478339,0.290806009434152
"049050",15,43.5,38,0.2872065,5.5,0.349440709687823,0.325823269784458
"049050",16,40.1666666666667,41.1666666666667,0.2144845,4.5,0.364918342791545,0.273927950300244
"051052",1,38.3333333333333,25.8333333333333,0.261032,3.16666666666667,0.297268762253266,0.354976380243873
"051052",2,35,22.3333333333333,0.220763166666667,2.66666666666667,0.352134074084433,0.333750736899671
"051052",3,21.8333333333333,16.6666666666667,0.245078166666667,3,0.360444551333761,0.338209024630473
"051052",4,39.6666666666667,27.1666666666667,0.237931,3,0.319161149673147,0.351249833591194
"051052",5,59.6666666666667,45.3333333333333,0.218497,7,0.407018478959775,0.376407519914214
"051052",6,27.1666666666667,17.8333333333333,0.201496666666667,3.33333333333333,0.445504964329321,0.306664578616586
"051052",7,59.6666666666667,41.8333333333333,0.263322833333333,6,0.317415223456901,0.332301170565209
"051052",8,59.6666666666667,41.5,0.228189,7,0.369978388771416,0.379921041429038
"051052",9,60.1666666666667,38.5,0.231926,8.33333333333333,0.34239751566203,0.317132238298651
"051052",10,67,44.1666666666667,0.259259833333333,5.33333333333333,0.428211534395843,0.351463780738412
"051052",11,37.5,29.1666666666667,0.224572833333333,4,0.30534903518855,0.320904371328596
"051052",12,36,23,0.2968975,2.33333333333333,0.270002669654827,0.323691054247333
"051052",13,26.5,22.1666666666667,0.236997833333333,3.66666666666667,0.349780273623662,0.401708824560035
"051052",14,40.1666666666667,30,0.252724666666667,5,0.309732849709641,0.32294508162891
"051052",15,39.6666666666667,31.3333333333333,0.217349166666667,3.16666666666667,0.310026975348593,0.333197296597013
"051052",16,48.3333333333333,31.5,0.237165833333333,4.5,0.300410170108098,0.356944564729931
"053054",1,34.1666666666667,21.5,0.210886333333333,3.83333333333333,0.456250047311202,0.297241603955605
"053054",2,51.5,31,0.221096833333333,4,0.47288478910925,0.329788042232426
"053054",3,21.1666666666667,14.5,0.185230333333333,2.83333333333333,0.36650675069541,0.307441606186344
"053054",4,46,26,0.17936,3.33333333333333,0.385351368226131,0.315991458483015
"053054",5,33,21.5,0.200765,3.5,0.424028703942922,0.259278790093985
"053054",6,37.5,33.1666666666667,0.182474333333333,1.5,0.370154071599209,0.24843717738987
"053054",7,24.1666666666667,17,0.159858333333333,2.66666666666667,0.556644608266708,0.287786255590584
"053054",8,45.8333333333333,25.6666666666667,0.189274333333333,3.66666666666667,0.409745177254074,0.307720251381437
"053054",9,51.6666666666667,34.1666666666667,0.192681333333333,5.16666666666667,0.405496809631604,0.277451486326755
"053054",10,29.3333333333333,20.6666666666667,0.166517,3.16666666666667,0.450800190679783,0.297535056248265
"053054",11,48.3333333333333,27.3333333333333,0.204901166666667,4.33333333333333,0.383133272640428,0.242649355903245
"053054",12,46.8333333333333,34.3333333333333,0.267150333333333,3.5,0.476130237802954,0.241210783831777
"053054",13,36.8333333333333,30.5,0.208334,3.5,0.393749921582615,0.337151366285967
"053054",14,46.1666666666667,35,0.244912333333333,4.66666666666667,0.477199572138494,0.371311231516335
"053054",15,45.1666666666667,30.1666666666667,0.234013,4,0.384376239962874,0.29474396165462
"053054",16,48.5,28.5,0.1877595,4,0.587592268362625,0.285917585715599
"055056",1,40.3333333333333,31.6666666666667,0.201560833333333,4.5,0.50605401583013,0.431463287211901
"055056",2,38.1666666666667,32.6666666666667,0.176961,4.16666666666667,0.477667588740589,0.446736088953866
"055056",3,30,19.8333333333333,0.189410833333333,3.16666666666667,0.357395510189212,0.417830431833821
"055056",4,30,18,0.1630125,3.16666666666667,0.441490641795036,0.442347273230601
"055056",5,54.1666666666667,43.8333333333333,0.238571,5.83333333333333,0.411274938844154,0.467952654697041
"055056",6,37.5,33.1666666666667,0.199554833333333,3.83333333333333,0.380668381229014,0.386487474665073
"055056",7,73.3333333333333,65.1666666666667,0.307574666666667,7.5,0.493533081375027,0.496578551828844
"055056",8,89.6666666666667,51.8333333333333,0.251654333333333,10.6666666666667,0.486028817482316,0.396461294963989
"055056",9,44.6666666666667,41.1666666666667,0.294654833333333,7.5,0.42660389188671,0.532369023188927
"055056",10,58.1666666666667,48.1666666666667,0.239749,5,0.440969446673839,0.434000763110777
"055056",11,63,41.5,0.2111095,7.16666666666667,0.420282937586334,0.397654689848443
"055056",12,37,35.5,0.281704833333333,3.33333333333333,0.510775087401263,0.473588804714374
"055056",13,37.3333333333333,31.8333333333333,0.192214,3.33333333333333,0.45144930109378,0.456632661633156
"055056",14,55.6666666666667,36.1666666666667,0.2146255,5.33333333333333,0.361864372156584,0.370713267475344
"055056",15,53.6666666666667,41.5,0.2406265,5.33333333333333,0.386941522359935,0.532861446030453
"055056",16,70.6666666666667,48.5,0.225688833333333,4.16666666666667,0.406975243240588,0.425860689952906
"057058",1,38.5,21.3333333333333,0.3076965,6.83333333333333,0.344892247580045,0.318876362405642
"057058",2,41.8333333333333,26.5,0.265588166666667,5.83333333333333,0.377521575428573,0.358899422921202
"057058",3,20.5,15.8333333333333,0.287970166666667,2.5,0.38730205502364,0.284096389077593
"057058",4,32.6666666666667,18.5,0.262723,2.83333333333333,0.358202579431257,0.35569903161377
"057058",5,78.5,51.5,0.314809833333333,13.3333333333333,0.36066217813639,0.318911155685769
"057058",6,36.8333333333333,17.8333333333333,0.313296833333333,4,0.337002299725955,0.284800384193665
"057058",7,50.3333333333333,29,0.3258505,6.83333333333333,0.368436092510816,0.333369243889999
"057058",8,44,30.1666666666667,0.284078333333333,7.16666666666667,0.42000619228931,0.296659681014672
"057058",9,80.5,50.3333333333333,0.308418333333333,13.5,0.383803235366994,0.297470775432857
"057058",10,36.6666666666667,21.8333333333333,0.288451166666667,4.66666666666667,0.401874758303161,0.288092543370984
"057058",11,35.5,26.1666666666667,0.294953333333333,6.66666666666667,0.423505646176693,0.364364063367259
"057058",12,33.8333333333333,23.3333333333333,0.308392,3.16666666666667,0.332599529996517,0.281260876916308
"057058",13,28.8333333333333,21.5,0.308412666666667,5,0.427577639929941,0.319684811867745
"057058",14,30.8333333333333,21.3333333333333,0.291883833333333,4.83333333333333,0.34711389895525,0.350590326823297
"057058",15,36.6666666666667,21.3333333333333,0.3134835,5.5,0.452262771315828,0.340130981989193
"057058",16,74.6666666666667,47.6666666666667,0.307441833333333,7.66666666666667,0.373984234407527,0.300672424957149
"063064",1,38.6666666666667,30.3333333333333,0.208799333333333,2,0.448717824183435,0.399194124154746
"063064",2,33.8333333333333,31,0.1921345,1.83333333333333,0.549200793728281,0.39237076789135
"063064",3,24.8333333333333,24,0.1865305,2,0.385579666122854,0.37539330124854
"063064",4,20.6666666666667,20.3333333333333,0.183289,2,0.489398907870045,0.41878770664339
"063064",5,29.5,26.5,0.189350666666667,2.33333333333333,0.550015049055246,0.482919214293358
"063064",6,46,33.3333333333333,0.174080666666667,3.33333333333333,0.393695595674308,0.39705687575039
"063064",7,38.3333333333333,33.5,0.1576475,3.33333333333333,0.517729112878467,0.518733007833296
"063064",8,49.5,47.8333333333333,0.168874333333333,3.5,0.628515889868156,0.512776276096652
"063064",9,39.3333333333333,31.3333333333333,0.1878315,4.66666666666667,0.603794274851727,0.510098888538767
"063064",10,39.3333333333333,31,0.186441666666667,3,0.608463538810665,0.406483604572719
"063064",11,46.3333333333333,44.1666666666667,0.195031166666667,4.16666666666667,0.482297636568589,0.397071007639187
"063064",12,38.6666666666667,37,0.171563,3.16666666666667,0.457089180126817,0.491723422892437
"063064",13,25,23.1666666666667,0.207972166666667,1.5,0.385086400434423,0.440094776451615
"063064",14,39.8333333333333,32.3333333333333,0.210412166666667,4,0.454200670123058,0.413559800013838
"063064",15,34.1666666666667,32.3333333333333,0.139422166666667,3.5,0.415977554395799,0.409714416600806
"063064",16,29.3333333333333,26.1666666666667,0.176980166666667,3,0.442716510966493,0.517893973737942
"065066",1,31.5,23.5,0.229324666666667,3.33333333333333,0.54615943320087,0.355801889672881
"065066",2,21,21.6666666666667,0.182565833333333,2.5,0.432350499555422,0.3437326382846
"065066",3,16.6666666666667,16.8333333333333,0.167329,2.66666666666667,0.33822988625611,0.350713081657983
"065066",4,45.6666666666667,32.6666666666667,0.221042333333333,6.33333333333333,0.405211310833748,0.378001216799038
"065066",5,28.6666666666667,27.6666666666667,0.238123166666667,4,0.482447214424588,0.383513206616011
"065066",6,22.6666666666667,22.3333333333333,0.265969,4.33333333333333,0.467042779549917,0.380381935276041
"065066",7,20,16.3333333333333,0.217941166666667,2.66666666666667,0.409391764551364,0.414889365434671
"065066",8,28,22.8333333333333,0.181145,4.33333333333333,0.403865461237725,0.337551536038573
"065066",9,43.1666666666667,37.6666666666667,0.1845865,5.83333333333333,0.377020142972437,0.332343148998926
"065066",10,41.1666666666667,38,0.209291666666667,5.33333333333333,0.41678228415547,0.393897677771713
"065066",11,30.6666666666667,24.3333333333333,0.204851833333333,3.83333333333333,0.520296223461572,0.403754065744565
"065066",12,30.6666666666667,19.3333333333333,0.216611,2.66666666666667,0.361432981677369,0.326289546675974
"065066",13,24.8333333333333,23.3333333333333,0.1823545,4.66666666666667,0.422587404958882,0.384772527962866
"065066",14,20.8333333333333,21.5,0.197506833333333,3.66666666666667,0.390278425067686,0.367451341822782
"065066",15,18.5,17.8333333333333,0.176408333333333,2.66666666666667,0.518179810605937,0.449895180761819
"065066",16,39.5,28.3333333333333,0.252534,4.66666666666667,0.371867705136501,0.362073971889902
"067068",1,22,19.6666666666667,0.1849505,1.83333333333333,0.570910584181504,0.535527586937046
"067068",2,31.8333333333333,31.6666666666667,0.187975333333333,3.66666666666667,0.462112828157811,0.444031054154085
"067068",3,9.83333333333333,14.1666666666667,0.245256833333333,1.5,0.450263571925509,0.421482305973792
"067068",4,28,22.5,0.237021166666667,4.66666666666667,0.51938732061531,0.476820676587511
"067068",5,27.8333333333333,28.3333333333333,0.218077833333333,2.66666666666667,0.573113408871005,0.527308247983491
"067068",6,33.6666666666667,29.6666666666667,0.255474166666667,4.33333333333333,0.510160906240327,0.532053034752643
"067068",7,35.6666666666667,31.3333333333333,0.2396915,3,0.477464477531688,0.521297818981124
"067068",8,50,40.5,0.217456833333333,7,0.469276650808774,0.490257768891733
"067068",9,51.3333333333333,41,0.2334795,5.5,0.430737917311532,0.402588028460694
"067068",10,33.5,25.5,0.241546333333333,3.33333333333333,0.516103879548649,0.476055051200132
"067068",11,35.3333333333333,34.8333333333333,0.246397666666667,3.83333333333333,0.482867971993915,0.489826768636751
"067068",12,27.6666666666667,29.6666666666667,0.208483,3.33333333333333,0.488157428801065,0.419719768688116
"067068",13,21.8333333333333,17.8333333333333,0.238375166666667,3.16666666666667,0.489649803377722,0.525302356109026
"067068",14,38.8333333333333,40.1666666666667,0.255113333333333,5.66666666666667,0.4609328303486,0.437473274767373
"067068",15,28.5,32,0.219991,3.5,0.457596715539683,0.491040206514276
"067068",16,74.5,64.3333333333333,0.227185666666667,5.66666666666667,0.565237149596281,0.539381706155906
"069070",1,31,18.1666666666667,0.3029645,2.83333333333333,0.390293943695721,0.370587202720311
"069070",2,28.3333333333333,13.3333333333333,0.271608333333333,3,0.473300149664313,0.321146510541449
"069070",3,26.5,17.3333333333333,0.231814666666667,3,0.416783912107369,0.333694808185099
"069070",4,23.6666666666667,13.5,0.218600166666667,2.83333333333333,0.520813569426487,0.366787537932369
"069070",5,25.3333333333333,15.8333333333333,0.242180833333333,3,0.372809674590868,0.410607676953098
"069070",6,33,20,0.211477666666667,4.16666666666667,0.447601635940402,0.30626338254658
"069070",7,23.1666666666667,15.6666666666667,0.214290666666667,3.5,0.400715347379468,0.347058073617531
"069070",8,31.8333333333333,14.3333333333333,0.225549333333333,3.66666666666667,0.499514387920563,0.44563007541001
"069070",9,78.1666666666667,44.5,0.285572166666667,8.83333333333333,0.495029852725635,0.306514175608826
"069070",10,47.1666666666667,26.3333333333333,0.2555555,5.5,0.380306150764183,0.306109934113946
"069070",11,48.6666666666667,37.3333333333333,0.2723125,5,0.449175983667365,0.325714583508625
"069070",12,23,11.5,0.247150833333333,3.5,0.470686496235521,0.30903392098843
"069070",13,26.5,17.3333333333333,0.216678,4.16666666666667,0.409129938110739,0.316874817945096
"069070",14,35.1666666666667,19.3333333333333,0.203846666666667,4.83333333333333,0.553745739161969,0.352223036810828
"069070",15,26.6666666666667,18.6666666666667,0.208441333333333,2.83333333333333,0.384229539893625,0.28900315146888
"069070",16,33.5,16.1666666666667,0.276375833333333,4.66666666666667,0.469392563216357,0.353280165232749
"075076",1,27.8333333333333,13.8333333333333,0.314884,3.5,0.38144426979129,0.271605156362015
"075076",2,19.8333333333333,11.3333333333333,0.255817666666667,3.33333333333333,0.421636461280316,0.253786018118236
"075076",3,17,11,0.214316666666667,1.83333333333333,0.383275324478811,0.247672788798766
"075076",4,31.1666666666667,8.16666666666667,0.259045166666667,4,0.384764616377589,0.259190402925049
"075076",5,23.1666666666667,9.16666666666667,0.250479166666667,2.16666666666667,0.454348710365553,0.255230706185084
"075076",6,27,15.6666666666667,0.2522405,2.66666666666667,0.415539329871614,0.279985502362235
"075076",7,23.6666666666667,13.1666666666667,0.2886465,4.33333333333333,0.477894819341592,0.265796446241438
"075076",8,34.8333333333333,15.3333333333333,0.280660833333333,2.33333333333333,0.400030540302371,0.26212990749628
"075076",9,42.6666666666667,18.1666666666667,0.23451,5.16666666666667,0.395460022613396,0.285862107761202
"075076",10,23.6666666666667,12.5,0.291345166666667,2.5,0.51599936839196,0.289548828266588
"075076",11,25.8333333333333,13.5,0.247431333333333,2.83333333333333,0.533591188490419,0.241552596911832
"075076",12,38.1666666666667,19.1666666666667,0.283648166666667,2.5,0.648662108928049,0.278824387118207
"075076",13,26.1666666666667,12.8333333333333,0.242067333333333,2.83333333333333,0.402908069081582,0.267905049957322
"075076",14,29.5,12.3333333333333,0.337348166666667,3.16666666666667,0.398928618989869,0.302273617126068
"075076",15,32.6666666666667,16.3333333333333,0.251739333333333,3.66666666666667,0.435462023131558,0.307795709930375
"075076",16,32,17.5,0.255114666666667,3.16666666666667,0.370668366551366,0.287588168866953
"077078",1,36.1666666666667,28.6666666666667,0.219668666666667,3.33333333333333,0.388122024014564,0.338365548290277
"077078",2,37.5,22.8333333333333,0.177786666666667,5.16666666666667,0.361687982454905,0.341618614271198
"077078",3,28.6666666666667,19.5,0.209421166666667,4,0.381960573606181,0.382065863348504
"077078",4,40.3333333333333,30.1666666666667,0.2038285,5.5,0.41248769871884,0.402306742034837
"077078",5,67.1666666666667,53.3333333333333,0.1885015,7,0.447358422912661,0.463479275815191
"077078",6,23.6666666666667,21.5,0.176371666666667,2.33333333333333,0.394025499932564,0.371791826561103
"077078",7,21.1666666666667,18.5,0.156673666666667,2.16666666666667,0.38638746645299,0.408596979454166
"077078",8,73.8333333333333,48,0.201624,5.66666666666667,0.374662740156091,0.335186243057229
"077078",9,59.6666666666667,47.5,0.215026666666667,6.66666666666667,0.478946450166406,0.370882266201116
"077078",10,37.3333333333333,20.8333333333333,0.200142333333333,3.33333333333333,0.458957310766006,0.361141675151902
"077078",11,31.8333333333333,22.5,0.189392833333333,3.66666666666667,0.385210496373504,0.363897467032069
"077078",12,24.3333333333333,19.3333333333333,0.210994,1.66666666666667,0.43124277051538,0.375796636566513
"077078",13,18.8333333333333,14.5,0.197020166666667,2.83333333333333,0.367457695305365,0.399296205490839
"077078",14,39.1666666666667,29.5,0.196679,4.33333333333333,0.364578089676838,0.341288392432025
"077078",15,32.5,29.5,0.181752166666667,4.33333333333333,0.397505056112982,0.352874637581479
"077078",16,65.3333333333333,44.8333333333333,0.210785166666667,5.66666666666667,0.422555052675322,0.379869285970855
"081082",1,25.8333333333333,23.1666666666667,0.101495666666667,2.83333333333333,0.347134234383764,0.39504211954773
"081082",2,21.8333333333333,22.6666666666667,0.0863226666666667,2.33333333333333,0.331707475706944,0.34793811477723
"081082",3,16.6666666666667,20.6666666666667,0.0530851666666667,2.33333333333333,0.343710736371541,0.332817484624694
"081082",4,23.5,24,0.113962,1.33333333333333,0.457690847106217,0.403434745967392
"081082",5,19.3333333333333,17.3333333333333,0.124908,1.66666666666667,0.316004982218151,0.342797428369503
"081082",6,14.8333333333333,19.8333333333333,0.0740796666666667,2.5,0.313625434413479,0.316387402825077
"081082",7,20.8333333333333,24.5,0.088396,3,0.369872965849865,0.343858967535189
"081082",8,38,35.3333333333333,0.0839525,3.83333333333333,0.361821553669841,0.366082097403694
"081082",9,70.5,51.5,0.143550833333333,7.5,0.378568153828381,0.345221569761632
"081082",10,34.5,29.1666666666667,0.0928246666666667,3.83333333333333,0.451470545493006,0.34990480076527
"081082",11,29,28.8333333333333,0.0867348333333333,4,0.3042777366936,0.358485803008089
"081082",12,19,28,0.0418346666666667,2,0.342023941688229,0.285240590572363
"081082",13,17.5,22.3333333333333,0.074902,1.83333333333333,0.432086708024173,0.366592845879491
"081082",14,17.5,18.6666666666667,0.0628218333333333,1.66666666666667,0.316560102626745,0.31449268665164
"081082",15,25,29.5,0.0798468333333333,3,0.349319460801856,0.317528660409176
"081082",16,37.8333333333333,35.3333333333333,0.134024166666667,3,0.327916407026382,0.347466803155848
"099100",1,33.5,21.5,0.183293833333333,2.66666666666667,0.409119822084849,0.458307218737883
"099100",2,25.1666666666667,17.6666666666667,0.186125333333333,1.66666666666667,0.456370696425422,0.342938247136788
"099100",3,23.6666666666667,16.6666666666667,0.164283333333333,3,0.422021248377908,0.364880326204009
"099100",4,21.6666666666667,17.5,0.155831833333333,2.33333333333333,0.362398011609946,0.334321434609622
"099100",5,39.6666666666667,27,0.1858995,4.33333333333333,0.649970278143906,0.47283036448063
"099100",6,32.8333333333333,23.1666666666667,0.144521666666667,3,0.445792361162666,0.334071012213817
"099100",7,31.8333333333333,20,0.1812085,3.33333333333333,0.609362139366596,0.412331904284664
"099100",8,25,23.8333333333333,0.1283825,2.33333333333333,0.487473558634522,0.398808765225151
"099100",9,45,17.5,0.162684833333333,5,0.425623505376303,0.362358059734156
"099100",10,58.5,37,0.169493,4.33333333333333,0.544316770508844,0.350438405759694
"099100",11,35,16,0.196351333333333,4.66666666666667,0.519717119634072,0.429078238084972
"099100",12,32,26.1666666666667,0.207677333333333,2,0.609520408324969,0.390428311191521
"099100",13,24.3333333333333,14.5,0.170717666666667,2.66666666666667,0.414485732093449,0.323428384959744
"099100",14,26.1666666666667,18.1666666666667,0.172141166666667,3.66666666666667,0.442793201655182,0.347036818973733
"099100",15,22.3333333333333,16.5,0.2367395,2.33333333333333,0.540009383112136,0.381052268669057
"099100",16,51.5,36.5,0.198309333333333,4.66666666666667,0.38765395991506,0.360752378590433
"101102",1,12.3333333333333,19.8333333333333,0.0798371666666667,1.83333333333333,0.517840253189193,0.521746024489423
"101102",2,22.1666666666667,20.5,0.0609973333333333,2.33333333333333,0.427910104393944,0.388585266657172
"101102",3,18,20.5,0.0890546666666667,1.83333333333333,0.420786487869859,0.408525034785288
"101102",4,26,26.6666666666667,0.104954833333333,2.66666666666667,0.489615871571053,0.497475558891926
"101102",5,35.1666666666667,39.8333333333333,0.1111055,3.83333333333333,0.390525406226531,0.433245368301782
"101102",6,26.6666666666667,25.6666666666667,0.1105735,3.33333333333333,0.413423757068839,0.438684068620264
"101102",7,17,22,0.0778641666666667,1.83333333333333,0.427367147989552,0.442154284566672
"101102",8,30.8333333333333,36.5,0.1172975,4.16666666666667,0.451772272586877,0.42961538489916
"101102",9,43.5,32.5,0.154838666666667,4.66666666666667,0.436714291572511,0.455887056887157
"101102",10,21.1666666666667,23.5,0.1029155,2,0.478756635449859,0.498771675862421
"101102",11,47.1666666666667,40.3333333333333,0.157394,4.83333333333333,0.464380554854837,0.443040957674408
"101102",12,24.5,21,0.0808978333333333,2.33333333333333,0.443141548894294,0.452065506949983
"101102",13,23,26.6666666666667,0.0849616666666667,4.5,0.450370135717073,0.473802318796469
"101102",14,20.1666666666667,23.8333333333333,0.0913201666666667,2,0.398852217011113,0.36489709373564
"101102",15,37.8333333333333,42.6666666666667,0.155810333333333,3.33333333333333,0.469605272635814,0.367965597659365
"101102",16,59.3333333333333,51.3333333333333,0.120786,6,0.421546542085713,0.450803440064192
"107108",1,22.6666666666667,20.6666666666667,0.2349785,4.33333333333333,0.487300176173549,0.383816154673703
"107108",2,30,34,0.202530166666667,4.83333333333333,0.61968964897094,0.470316653139838
"107108",3,72.3333333333333,56.3333333333333,0.255715166666667,7.83333333333333,0.513567677699003,0.365458412095897
"107108",4,29.1666666666667,29.6666666666667,0.220309666666667,5.33333333333333,0.521567834541174,0.389226628467424
"107108",5,62.8333333333333,60,0.2676825,7.83333333333333,0.494925568811674,0.419449022971044
"107108",6,33.1666666666667,27.8333333333333,0.2614035,6.66666666666667,0.503506695851696,0.464133203029663
"107108",7,39,32.6666666666667,0.2850835,5.5,0.543239012360574,0.404497964307645
"107108",8,33.8333333333333,30.8333333333333,0.325691333333333,4.66666666666667,0.533772496506433,0.408623768016691
"107108",9,42.5,38.3333333333333,0.218153,6.33333333333333,0.466357335448276,0.387707809917601
"107108",10,42.6666666666667,41.8333333333333,0.213564,7.33333333333333,0.434988617897038,0.405725500546381
"107108",11,45.5,39.3333333333333,0.251737666666667,7,0.537000869400776,0.490794782526745
"107108",12,19.1666666666667,23.6666666666667,0.2123455,3.66666666666667,0.461094726808336,0.372404542751584
"107108",13,30.3333333333333,29.8333333333333,0.241603666666667,4.83333333333333,0.526603538543,0.410381992347572
"107108",14,52,44.1666666666667,0.253795833333333,7.33333333333333,0.505707357078881,0.386906755156864
"107108",15,45.8333333333333,39.3333333333333,0.280044333333333,7.16666666666667,0.405530579388237,0.37213188875471
"107108",16,49.6666666666667,46,0.2532295,5.5,0.469352617859826,0.406922669149948
"109110",1,34.5,34.8333333333333,0.228575,4.33333333333333,0.510200089775067,0.394706748425963
"109110",2,29,33.6666666666667,0.2161885,5.33333333333333,0.580488887615496,0.424069790169567
"109110",3,26.6666666666667,35.8333333333333,0.211164666666667,3.16666666666667,0.476109975017681,0.340906774625202
"109110",4,28.6666666666667,33.6666666666667,0.187991833333333,5.33333333333333,0.598534245975307,0.404084871523094
"109110",5,43.6666666666667,50.8333333333333,0.203514,5,0.521874782629287,0.415588709525794
"109110",6,25,32,0.210513166666667,4.33333333333333,0.681598381139401,0.381544438190781
"109110",7,21.5,30,0.1716425,2.5,0.62339713051922,0.522992259822743
"109110",8,35.1666666666667,44.3333333333333,0.20757,6.16666666666667,0.581353644840427,0.403479094617022
"109110",9,31,41.6666666666667,0.1977425,7.16666666666667,0.582508221268725,0.535090602934287
"109110",10,37.3333333333333,43.5,0.207702666666667,5.83333333333333,0.599669844843413,0.452589038759432
"109110",11,27,41.3333333333333,0.211259166666667,5.5,0.634238788857969,0.574377122335109
"109110",12,37.3333333333333,42.5,0.227359166666667,4.83333333333333,0.574030200950829,0.393882684409661
"109110",13,27.8333333333333,33.1666666666667,0.183695333333333,4.33333333333333,0.455415271222653,0.376064709387692
"109110",14,39.5,40.5,0.177825166666667,4.66666666666667,0.553800491616107,0.394033056683896
"109110",15,41.5,47.3333333333333,0.185419166666667,6.83333333333333,0.5391477271915,0.387628472410162
"109110",16,89.5,69.8333333333333,0.2563555,10.8333333333333,0.614777538925388,0.449853553436699
"119120",1,18,20.3333333333333,0.189709,4.33333333333333,0.479060566984052,0.386831941083057
"119120",2,36.8333333333333,29.1666666666667,0.233788833333333,6,0.387726204469853,0.322155574336665
"119120",3,16.3333333333333,19.1666666666667,0.182873,4.83333333333333,0.413883623667114,0.358309655450276
"119120",4,23.5,21.3333333333333,0.238891833333333,5.16666666666667,0.532091994769893,0.372424950823192
"119120",5,43,38.8333333333333,0.240086,7.33333333333333,0.391408764757275,0.386788359843212
"119120",6,22.1666666666667,20.1666666666667,0.2051025,3.83333333333333,0.396776040084665,0.355655463412397
"119120",7,12.8333333333333,14.8333333333333,0.236046166666667,4.66666666666667,0.457827798090905,0.328432454727593
"119120",8,36.1666666666667,35.3333333333333,0.208956,6,0.438720449805296,0.354537089355291
"119120",9,33.5,29.6666666666667,0.189665833333333,5.83333333333333,0.41432938072835,0.352793072350344
"119120",10,30.6666666666667,28,0.192517,4.66666666666667,0.443384441547106,0.436101171188027
"119120",11,47.5,34.8333333333333,0.204660333333333,10.5,0.513511599041565,0.329319191165256
"119120",12,41.8333333333333,35.3333333333333,0.246267166666667,8.16666666666667,0.460288800299201,0.342977665364717
"119120",13,32.8333333333333,29.8333333333333,0.189005333333333,6,0.473435133695652,0.34621607698498
"119120",14,27.6666666666667,27,0.216781666666667,5.83333333333333,0.481885639019307,0.397281761281234
"119120",15,32,35.1666666666667,0.2225755,5.33333333333333,0.418464424088666,0.365278161130791
"119120",16,32.1666666666667,34.5,0.189426166666667,5.5,0.540578200481858,0.404746001586353
"121122",1,21.8333333333333,19.5,0.244572833333333,2,0.574030678719167,0.389586497098236
"121122",2,26.1666666666667,18.1666666666667,0.235704,4.5,0.544467519968795,0.378742267377731
"121122",3,19.5,18.8333333333333,0.235936333333333,2.83333333333333,0.448575032874924,0.347969636320977
"121122",4,25.3333333333333,19.8333333333333,0.223263666666667,4,0.503323150798616,0.331154966726861
"121122",5,23.8333333333333,24.8333333333333,0.159784166666667,3.33333333333333,0.440298997796975,0.309730651788456
"121122",6,18.8333333333333,13.6666666666667,0.187565166666667,2,0.398141936399041,0.306029062718152
"121122",7,18.8333333333333,22,0.196525166666667,2.16666666666667,0.540153002366431,0.348586844280284
"121122",8,27,22.3333333333333,0.258499833333333,2.33333333333333,0.480611303821204,0.317742037586879
"121122",9,35.6666666666667,31.5,0.175578833333333,4.66666666666667,0.425132673233793,0.361765796318702
"121122",10,27.6666666666667,28.6666666666667,0.204804166666667,2.33333333333333,0.515322903171181,0.506171882152546
"121122",11,32,19.5,0.180180666666667,4.33333333333333,0.410356055013842,0.334426846355307
"121122",12,23.1666666666667,16.3333333333333,0.170759833333333,2.33333333333333,0.45298406574875,0.334852518513797
"121122",13,15.8333333333333,17.3333333333333,0.1644185,2.5,0.535076404921679,0.352235811762447
"121122",14,30,24.8333333333333,0.253288833333333,3.33333333333333,0.400154056958755,0.423350897617635
"121122",15,21,22.1666666666667,0.163444166666667,3.5,0.554175439290705,0.313838405534632
"121122",16,37.5,27,0.277728666666667,6.33333333333333,0.520840379409451,0.368926452472785
"123124",1,34,31.8333333333333,0.156831833333333,4.66666666666667,0.566268345341076,0.449366973712997
"123124",2,22.3333333333333,16.6666666666667,0.133179833333333,2.83333333333333,0.47614438459278,0.42573436163361
"123124",3,20.5,21.1666666666667,0.159530833333333,3.66666666666667,0.448253888636863,0.398733570240438
"123124",4,26.1666666666667,27.3333333333333,0.143679833333333,3.5,0.504754990339317,0.336126899346707
"123124",5,56.3333333333333,46.1666666666667,0.1830005,8.83333333333333,0.609556838870031,0.395531206391781
"123124",6,25.5,19.6666666666667,0.169746,3.16666666666667,0.564330289140384,0.370048097334756
"123124",7,20.3333333333333,23.6666666666667,0.1365705,1.66666666666667,0.400933915749125,0.37667828239499
"123124",8,36.5,25.1666666666667,0.144826,4.5,0.553552361205227,0.367115801200212
"123124",9,67.5,60.6666666666667,0.154898666666667,8.66666666666667,0.448394959792419,0.394128888845412
"123124",10,60,57.6666666666667,0.158635666666667,7,0.617068585939674,0.360612414777337
"123124",11,41,29.5,0.1473405,5.33333333333333,0.546215809881638,0.400734580121947
"123124",12,39.3333333333333,36.6666666666667,0.197597833333333,6,0.540914477780514,0.341853467747567
"123124",13,17.6666666666667,21,0.2009805,2.83333333333333,0.427670862525644,0.394655874930282
"123124",14,26,22.3333333333333,0.1538475,3.5,0.464015570469242,0.397358935326349
"123124",15,47.8333333333333,35.5,0.210353833333333,6.5,0.544323502108544,0.383683729916816
"123124",16,28.3333333333333,23.5,0.120078833333333,3.33333333333333,0.407066064886699,0.356356808915759
"131132",1,20.5,22.5,0.3214665,3.33333333333333,0.46475200448185,0.509958184324222
"131132",2,26.1666666666667,27.5,0.30399,6.16666666666667,0.474138999357801,0.390979979187227
"131132",3,15.3333333333333,15.8333333333333,0.244761333333333,2,0.456001152284483,0.402680659666688
"131132",4,32.8333333333333,31.5,0.272308666666667,5,0.458508586510964,0.484847642481279
"131132",5,103,81.5,0.317301166666667,13,0.502691103145425,0.364906191825845
"131132",6,35.1666666666667,35.1666666666667,0.261483,5,0.425586479716086,0.388041201047551
"131132",7,31.3333333333333,28.1666666666667,0.2769475,4,0.490998215973354,0.450458155944949
"131132",8,56,46.1666666666667,0.333458666666667,9.16666666666667,0.500693641603005,0.367182465270162
"131132",9,60.8333333333333,60.1666666666667,0.315189333333333,10.5,0.382514760829449,0.364284190349308
"131132",10,53.5,42.5,0.320586833333333,7.83333333333333,0.596142752096073,0.508118051104282
"131132",11,30.6666666666667,32.5,0.256664333333333,4.83333333333333,0.484445380978272,0.395141543820483
"131132",12,39.1666666666667,32.3333333333333,0.307935166666667,4.16666666666667,0.440618692897279,0.381629030220207
"131132",13,25.6666666666667,24.3333333333333,0.257574333333333,2.66666666666667,0.48031508922573,0.341273843310796
"131132",14,40.3333333333333,35.8333333333333,0.306146833333333,5.33333333333333,0.452672982588333,0.376534887589463
"131132",15,60.1666666666667,52.8333333333333,0.294514833333333,8.16666666666667,0.403344281949125,0.39937923103574
"131132",16,49.5,41,0.297189333333333,6.5,0.514731978997585,0.375894200056836
"135136",1,22.6666666666667,20.3333333333333,0.2311945,2,0.477884828112983,0.305558968335386
"135136",2,25.3333333333333,29.1666666666667,0.253806833333333,1,0.345809819176789,0.336162629537229
"135136",3,17.3333333333333,18.6666666666667,0.172295,1,0.295205788686831,0.321616505272676
"135136",4,27.3333333333333,23.5,0.242525333333333,1.66666666666667,0.44517998769878,0.3457728801295
"135136",5,33,41.1666666666667,0.251043166666667,3.16666666666667,0.317776605486859,0.365630662068691
"135136",6,28.3333333333333,31,0.200027333333333,1.66666666666667,0.300790502689781,0.302833904512207
"135136",7,16,17.1666666666667,0.200289833333333,1.66666666666667,0.367538257502016,0.353519425727431
"135136",8,25.3333333333333,27,0.2477095,2.33333333333333,0.330885600298631,0.363526540808421
"135136",9,49.1666666666667,37.8333333333333,0.224790166666667,5.16666666666667,0.35060190688819,0.338481532409771
"135136",10,31.6666666666667,33.8333333333333,0.198813666666667,2,0.302991542033847,0.316163691692087
"135136",11,37.5,31.3333333333333,0.255268333333333,3,0.323672330006932,0.292154689319469
"135136",12,36.1666666666667,28.3333333333333,0.221551,3,0.359549551270876,0.35734217334539
"135136",13,14.8333333333333,18.3333333333333,0.237195166666667,2,0.350369989871963,0.347829154692635
"135136",14,21.1666666666667,21.8333333333333,0.1994325,2,0.422468829900013,0.332814654335345
"135136",15,25.3333333333333,21.1666666666667,0.222170166666667,2,0.293802897445868,0.330292756669243
"135136",16,50,43.8333333333333,0.2800355,4,0.373560906387864,0.371822888962933
"141142",1,41,43.1666666666667,0.250437666666667,6.16666666666667,0.310905760154124,0.36786586325616
"141142",2,43.8333333333333,45.8333333333333,0.258142166666667,6.33333333333333,0.447054264135666,0.326048558577928
"141142",3,34,36.8333333333333,0.239622666666667,5,0.34675500541927,0.32070791441942
"141142",4,43.6666666666667,42.5,0.2359385,6.33333333333333,0.381751944310948,0.370987121947089
"141142",5,46.6666666666667,50.3333333333333,0.214186666666667,5.66666666666667,0.316718370653687,0.361288910731719
"141142",6,42.3333333333333,39.5,0.159163,5.66666666666667,0.347643068060252,0.338521274737954
"141142",7,32.1666666666667,34.8333333333333,0.191325833333333,3.83333333333333,0.396774262189819,0.368157854303714
"141142",8,47,47.5,0.2412655,8.83333333333333,0.411823439411807,0.349845696240639
"141142",9,83.5,90.3333333333333,0.254025833333333,11.6666666666667,0.407763531431544,0.363102030940276
"141142",10,102.5,101.166666666667,0.229381333333333,13.6666666666667,0.413593186996988,0.428828710690107
"141142",11,39.6666666666667,43,0.214914666666667,4.83333333333333,0.342325598932839,0.353960842825473
"141142",12,37.1666666666667,36,0.184417666666667,4.83333333333333,0.363327195867921,0.31238049641252
"141142",13,30.5,30,0.2574005,5.66666666666667,0.33612014167013,0.332365474663678
"141142",14,42.5,47.8333333333333,0.272450666666667,6.33333333333333,0.371247914619682,0.362960282713152
"141142",15,48.3333333333333,43.5,0.229144666666667,5.33333333333333,0.392094068229209,0.372525729239033
"141142",16,70.8333333333333,57.5,0.2804385,9.5,0.317096650600371,0.393644453957703
"143144",1,27.1666666666667,26.6666666666667,0.192147666666667,2.66666666666667,0.534698531031595,0.407245797105152
"143144",2,28.5,23.3333333333333,0.195062666666667,5,0.481278346851471,0.460115251131403
"143144",3,10.1666666666667,14.3333333333333,0.153064,1.33333333333333,0.460583468899108,0.371837607584877
"143144",4,67.8333333333333,54.1666666666667,0.2150525,10,0.522477275691902,0.371383597143036
"143144",5,58.1666666666667,47.5,0.208215166666667,6.66666666666667,0.653246393427303,0.505108090117547
"143144",6,18,23.6666666666667,0.1910885,1.66666666666667,0.60163526143877,0.489330729469697
"143144",7,54.8333333333333,45,0.199785166666667,7.16666666666667,0.515989418141566,0.40102666523308
"143144",8,45.3333333333333,43.8333333333333,0.1921005,5.83333333333333,0.488138872198792,0.401471755467394
"143144",9,80.6666666666667,58.5,0.2065465,12.3333333333333,0.416265330277397,0.376207116059925
"143144",10,75.5,62,0.181978,9.33333333333333,0.570733658969402,0.40739791840317
"143144",11,35.3333333333333,33,0.1960025,4,0.516320070251853,0.394141459837587
"143144",12,34.8333333333333,25,0.191661333333333,3.66666666666667,0.473526371642882,0.426481617614643
"143144",13,24.1666666666667,21,0.219055666666667,3.5,0.518010777421178,0.443632333539484
"143144",14,50,44.6666666666667,0.206712833333333,7,0.530396062880743,0.524023585952812
"143144",15,34.5,30.3333333333333,0.208387,4.33333333333333,0.46062136441467,0.342446862719922
"143144",16,44.3333333333333,40.3333333333333,0.182360666666667,4.66666666666667,0.516019697301078,0.410144267603717
"145146",1,32,20.8333333333333,0.254113666666667,4,0.343928553164013,0.359469317831146
"145146",2,22.5,18.3333333333333,0.2028055,4,0.502926729619455,0.347788934595848
"145146",3,26.3333333333333,17.8333333333333,0.263523,4.5,0.386761998757745,0.36818435229353
"145146",4,34.6666666666667,23.1666666666667,0.2403185,4,0.530208821408453,0.389465556480008
"145146",5,26.1666666666667,18,0.230833666666667,3.83333333333333,0.324689612723933,0.412227764725688
"145146",6,32.3333333333333,18.3333333333333,0.290427833333333,4.66666666666667,0.407775356434297,0.34642518404877
"145146",7,30,21,0.2882535,3.66666666666667,0.440563199110343,0.376171021722332
"145146",8,50.5,32.1666666666667,0.25627,5,0.407748402096338,0.356293505989078
"145146",9,73.3333333333333,43.3333333333333,0.249389333333333,10,0.348481349647025,0.38063106779006
"145146",10,25.6666666666667,16.5,0.2811305,3.33333333333333,0.507036314345944,0.334005078300834
"145146",11,32.1666666666667,19.6666666666667,0.286263166666667,3.33333333333333,0.451026926748432,0.362913095392253
"145146",12,22.1666666666667,15.3333333333333,0.253350666666667,2.66666666666667,0.444140966050327,0.336905276402835
"145146",13,46.6666666666667,33.3333333333333,0.285760666666667,7,0.369965268298985,0.338534235954312
"145146",14,64.3333333333333,38,0.2462595,8.83333333333333,0.404698904603699,0.340130209922795
"145146",15,37.8333333333333,25.5,0.220837666666667,6,0.360967559740006,0.378446183167393
"145146",16,58.1666666666667,37.6666666666667,0.265185,7.33333333333333,0.354839771986022,0.386211018078053
