"pair","target","peaks_self_avg","peaks_other_avg","gesture_self_avg","gesture_other_avg","range_self_avg","range_other_avg","self","first_round","is_firstdir","prepost_self","prepost_other","selfpre_otherpost","otherpre_selfpost"
4,1,-0.265586546405521,-0.215740391068415,-0.579551440889141,-0.365837209165617,-0.557201210310453,-0.0768382527123865,"A","B",0,0.243119,0.503188,0.434575,0.321002
4,2,-0.0475096168056798,0.133182696291332,-0.353964196292088,0.168448370143195,0.0629242593928607,-0.520193104048011,"A","A",1,1.19209e-07,0.569286,1.19209e-07,0.569286
4,3,-0.383971165331149,-0.0537403862228181,-0.116503938821505,-0.223361054683267,-0.751018076108977,-0.237752468436742,"A","B",0,0.536865,0.654838,0.454985,0.504158
4,4,0.0521826938685334,-0.0662019250570947,-0.163995990315621,0.120956318649078,0.00273384663016329,0.601697779286373,"A","A",1,0.33259,0.306634,0.378124,0.420977
4,5,0.351259625891173,0.631644249662398,0.477146704854953,0.619622859337302,0.770827824101275,0.0851822236615039,"A","B",0,0.197186,0.337071,0.262937,0.318537
4,6,0.239105776382683,-0.172125005148446,-0.0452658615803297,0.00222618991378679,-0.0202272077401845,-0.0120359622196279,"A","A",1,0.214547,0.122294,0.374482,0.295182
4,7,-0.302971162908351,-0.109817310977063,-0.437075286406791,-0.0690118873273881,0.272445109700783,0.444879186322296,"A","B",0,0.229984,0.400639,0.478768,0.304635
4,8,-0.172125005148446,0.220413468131268,0.417781640487307,0.215940421637311,0.0197604272050057,0.10726810294022,"A","A",1,0.529048,0.484913,0.529048,0.484913
4,9,0.369951934142588,0.781182715673717,0.477146704854953,1.56946388921963,0.278015746660441,-0.352754408848398,"A","B",0,0.259664,0.137859,0.365087,0.367071
4,10,-0.103586541559925,-0.0412788473885414,-0.258980093303854,0.310924524625545,0.136001379544141,-0.17852573161764,"A","A",1,0.257945,0.265187,0.336877,0.38814
4,11,-0.321663471159766,-0.209509621651276,-0.425202273533262,-0.0808849002009172,0.0978575123481755,0.774303940897814,"A","B",0,0.334152,0.221122,0.298071,0.298214
4,12,0.0895673103713633,-0.0848942333085097,-0.140249964568563,0.0378452285343742,-0.272076048856313,0.34239028303538,"A","A",1,0.265367,0.13611,0.32603,0.255322
4,13,-0.390201934748288,0.183028851628438,-0.199615028936209,-0.104630925947975,-0.0895086246850602,0.0851822236615039,"A","B",0,0.671957,0.532118,0.671957,0.532118
4,14,-0.134740388645616,-0.0662019250570947,0.0734642671549617,-0.282726119050913,-0.530926290705499,-0.2064526671259,"A","A",1,0.276549,0.268853,0.256942,0.328612
4,15,-0.209509621651276,0.21418269871413,-0.306472144797971,0.0853372800284908,0.147639241577249,-0.123802704820644,"A","B",0,0.362328,0.11476,0.242094,0.291701
4,16,0.0334903856171184,0.0521826938685334,-0.401456247786204,-0.0215198358332715,-0.00182394724592076,-0.297972381483427,"A","A",1,0.363408,0.32708,0.281408,0.265906
5,1,-0.0052106427714162,0.0364744993999143,-0.0442388308735411,-0.191701600452011,-0.147120354565929,-0.0433936069133306,"A","B",0,0.618847,0.27922,0.512617,0.48079
5,2,0.015631928314249,-0.349113065684893,-0.073731384789235,0.486627139608951,-0.137849291224268,1.00884517629415,"A","A",1,0.314482,0.192718,0.375096,0.21805
5,3,0.119844783742575,-0.317849209056395,-0.412895754819716,-0.368656923946175,-0.182836242033057,0.256201650591824,"A","B",0,0.198816,0.57354,0.481887,0.36036
5,4,0.00521064277141639,0.109423498199743,0.398149477861869,0.457134585693257,0.443529404745719,0.00299630331490628,"A","A",1,0.766048,0.783807,0.766048,0.783807
5,5,-0.265742781342232,-0.0260532138570814,-0.162209046536317,-0.132716492620623,-0.0929545898019618,0.60743734590594,"A","B",0,0.494758,0.542227,0.494758,0.542227
5,6,-0.130266069285408,-0.224057639170902,-0.383403200904022,-0.191701600452011,-0.473467934151498,0.103163762138989,"A","A",1,0,0.436432,0,0.436432
5,7,0.203215068085236,0.161529925913906,-0.457134585693257,-0.191701600452011,0.0365481739240936,0.848923177374928,"A","B",0,0.724646,0.393852,0.724646,0.393852
5,8,0.307427923513563,0.00521064277141641,-0.058985107831388,0.191701600452011,-0.0857898874516897,0.108606475941557,"A","A",1,0.550824,0.305485,0.527503,0.250189
5,9,-0.0885809271140773,0.338691780142061,0.811045232681585,0.58985107831388,-0.00752012674429127,0.23197849919085,"A","B",0,0.334011,0.576052,0.302921,0.599401
5,10,-0.411640778941889,-0.463747206656052,-0.324418093072634,0.265432985241246,0.0507699543404062,0.0457731125725128,"A","A",1,0.545139,0.135556,0.545139,0.135556
5,11,0.359534351227726,0.307427923513563,-7.40148683083438e-17,0.412895754819716,-0.620644142838149,-0.408681958768539,"A","B",0,0.0893511,0.348971,0.326121,0.258695
5,12,0.0990022126569101,-0.328270494599228,-0.486627139608951,-0.14746276957847,-0.568665457278745,-0.324769610587857,"A","A",1,0.320298,0.482777,0.245787,0.581749
5,13,-0.463747206656052,-0.53669620545588,-0.693075017018809,-0.648836186145268,-0.114683164043425,-0.233396593275267,"A","B",0,0.613591,0.217789,0.613591,0.217789
5,14,-0.182372496999571,0.0468957849427469,-0.545612247440339,0.280179262199093,-0.788488057821696,0.387760806891589,"A","A",1,0.0899389,0.616841,0.551174,0.224133
5,15,-0.265742781342232,-0.0885809271140773,-0.044238830873541,-0.132716492620623,-0.545852952746092,0.267471450640642,"A","B",0,0.750154,0.452704,0.546412,0.162835
5,16,1.39124161996816,0.640909060884207,0.781552678765891,1.01749311009144,-0.329174518792477,0.705283195170171,"A","A",1,0.754324,0.444142,0.754324,0.444142
7,1,-0.292442080373737,-0.292442080373737,-0.35877439245399,-0.0588410832326573,-0.201168142488451,-0.327014900635533,"A","B",0,0.373757,0.54397,0.542137,0.442946
7,2,-0.214550253972171,-0.459353136948521,-0.458752162194434,-0.442089200571027,0.473998049930547,0.137488400028313,"A","A",1,0.0383986,0.256773,0.0383986,0.256773
7,3,-0.170040638885562,-0.00312958231077723,-0.308785507583768,0.157777417871639,-0.464585054763481,0.216613123838054,"A","B",0,0.462034,0.164504,0.440484,0.23
7,4,-0.170040638885562,-0.303569484145389,-0.292122545960361,-0.225470699466731,0.51294232876778,-0.0636484441211258,"A","A",1,0.413821,0.196524,0.554162,0.34861
7,5,-0.214550253972171,0.00799782146087505,-0.225470699466731,-0.192144776219916,0.364877376430148,-0.0440817001513405,"A","B",0,0.248448,0.264294,0.334896,0.403194
7,6,0.375202145925401,0.0636348403191365,0.457710727092972,0.924273652548378,0.305208393916821,0.455821362165939,"A","A",1,0.22905,0.177122,0.397275,0.276162
7,7,-0.348079099231998,-0.170040638885562,-0.492078085441249,-0.158818852973102,-0.303608473282301,-0.00763245867693889,"A","B",0,0.176193,0.216127,0.309182,0.0912709
7,8,-0.136658427570605,-0.225677657743823,-0.242133661090139,-0.208807737843324,0.763263448372987,0.0178628371661053,"A","A",1,1.19209e-07,0.178522,0.180985,0.245738
7,9,0.297310319523835,0.775788681704883,0.324407034105713,0.740981074690897,-0.319779544562126,0.213245201816436,"A","B",0,0.369093,0.612176,0.621038,0.342051
7,10,0.13039926294905,-0.40371611809026,-0.492078085441249,0.157777417871639,-0.155334129538082,-0.129513394039016,"A","A",1,0.649687,0.474422,0.649687,0.474422
7,11,-0.0253843898540819,0.597750221358446,-0.00885219836243507,0.774306997937712,-0.250940227555482,0.300808651590454,"A","B",0,0.550011,0.527337,0.550011,0.527337
7,12,0.375202145925401,0.497603587413576,0.124451494624824,0.27441814923549,0.157842253863825,-0.260983446707585,"A","A",1,0.12494,0.148564,0.170707,0.163532
7,13,-0.314696887917041,-0.325824291688694,-0.392100315700805,-0.108829968102879,-0.192371180623747,-0.646689986005744,"A","B",0,0.37852,0.111881,0.369323,0.282086
7,14,0.0747622440907888,0.0413800327758319,-0.00885219836243512,0.0577996481311944,0.080864422668613,-0.367160026575605,"A","A",1,0.124296,0.125152,0.328219,0.378224
7,15,0.0302526290041796,0.0636348403191365,-0.108829968102879,-0.092167006479472,0.527864619972174,-0.339399267080566,"A","B",0,0.276222,0.135696,0.339943,0.415453
7,16,0.753533874161578,-0.0142569860824296,0.274418149235491,0.607677381703638,-0.360782418432797,-0.0940076752882735,"A","A",1,0.357024,0.293762,0.46097,0.112007
8,1,-0.271971371917426,-0.205838515524131,-0.259106746261786,-0.445320578090587,0.283745728762012,-0.660659502478818,"A","B",0,0.0864061,0.190852,0.0928562,0.0610297
8,2,-0.238904943720778,0.0190131962130723,-0.425719122108608,-0.249306018270796,-0.147720682451783,-0.0397070588552863,"A","A",1,0.153755,0.0971143,0.254284,0.0953231
8,3,-0.496823083654629,-0.344717513950051,-0.357114026171681,-0.219903834297828,-0.409783925513357,0.579629036408751,"A","B",0,0.101232,0.675205,0.101232,0.675205
8,4,0.574529189916751,-0.285197943196085,0.417143485116492,0.211328197305712,0.328010432201778,-0.273549352563934,"A","A",1,0.268156,0.349073,0.221297,0.342653
8,5,0.250478193589605,-0.291811228835414,-0.131697282378922,0.0349150934679002,0.440802671754342,-0.83859515881199,"A","B",0,0.350629,0.46558,0.371644,0.340039
8,6,0.44887676276949,-0.245518229360108,0.348538389179565,-0.112095826396943,-0.112013117385813,-0.25094864717997,"A","A",1,0.137103,0.59698,0.137103,0.59698
8,7,0.309997764343571,-0.331490942671392,0.24073038127868,0.00551290949493154,0.326344783456591,-0.299174988755754,"A","B",0,0.269801,0.363155,0.369925,0.343657
8,8,1.81121360447137,0.548076047359433,1.24040463635961,1.40701701220644,0.419832400554357,0.0264434943759003,"A","A",1,0.423697,0.513007,0.499304,0.480579
8,9,0.0520796244097198,-0.192611944245472,-0.190501650324859,0.0251143654769106,0.41334235692353,0.275487914158491,"A","B",0,0.324651,0.458257,0.380832,0.359078
8,10,0.521622904802115,-0.192611944245472,0.299534749224618,0.45634639708045,0.225060662507142,0.147190703305586,"A","A",1,0.495996,0,0.495996,0
8,11,-0.245518229360108,-0.185998658606142,-0.0238892744780371,-0.131697282378922,0.00708252862316866,-0.424486004818132,"A","B",0,0.332327,0.331273,0.393384,0.30207
8,12,-0.152932230409495,-0.152932230409495,-0.415918394117619,-0.200302378315849,0.326630021402384,-1.02330257526566,"A","A",1,0.266416,0.311219,0.356054,0.473254
8,13,-0.258744800638767,-0.562955940047924,-0.739342417820273,-0.582530769964441,-0.0660651579202546,-0.600766576774478,"A","B",0,0.280545,0.293672,0.317862,0.422826
8,14,0.138052337721003,-0.450530084179323,-0.38651621014465,0.181926013332743,0.547411234358598,-0.625793565425745,"A","A",1,0.528774,0.655608,0.528774,0.655608
8,15,0.309997764343571,-0.252131514999437,-0.0924943704149639,-0.0924943704149638,0.708070626962612,-0.395451599101276,"A","B",0,0.290521,0.414666,0.196669,0.440208
8,16,0.58775576119541,-0.21245180116346,0.181926013332743,0.0055129094949315,0.560658952285439,0.552274365261566,"A","A",1,0.1314,0.39182,0.368678,0.18731
9,1,-0.149490321240261,-0.0256098956706424,-0.0055325919519941,-0.295239225074598,-0.289016827348823,-0.114746492329479,"A","B",0,0.123493,0.379403,0.244168,0.423955
9,2,-0.0160806321652871,-0.359134118358078,-0.182575534415808,-0.32742885097711,-0.731398730684466,-0.0698300500653121,"A","A",1,0.34837,0,0.34837,0
9,3,-0.587836442486605,-0.587836442486605,-0.74589398770976,-0.681514735904737,-0.0974079264706669,-0.199866563523592,"A","B",0,0.576893,0.653661,0.576893,0.653661
9,4,-0.168548848250972,-0.178078111756327,-0.295239225074598,0.0266570339505175,-0.755962154064919,0.0536806094713044,"A","A",1,0.140871,0.577638,0.313714,0.334721
9,5,0.0220364218561341,0.307914327016793,0.493406609536935,0.332458480024377,-0.0464407342941961,-0.247032923625186,"A","B",0,0.739742,0.639182,0.724557,0.629813
9,6,0.0410949488668447,-0.0732562131974189,-0.0216274049032499,-0.295239225074598,-0.0804243233774683,0.301291712832018,"A","A",1,-2.38419e-07,0.207209,0.064314,0.28845
9,7,0.0410949488668447,0.155446110931108,0.107131098706796,0.268079228219354,-0.113097280710783,-0.156096924040637,"A","B",0,0.299599,0.316096,0.351048,0.209624
9,8,0.174504637941819,0.0315656853614894,0.525596235439447,0.058846659853029,-0.258364427296693,0.138352881484181,"A","A",1,0.234775,0.302904,0.358833,0.326882
9,9,0.660497076714939,0.488970333618544,0.300268854121866,1.00844062397712,0.286568949507496,0.0220616185035806,"A","B",0,0.421324,0.322274,0.314476,0.367292
9,10,0.0029778948454235,-0.368663381863433,-0.343523663928366,-0.0860066567082731,0.0560725124149768,-0.0185898096076,"A","A",1,0.105622,0.221565,0.201805,0.184358
9,11,0.812965292800624,0.0792120028882659,0.606070300195726,0.235889602316843,0.123875861612776,0.0552260627431294,"A","B",0,0.347989,0.234921,0.38628,0.307143
9,12,-0.130431794229551,-0.321017064336657,-0.13429109556204,-0.4400925416359,-0.676991130164356,0.142202862249682,"A","A",1,0.216466,0.346309,0.216466,0.346309
9,13,-0.178078111756327,-0.41630969939021,-0.198670347367064,-0.311334038025854,0.406994163466088,0.386903270932365,"A","B",0,0.0409889,0.656532,0.0409889,0.656532
9,14,0.393677698564991,-0.301958537325946,-0.102101469659529,0.364648105926889,0.600547168106681,0.27228306343296,"A","A",1,0.685389,0.636137,0.685389,0.636137
9,15,-0.0256098956706424,-0.349604854852723,-0.102101469659529,-0.13429109556204,0.0579729284524153,0.699958586340954,"A","B",0,0.621127,1.19209e-07,0.530394,0.519117
9,16,0.593792232177452,0.431794752586412,-0.0216274049032499,0.396837731829401,0.292089985754192,-0.0408159397006287,"A","A",1,0.0828218,0.4038,0.362468,0.307473
10,1,-0.317874167730648,-0.281930798941316,-0.278364501539402,-0.332187245039467,-0.657489291748941,0.42666219789904,"A","B",0,0.242667,0.404258,0.49049,0.308408
10,2,0.050545362359997,-0.192072376967988,0.60971076621168,0.0176605877109591,-0.305601470830895,0.0487353208201309,"A","A",1,0.0971143,0.202777,0.202777,0.0971143
10,3,-0.497591011677303,-0.111199797191993,0.084939017086041,-0.574389590789762,-0.344984918536768,-0.0543177960150243,"A","B",0,0.372818,0.205754,0.311302,0.361712
10,4,0.0864887311493281,-0.129171481586659,0.111850388836074,-0.0361621557891065,-0.17568107449661,0.568670371058205,"A","A",1,0.403401,0.289664,0.289664,0.403401
10,5,-0.237001587954652,0.122432099938659,0.27331861933627,-0.345642930914483,-0.0413589567136901,-0.0683904529092004,"A","B",0,0.422994,0.335754,0.125859,0.474783
10,6,-0.0123555330213326,0.248233890701318,-0.184174700414287,-0.103440585164188,1.00114218083273,0.46465337361386,"A","A",1,0.0745529,0.317043,0.176046,0.27256
10,7,-0.371789220914644,-0.0123555330213326,0.00420490183594266,-0.520566847289696,-0.577012400737928,-0.284046244466857,"A","B",0,0.235775,0.342582,0.249354,0.369572
10,8,0.0146019935706658,-0.00336969082399982,-0.17071901453927,0.394419792211418,-0.787077684762282,-0.0235450150845834,"A","A",1,0.0816637,0.246131,0.354243,0.33345
10,9,0.320120628279981,0.841299475725283,0.394419792211418,0.259862933461254,0.103590837267597,0.461397599111707,"A","B",0,0.165187,0.307587,0.278513,0.208766
10,10,0.50882331442397,0.392007365858643,0.973014284837123,0.744267624961844,-0.485918543313095,0.284314881562566,"A","A",1,0.0743251,0.176439,0.28847,0.162651
10,11,-0.192072376967988,0.0146019935706658,-0.0227064699140901,-0.0630735275391393,-0.191160283094567,-0.305951323792749,"A","B",0,0.220599,0.278605,0.230265,0.290974
10,12,0.212290521911987,0.0146019935706658,0.0176605877109591,-0.0496178416641229,-0.0200393456096771,-0.10497507692024,"A","A",1,0.346526,0.462559,0.379143,0.542589
10,13,-0.102213954994661,-0.0213413752186654,-0.3590986167895,-0.412921360289565,-0.390522922428729,0.688102318393228,"A","B",0,0.102113,0.0366563,0.228876,0.191981
10,14,-0.210044061362654,-0.0842422705999949,-0.089984899289172,-0.0630735275391393,-0.267099795386022,0.786411000674259,"A","A",1,-2.38419e-07,0.0632896,0.293702,0.283165
10,15,-0.129171481586659,0.0685170467546626,-0.197630386289303,0.12530607471109,-0.0435973016839205,0.157850175708637,"A","B",0,0.171406,0.331527,0.194223,0.329135
10,16,0.104460415543994,-0.0932281127973277,-0.21108607216432,0.00420490183594265,-0.0568845743780158,0.194124215967826,"A","A",1,0.362891,0.318863,0.400692,0.194045
11,1,-0.236949378401624,0.156940497382894,-0.00271281749378953,0.113034062241229,0.25442755909842,-0.641534410512304,"A","B",0,0.580384,0.327857,0.427169,0.521836
11,2,-0.547516395847109,-0.418744705686786,-0.407826896566355,-0.321016736765091,0.125202482660802,-0.694147072447959,"A","A",1,0.479076,0.246434,0.479076,0.246434
11,3,-0.274823404919366,-0.183925741276785,-0.205269857030072,-0.282434443520085,0.330999483634294,-0.663471874139161,"A","B",0,0.162955,0,0.162955,0
11,4,0.0433184178296676,0.31601140875741,0.248072088598751,-0.0991685506063051,0.238255866642594,-0.795053466603142,"A","A",1,0.1252695,0.531253,0.430915,0.195652
11,5,-0.0551540511164618,0.164515302686442,-0.243852150275078,-0.224561003652575,0.438362677715088,0.234919493436885,"A","B",0,0.814879,0.507907,0.814879,0.507907
11,6,0.876547001219993,0.240263355721926,0.875034353830102,1.48270547243895,0.418163583298972,-0.667588354024846,"A","A",1,0.510534,0.579679,0.510534,0.579679
11,7,-0.327847042044205,-0.130902104151946,-0.185978710407569,-0.272788870208833,0.683443043787836,-0.63099352267388,"A","B",0,0.295782,0.0849184,0.364111,0.179083
11,8,1.03561791259451,1.19468882396903,0.392755688267524,0.5567304345588,0.806068255752996,0.0864346897964092,"A","A",1,0.508311,0.221075,0.518515,0.409174
11,9,-0.221799767794527,-0.199075351883882,-0.12810527054006,-0.25349772358633,0.568197802975109,-1.02384606898394,"A","B",0,0.102167,0.0995731,0.0822031,0.0879486
11,10,-0.153626520062591,-0.274823404919366,-0.079877403983802,-0.25349772358633,1.18869033729798,-1.17560786054653,"A","A",1,0.508422,0.263805,0.470528,0.256179
11,11,0.0811924443474096,0.520531151953218,0.315591101777512,-0.0798774039838019,0.946957141755232,-0.21745870168571,"A","B",0,-2.38419e-07,0.253909,0.227212,0.222983
11,12,-0.259673794312269,-0.282398210222914,-0.185978710407569,-0.0316495374275442,0.0575032593604977,-0.0938914231762192,"A","A",1,0.256556,0.626374,0.256556,0.626374
11,13,-0.699012501918077,-0.449043926900979,-0.388535749943852,-0.465700336433864,0.429484577817372,-0.597527216036034,"A","B",0,0.201854,0.492723,0.449996,0.384347
11,14,-0.509642369329367,-0.49449275872227,-0.465700336433864,-0.214915430341324,0.534704503026537,-0.370016795914709,"A","A",1,0.100582,0.298548,0.136273,0.259883
11,15,0.323586214060959,0.300861798150314,-0.0123583908050411,0.0937429156187259,0.391923385942423,-0.371749766463305,"A","B",0,0.587419,0.604697,0.587419,0.604697
11,16,0.111491665561603,0.353885435275153,0.228780941976248,0.498856994691291,0.778184165773246,-0.569035776564953,"A","A",1,0.143549,0.0392021,0.0767735,0.0943785
12,1,-0.218649971450354,-0.309714601642259,-0.0991538689634707,-0.0991538689634707,-0.659532763063879,0.584452529097523,"A","B",0,0.385517,0.120487,0.250391,0.255471
12,2,0.100076234221312,-0.249004848180989,0.18743279745998,-0.0786833927903671,0.0469305113840175,-0.0796574486103458,"A","A",1,0.287679,0.328229,0.287679,0.328229
12,3,-0.522198738756702,-0.188295094719719,-0.406211011560025,-0.385740535386921,-0.53584473293929,0.171679570843676,"A","B",0,0.0362828,0.266716,0.141686,0.411432
12,4,-0.507021300391385,-0.491843862026068,-0.385740535386921,-0.2629176783483,-0.567867639772851,0.0451501952911261,"A","A",1,0,0.0950783,0,0.0950783
12,5,0.160785987682581,0.191140864413216,0.207903273633084,-0.0991538689634707,0.319253779772159,0.603101909741522,"A","B",0,0.366995,0.271358,0.230144,0.274063
12,6,-0.157940217989084,-0.400779231834163,-0.344799583040714,0.0850804165944619,-0.19768882540871,-0.297419073522745,"A","A",1,0.350088,0.657687,0.350088,0.657687
12,7,-0.370424355103528,-0.431134108564798,-0.0786833927903671,-0.365270059213818,-0.28735231360444,-0.295134280292014,"A","B",0,0,0.197328,0.0283263,0.197372
12,8,0.616109138642104,-0.157940217989084,0.085080416594462,0.555901368575845,-0.366564988318864,-0.275111419956607,"A","A",1,0.284072,0.373328,0.489445,0.399673
12,9,0.81341583739123,0.373270124797025,0.371667083017913,1.35424993932689,0.100704519586488,0.792235270754338,"A","B",0,0.314137,0.341245,0.35299,0.296114
12,10,0.145608549317264,0.0545439191253594,0.0236689880751511,0.228373749806187,-0.0105798823296762,0.352923560358925,"A","A",1,0.220989,0.435783,0.208693,0.363511
12,11,0.130431110951946,0.312560371335755,0.0850804165944619,0.0441394642482547,-0.570982379262608,0.151601380757667,"A","B",0,0.308328,0.515179,0.308328,0.515179
12,12,0.40362500152766,0.327737809701073,0.105550892767566,0.0850804165944619,-0.123917994400528,0.677520424300866,"A","A",1,0.321129,0.449915,0.329735,0.358085
12,13,-0.400779231834163,-0.173117656354402,-0.0991538689634707,-0.385740535386921,-0.0275107860138093,0.405779745639649,"A","B",0,0.155063,0.392106,0.404088,0.437458
12,14,-0.0972304645278148,-0.173117656354402,-0.324329106867611,-0.426681487733129,-0.180312029028551,-0.127869189531735,"A","A",1,0.383241,0.239886,0.398987,0.257881
12,15,-0.157940217989084,-0.0213432727012277,-0.467622440079336,-0.508563392425543,-0.571965296008592,0.231949942705033,"A","B",0,0.142964,0.200621,0.27479,0.139466
12,16,0.919657905948452,0.479512193354247,0.903899463518607,0.494489940056535,-0.371752966110581,1.06378066794284,"A","A",1,0.0898702,0.427352,0.0898702,0.427352
13,1,-0.368967565794261,-0.216308647792961,-0.278786986523087,-0.398178290788736,-0.694807204732947,-0.441745901441544,"A","B",0,0.218233,0.41552,0.294729,0.498975
13,2,-0.208273967898155,-0.48948776421634,-0.404811141025716,-0.358381189366853,-0.0946524318669102,-0.37427845065629,"A","A",1,0.549861,0.226589,0.549861,0.226589
13,3,0.0367837688934053,0.125165247736263,0.218676781250451,0.192145380302529,0.675760233172401,-0.0518897816847968,"A","B",0,0.631264,0.685957,0.631264,0.685957
13,4,0.185425346947303,-0.228360667635168,0.0263241243780163,0.112551177458763,0.328010021234901,-0.109593320622122,"A","A",1,0.415376,0.440458,0.37554,0.482746
13,5,0.731783579794061,0.233633426316134,0.523787892151554,0.709507698787008,0.858796382023168,-0.206742447729114,"A","B",0,0.155662,0.290355,0.35861,0.39507
13,6,-0.0154416504228289,-0.292638106793611,-0.172661382731399,-0.278786986523087,-0.0657403755016563,-0.198769184979939,"A","A",1,0.242315,0.320538,0.242315,0.320538
13,7,0.0970438681044448,-0.115875149107895,-0.0333715277548082,-0.0134729770438666,0.0309982876285443,-0.0581262687321733,"A","B",0,0.068758,0.378982,0.288964,0.317738
13,8,0.0890091882096396,-0.364950225846858,-0.0466372282287692,-0.0466372282287691,-0.301836689552294,-0.251642075990399,"A","A",1,0.474472,0.623793,0.597169,0.59973
13,9,0.0086623892615869,0.0408011088408079,-0.0665357789397107,-0.245622735338184,0.587348857971359,-0.237591380984853,"A","B",0,0.256419,0.214931,0.214204,0.204427
13,10,-0.196221948055947,-0.421192985110495,-0.384912590314775,-0.132864281309516,-0.15068846089852,-0.245051563763039,"A","A",1,0.0915721,0.367154,0.0626397,0.389405
13,11,0.39432702421224,0.703662200162242,0.616647795469281,0.576850694047398,-0.0994035523982722,-0.45067349293676,"A","B",0,0.274529,0.462846,0.481377,0.377009
13,12,0.245685446158342,-0.292638106793611,0.0661212257998994,0.0528555253259384,1.2721874800492,-0.335887241827007,"A","A",1,0.31079,0.275905,0.324378,0.256112
13,13,-0.284603426898805,-0.473418404426729,-0.398178290788736,-0.484405343869482,-0.0130727164795921,-0.28553100807425,"A","B",0,0.118486,0.377938,0.418813,0.499397
13,14,0.0930265281570422,0.269789485842758,0.178879679828568,0.278372433383275,0.314785384982648,-0.325943751989232,"A","A",1,0.172181,0.157157,0.28483,0.166878
13,15,0.221581406473926,-0.04758037000205,0.0528555253259384,-0.126231431072535,-0.0200044268876592,-0.306090122511796,"A","B",0,0.461512,0.516408,0.518389,0.459975
13,16,0.542968602266137,-0.00338963058062103,0.377865186937983,-0.112965730598574,1.41419005822009,-0.16231485304114,"A","A",1,0.352056,0.414719,0.359955,0.380162
14,1,-0.380910365930436,-0.481925269602596,-0.440125144857146,-0.371589842494963,-0.327975555105475,0.0701760474519888,"A","B",0,0.688584,0.242196,0.403509,0.634325
14,2,-0.158677577851685,-0.374176039018959,-0.520082997613027,-0.165983935408413,-0.301706196916998,0.197896350126595,"A","A",1,0.229344,0.194121,0.0953231,0.238959
14,3,-0.232755173877935,-0.327035750638618,-0.165983935408413,-0.337322191313871,-0.521374437651943,0.544022491973309,"A","B",0,0.392467,0.0855113,0.413338,0.0551967
14,4,0.164570113899227,0.110695498607409,0.222382777977293,0.176692576402504,-0.436842784748229,0.737188076489684,"A","A",1,0.142684,0.0989097,0.179488,0.166025
14,5,0.124164152430363,0.588832709322299,0.142424925221412,1.11334170868568,-0.383912646120785,0.317933371010137,"A","B",0,0.236356,0.133265,0.276262,0.155318
14,6,0.077023864050022,-0.0105223857991833,-0.165983935408413,-0.25736433855799,-0.452546334373825,0.52019757870014,"A","A",1,0.391504,0.338589,0.430136,0.17364
14,7,-0.515596904159983,-0.636814788566575,-0.508660447219329,-0.291631989739082,-0.471510872020055,-0.581433127198896,"A","B",0,0.286571,-1.19209e-07,0.241991,0.155986
14,8,0.474349151827184,1.20839078517821,0.656439692937787,1.04480640632349,0.0658755870972737,0.176349980947335,"A","A",1,0.307194,0.400205,0.401637,0.389594
14,9,0.56189540167639,1.01309530474537,0.405143584276448,0.873468150418034,0.0748497846548528,0.553250725163656,"A","B",0,0.229817,0.0141965,0.303858,0.234074
14,10,-0.205817866232026,-0.212552193143503,-0.360167292101265,0.142424925221412,-0.39466509310774,0.289084773488964,"A","A",1,0.500686,0.223767,0.317518,0.226966
14,11,-0.205817866232026,-0.259692481523845,-0.485815346431935,-0.0174907802903488,-0.343134742660854,-0.171414431510699,"A","B",0,0.402028,0.265782,0.266757,0.255002
14,12,0.0635552102270673,-0.199083539320549,-0.531505548006724,0.0853121732529262,-0.401329640167398,0.580528449282202,"A","A",1,0.397045,0.359791,0.366157,0.41666
14,13,-0.333770077550095,-0.165411904763162,-0.291631989739082,-0.0403358810777433,-0.183662578090585,0.279628426669193,"A","B",0,0.416772,0.457171,0.466559,0.425682
14,14,-0.14520892402873,0.184773094633659,0.0510445220718345,-0.108871183439927,-0.340630677137856,0.591234236663139,"A","A",1,0.28345,0.0758309,0.240605,0.149466
14,15,-0.306832769904186,0.103961171695931,-0.38301239288866,0.519369088213421,-0.386147122809009,0.317974846215487,"A","B",0,0,0.0706188,0.4419,0.469555
14,16,0.346396940509115,0.130898479341841,-0.0746035322588349,0.0853121732529262,-0.0852756143996775,0.467371128086071,"A","A",1,0.25978,0.430847,0.246564,0.343465
15,1,-0.341418781151342,-0.104666943106307,-0.32171461796093,-0.265865425692848,-0.0564164212957621,0.557803143254259,"A","B",0,0.286083,0.360606,0.215113,0.409741
15,2,-0.243932730191622,-0.139483389877636,-0.0145440604864797,-0.303098220538236,-0.909935704920838,0.434239793079775,"A","A",1,0.40521,0.193753,0.332745,0.194085
15,3,-0.334455491797076,-0.306602334380013,-0.200708034713419,-0.32171461796093,-0.656523231575742,0.604768131920438,"A","B",0,0.347339,0.097225,0.348678,0.116304
15,4,0.334020286212435,-0.0350340495636495,0.0413051317816022,0.0226887343589082,-0.3610050721224,0.457934707467248,"A","A",1,0.260091,0.476456,0.448017,0.252771
15,5,0.0833418694588681,0.577735413611735,0.506715067348952,0.404324881524135,-0.733199118651341,0.788410695724408,"A","B",0,0.0959567,0.20465,0.202164,0.300475
15,6,-0.0141441815008523,-0.466757989528125,-0.284481823115542,-0.200708034713419,-0.789919924705687,0.205120731501654,"A","A",1,0.276474,0.157191,0.298779,0.266882
15,7,-0.348382070505608,-0.341418781151342,-0.237940829558807,-0.200708034713419,-0.682776489683888,-0.0512470164686561,"A","B",0,0.440387,0.292848,0.166222,0.142168
15,8,0.222607656544183,0.159938052355791,0.218160907297195,0.125078920183725,-0.561095460283281,0.576827917467994,"A","A",1,0.120975,0.444481,0.270884,0.463198
15,9,-0.00718089214658654,0.431506337172155,0.0971543240496841,0.190236311163154,-0.697462933151899,0.209291607022025,"A","B",0,0.238447,0.264131,0.355236,0.191225
15,10,0.19475449912712,-0.0837770750435097,0.153003516317766,0.246085503431236,-0.741131534696774,1.76797414767735,"A","A",1,0.499799,0.321293,0.414672,0.343999
15,11,0.0763785801046023,0.104231737521665,-0.0703932527545617,0.274010099565277,-0.64961725404127,1.28536508718684,"A","B",0,0.211317,0.369793,0.269252,0.378331
15,12,0.0415621333332736,0.605588571028798,0.283318298276624,0.581180657039727,-0.398884064301824,0.46149778254004,"A","A",1,0.12274,0.347258,0.247792,0.441751
15,13,-0.285712466317216,-0.0907403643977754,-0.340331015383624,-0.0797014514659087,-0.57572608534284,0.198456633737137,"A","B",0,0.329248,0.112271,0.298697,0.178212
15,14,0.104231737521665,0.0694152907503366,-0.0797014514659086,0.0878461253383371,-0.172971460186948,0.709229182313895,"A","A",1,0.50353,0.266647,0.381835,0.497554
15,15,-0.0768137856892439,0.299203839441106,-0.163475239868032,0.0878461253383371,-0.561864513910828,0.46020465607759,"A","B",0,0.188824,0.415454,0.271125,0.371186
15,16,0.0345988439790079,-0.118593521814838,-0.116934246311297,-0.116934246311297,-0.310799514743368,0.193451583112692,"A","A",1,0.314439,0.387405,0.378555,0
16,1,0.00032191240577559,-0.143894845381682,-0.296200011438332,-0.164663026766942,0.304665061581991,-0.166136926907249,"A","B",0,0.532139,0.451364,0.438288,0.467933
16,2,0.180592859640098,-0.179949034828547,-0.133713148020733,-0.00217616334934289,-0.389123666580612,0.71947981699066,"A","A",1,0.179026,0.194085,0.43286,0.401034
16,3,-0.458081353418644,-0.231455019752639,-0.25751266300557,-0.203350375199704,-0.420330218808235,0.219314072136499,"A","B",0,0.407502,0.204625,0.550585,0.333765
16,4,-0.216003224275411,-0.210852625783002,-0.373574708303856,-0.00991363303589526,-0.336312794613003,-0.261143603987541,"A","A",1,0.351049,0.534579,0.483812,0.449113
16,5,0.36601440536683,0.618393731494881,0.0829360032027329,0.562659123768978,0.00182477233446492,0.255545408197383,"A","B",0,0.468624,0.46847,0.53365,0.502552
16,6,0.10333388225396,-0.169647837843728,-0.350362299244199,-0.0950257995879711,-0.623282532010906,0.0949098775457101,"A","A",1,0.265332,0.827053,0.62724,0.184041
16,7,0.118785677731187,0.201195253609735,0.508496835963112,0.616821411574845,0.788459464260482,-0.231796728195408,"A","B",0,0.323893,0.144004,0.292494,0.141428
16,8,-0.0511840725183165,-0.205702027290593,-0.327149890184541,0.160310700068256,-0.234556701846265,-0.231490064456424,"A","A",1,0.286254,0.272435,0.387289,0.327541
16,9,0.94803203500907,0.582339542048016,-0.0795508602148664,0.748358396246235,0.033194503432373,0.309585748549726,"A","B",0,0.316856,0.507427,0.352386,0.504336
16,10,-0.061485269503135,-0.138744246889273,-0.071813390528314,0.0287737153968665,-0.144245637429866,0.232058904591524,"A","A",1,0.378321,0.548958,0.530271,0.45439
16,11,-0.0666358679955442,0.185743458132507,-0.0718133905283141,0.00556130633720944,-0.940344703832417,0.565723119750142,"A","B",0,0.221234,0.129443,0.293578,0.129364
16,12,-0.221153822767821,-0.272659807691913,-0.133713148020733,-0.0640759208417617,-0.0852058341034442,0.804279374391741,"A","A",1,0.426237,0.266855,0.479858,0.32074
16,13,-0.385972974524915,-0.200551428798184,-0.474161814229036,-0.172400496453495,0.146125535384842,-0.272341050603655,"A","B",0,0.218256,0.0967746,0.406695,0.393743
16,14,-0.107840655934818,-0.169647837843728,-0.0176511027224476,0.322797563485856,-0.136086693915612,0.81183343071442,"A","A",1,0.337784,0.218534,0.417546,0.222976
16,15,-0.185099633320956,0.113635079238778,-0.226562784259361,0.0906734728892853,-0.498445069385223,-0.154281137952398,"A","B",0,0.378679,0.204055,0.351599,0.443858
16,16,0.242400041549008,0.0157737078830032,0.00556130633720944,0.392434790664827,-0.414939689231231,0.253063963997531,"A","A",1,0.25268,0.117027,0.162096,0.42012
17,1,0.0418761302209364,0.0606178947953415,-0.0193766875798109,-0.167650470799234,-0.946279791115219,0.349180017621448,"A","B",0,0.261579,0.134898,0.408126,0.219888
17,2,-0.445409748713597,-0.539118571585622,-0.598992385619372,-0.491156906914338,-0.885284921994094,0.274652884687625,"A","A",1,5.96046e-08,0,0.157244,0.157244
17,3,-0.548489453872825,-0.286104749831153,-0.572033515943114,-0.396800863047432,-0.946279791115219,1.26980416325577,"A","B",0,0.552957,0.262602,0.552957,0.262602
17,4,0.0418761302209364,0.20118112910338,0.101938225963353,0.748951098193561,-0.678586500040363,0.823249950275063,"A","A",1,0.287902,0.252154,0.261383,0.283043
17,5,0.116843188518557,0.754063184048331,0.0614999214489651,0.897224881412984,-0.00215168765682959,0.507786263967892,"A","B",0,0.258089,0.228332,0.261239,0.238792
17,6,-0.0518326926510892,-0.16428328009752,0.00758218209644773,-0.65291012497189,-0.570440313147469,0.999253322546645,"A","A",1,0.602207,0.275644,0.602207,0.275644
17,7,-0.267362985256748,0.735321419473926,0.304129748535293,0.991580925279889,-0.847958398497297,1.0944723326363,"A","B",0,0.392232,0.0504791,0.386387,0.181622
17,8,0.304260834262608,0.173068482241772,-0.00589725274168155,0.290650313697164,-0.352406128201504,0.402836895148094,"A","A",1,0.217284,0.178062,0.203779,0.194202
17,9,0.0231343656465313,0.20118112910338,-0.0328561224179403,0.182814834992129,-0.416045192577836,0.831490325964573,"A","B",0,0,0.43296,0.143538,0.325704
17,10,0.276148187401,0.0793596593697466,0.479362401430974,0.236732574344646,-0.375200070632972,0.416442608828991,"A","A",1,0.686706,0.663029,0.686706,0.663029
17,11,-0.16428328009752,-0.0237200457894815,-0.315924254018656,-0.0867738617704576,-0.946279791115219,0.334399106049346,"A","B",0,0.315366,0.381274,0.315366,0.381274
17,12,-0.0612035749382918,-0.192395926959128,-0.410280297885562,-0.221568210151751,-0.929253412143854,0.728153356632407,"A","A",1,0.672411,0.515259,0.564248,0.617033
17,13,-0.482893277862407,-0.0330909280766841,-0.410280297885562,-0.262006514666139,-0.693014152722549,0.159490486575224,"A","B",0,0.338967,0.532449,0.25675,0.747693
17,14,-0.0612035749382918,0.0231343656465313,-0.167650470799234,0.0884587911252238,-0.449947553171395,0.676556573028139,"A","A",1,0.0558764,0,0.0558764,0
17,15,-0.0330909280766841,0.0231343656465313,-0.100253296608587,-0.0463355572560696,-0.946279791115219,0.774290366700459,"A","B",0,0,0.2827,0.126283,0.407177
17,16,0.248035540539393,0.0512470125081389,0.317609183373422,0.250212009182776,-0.490782182277945,0.834131023607009,"A","A",1,0.595563,0.504396,0.428226,0.593782
18,1,0.0144755296809686,-0.0516983202891734,-0.544579069632964,-0.0649497972956746,0.00640246798059327,-0.475927652429191,"A","B",0,0.148781,0.202038,0.29603,0.227115
18,2,-0.095814220269268,0.146823229621253,0.0035686701810811,0.391839985882697,0.611927866746881,-0.407693929027593,"A","A",1,0.285439,0.448373,0.386753,0.248612
18,3,-0.206103970219505,-0.217132945214528,-0.384702645520534,-0.247665710567023,0.127689304134133,-0.172137634261844,"A","B",0,0.40811,0.168521,0.378581,0.443485
18,4,-0.0406693452941497,0.0255045046759923,-0.13346826477243,0.506037431677289,0.351380066942328,-0.352890423116412,"A","A",1,0.248201,0.0525539,0.415792,0.191817
18,5,0.301228879551584,1.41515535404897,0.80295079074323,1.53381444382862,0.212277152335038,-0.00862404485143409,"A","B",0,0.354669,0.336775,0.354669,0.336775
18,6,-0.250219870199599,-0.536973220070214,-1.00136885281134,-0.0877892864545931,0.615163920917123,0.0986280362194443,"A","A",1,0.69561,0.358689,0.385481,0.599664
18,7,-0.16198807023941,0.49975042946201,-0.61309753710972,0.80295079074323,0.33178988797278,-0.20134904876807,"A","B",0,0.200117,0.196674,0.19093,0.20556
18,8,-0.371538595144859,-0.0516983202891733,-0.498900091315127,0.254803050929185,0.786579962513716,-0.647537304104346,"A","A",1,0.0705445,0.199866,0.0705445,0.199866
18,9,0.0255045046759922,0.235055029581442,-0.430381623838371,0.254803050929185,0.437749918111217,0.294778753158791,"A","B",0,0.0642408,0.48809,0.214047,0.342936
18,10,0.0475624546660396,-0.261248845194623,-0.270505199725942,0.551716409995126,0.945312568351485,-0.642859052410125,"A","A",1,0.737403,0.405182,0.506898,0.618336
18,11,-0.305364745174718,0.124765279631205,-0.270505199725942,0.460358453359452,1.09939853230378,-0.141653924953642,"A","B",0,0.206443,0.245354,0.137224,0.360873
18,12,-0.184046020229457,-0.128901145254339,-0.339023667202697,-0.430381623838371,0.195520002474237,-1.06350263105456,"A","A",1,0.244431,0.370279,0.320992,0.294119
18,13,-0.139930120249363,-0.00758242030907873,-0.0192708189778374,0.277642540088104,-0.726798899531763,-0.211440480209826,"A","B",0,0.108129,0.575968,0.12181,0.562803
18,14,-0.294335770179694,-0.095814220269268,-0.727294982904312,0.0720871376578368,0.189166430916545,0.278693311733815,"A","A",1,0.499012,0.3689,0.314428,0.422887
18,15,-0.261248845194623,0.113736304636182,-0.042110308136756,-0.13346826477243,0.398470779519794,-0.722124599063636,"A","B",0,0.473387,0.341047,0.284819,0.56818
18,16,0.477692479471962,0.235055029581442,-0.110628775613512,0.437518964200534,-0.0288819810307146,-1.17750735751854,"A","A",1,0.536844,0.384058,0.404557,0.456784
20,1,-0.196640030475655,-0.0292125987624586,-0.0331242128811462,-0.407770482709282,-0.534720848056661,0.0694822064878156,"A","B",0,0.321607,0.29989,0.304322,0.279028
20,2,-0.182687744499555,-0.475685749997648,-0.206740776947843,-0.490009907793507,0.423096515157135,-0.109594240814642,"A","A",1,0.146649,5.96046e-08,0.237598,0.0527903
20,3,-0.175711601511505,-0.315234461272502,-0.261567060337327,-0.371219627116293,-0.054377594797,0.633770712644118,"A","B",0,0.291448,0.0646482,0.371111,0.133515
20,4,-0.057117170714658,-0.154783172547356,-0.25242934643908,-0.0970882101688767,-0.0720385405151098,0.298469581327733,"A","A",1,0.359731,0.558137,0.374612,0.408942
20,5,0.493998125341279,1.37299214183556,0.67047975728389,1.02685059931553,-0.297849243143963,0.417669136890146,"A","B",0,0.405355,0.45906,0.178265,0.246333
20,6,0.389355980520532,-0.126878600595156,-0.0970882101688768,-0.00571107118640452,0.0626962939348181,-0.275129277957806,"A","A",1,0.157911,0.0876488,0.239035,0.304095
20,7,-0.273377603344203,-0.057117170714658,0.058252926101326,-0.225016204744338,-0.277190735456476,-0.000860806356129583,"A","B",0,0.13808,0.107629,0.13808,0.107629
20,8,0.110310260998538,-0.210592316451754,0.0948037816943149,-0.0788127823723823,-0.236286011581236,0.00250511441218983,"A","A",1,0.234093,0.567842,0.504321,0.315738
20,9,0.340522979604183,-0.0292125987624586,-0.00571107118640453,0.405486054234721,-0.499598343493263,-0.335181900501016,"A","B",0,1.19209e-07,0.46431,0.483373,0.323843
20,10,0.0196204021538902,-0.175711601511505,0.250144917964518,-0.215878490846091,-0.15278346513103,-0.278089666103437,"A","A",1,0.360209,0.285951,0.34685,0.311514
20,11,-0.266401460356153,-0.0292125987624586,0.268420345761012,-0.023986498982899,-0.139661105348516,0.68482051096363,"A","B",0,0.285334,0.399608,0.313969,0.425553
20,12,0.201000119843186,-0.112926314619057,-0.0148487850846518,-0.325531057625057,-0.398850522263203,-0.4986689978996,"A","A",1,0.290839,0.49213,0.2921,0.442753
20,13,-0.294306032308352,-0.0361887417505085,0.0856660677960677,-0.00571107118640453,0.48798173478739,0.123066583699134,"A","B",0,5.96046e-08,0.315841,0.237012,0.373864
20,14,0.0754295460582889,0.0614772600821892,0.186180920676787,-0.124501351863618,-0.0112018882347014,-0.389377956084891,"A","A",1,0.200687,0.200645,0.289055,0.413814
20,15,0.0196204021538902,0.0824056890463388,-0.124501351863618,0.0399774983048316,0.270136368755855,0.783287211191063,"A","B",0,0.382575,0.370405,0.408136,0.314276
20,16,0.0893818320343886,-0.057117170714658,0.186180920676787,0.094803781694315,-0.0184643016193586,0.32294347510702,"A","A",1,0.220918,0.330988,0.33578,0.279268
21,1,0.0833466329068829,-0.226428954554393,-0.229872950467647,-0.0647138012542771,-0.0270787617438591,-0.505742484775537,"A","B",0,0.462256,0.668134,0.462256,0.668134
21,2,-0.203762448154787,-0.657092576146898,-0.623713998591836,-0.407736649620507,0.45380906035235,-0.0389216563177305,"A","A",1,0.365007,0.22635,0.365007,0.22635
21,3,0.106013139306488,-0.37753899721843,0.0115134983826628,0.163968097656543,-0.08827983255406,0.0457499682468714,"A","B",0,0.046699,0.347094,0.434368,0.241325
21,4,-0.022430396957943,-0.317094980152815,-0.0393047013752971,-0.407736649620507,-0.308208347058645,-0.437933439992742,"A","A",1,0.245552,0,0.333106,0.146791
21,5,-0.218873452421191,-0.513538035616063,-0.585600348773366,-0.179054750709687,0.120904230073708,-0.755168144048092,"A","B",0,0.0360571,0.181335,0.143664,0.127946
21,6,0.657564795030224,0.128679645706094,0.710263745054612,-0.128236550951727,0.703781467003393,-0.416837897475215,"A","A",1,0.376024,0.307014,0.318092,0.325879
21,7,0.589565275831407,1.24689396141997,0.761081944812572,0.697559195115122,0.85335274758562,0.0904051274401822,"A","B",0,0.209544,0.61586,0.209544,0.61586
21,8,0.627342786497416,-0.181095941755182,0.545104595841242,0.202081747475013,1.10228361285049,0.0091376856484333,"A","A",1,0.0413525,0.222497,0.281999,0.334931
21,9,0.408233224634562,-0.0828744140235578,0.367240896688382,0.811900144570532,0.238276790606021,-0.717398043471677,"A","B",0,0.189867,0.369396,0.212771,0.375098
21,10,0.181568160638507,-0.407761005751237,-0.267986600286117,-0.191759300649177,0.576594667328705,-0.601608823763947,"A","A",1,0.140281,0.389272,0.244939,0.408782
21,11,0.362900211835351,-0.0602079076239523,0.214786297414503,0.634036445417672,0.0744529686325109,0.0237341088750557,"A","B",0,0.251672,1.19209e-07,0.34042,0.280825
21,12,0.378011216101755,-0.0828744140235578,0.341831796809402,0.189377197535523,-0.0389290782278458,-0.320550983580275,"A","A",1,0.332412,0.166992,0.299696,0.403899
21,13,-0.49842703134966,-0.649537074013697,-0.611009448652346,-0.941327747079086,0.170514751253955,-0.508728566611899,"A","B",0,0.396673,0.590315,0.634239,0.358348
21,14,-0.0148748948247412,-0.226428954554393,-0.179054750709687,-0.598304898712856,0.595339938309742,-0.362922668428133,"A","A",1,0,0.141095,0.297401,0.250029
21,15,-0.0299858990911448,-0.475760524950054,-0.496668499196937,-0.369622999802037,0.0943016302506789,0.267375626197806,"A","B",0,0.319934,0.0853156,0.25288,0.194713
21,16,0.544232263032196,-0.0677634097571541,0.545104595841242,0.125854447838073,-0.0164629563090394,-0.275242696296824,"A","A",1,0.237385,0.188821,0.384844,0.178401
22,1,-0.6165107919696,-0.351827672848967,-0.383607285058635,-0.565465553530877,0.597882064586826,0.671602598778972,"A","B",0,0.74419,0.208409,0.535965,0.314273
22,2,0.0168381002119154,-0.153315333508492,0.0558835304159493,0.0407286747099291,-0.0983240533522417,-0.0361082839475386,"A","A",1,0.102367,0.398198,0.167987,0.27717
22,3,-0.550340012189442,-0.597604854889555,-0.610930120648937,-0.686704399179038,-0.131308195781747,-0.255799587472879,"A","B",0,0.471887,0.270305,0.209479,0.462663
22,4,0.735263709253634,0.338239030572684,0.586303480126655,0.677232614362775,0.180025676563906,0.562222758574084,"A","A",1,0,0.314424,0,0.314424
22,5,0.640734023853408,0.999946828374267,0.298361221712272,0.874245738541037,-0.322259706881726,0.740724870275029,"A","B",0,0.377173,0.352452,0.453329,0.22743
22,6,-0.210033144748627,-0.607057823429577,-0.338142717940575,-0.398762140764655,0.0297663181400745,-0.433919161190618,"A","A",1,5.96046e-08,0.307347,0.122418,0.316058
22,7,-0.124956427888424,0.0830088799920737,0.16196752035809,0.237741798888191,-0.539593327326898,-0.255286934529399,"A","B",0,0.217335,0.274576,0.274558,0.353045
22,8,0.451674653052956,0.309880124952616,0.16196752035809,0.419600067360433,1.19477924024623,-0.31601158648936,"A","A",1,0.101208,0.327118,0.380222,0.417767
22,9,0.498939495753069,0.347691999112707,0.298361221712272,0.328670933124312,-0.63497019550708,0.0613087868097417,"A","B",0,0.0537469,0.378162,0.130147,0.356886
22,10,-0.0209737739481751,-0.134409396428446,0.283206366006252,0.0710383861219695,-0.283084694642375,0.221857636292055,"A","A",1,0.247538,0.558892,0.363935,0.401585
22,11,0.0830088799920737,-0.0776915851883108,0.252896654594211,0.298361221712272,-0.185605168704163,-0.112121443739716,"A","B",0,0.297219,0.344158,0.240428,0.366424
22,12,0.120820754152164,-0.0115208054081524,0.0710383861219695,-0.0653553152322119,0.769175807488582,-0.133546173098463,"A","A",1,0.393259,0.347112,0.299487,0.446248
22,13,-0.276203924528786,-0.153315333508492,-0.322987862234555,-0.247213583704454,0.832031742497834,-0.121088966801813,"A","B",0,0.155158,0.666004,0.155158,0.666004
22,14,-0.21948611328865,-0.266750955988763,-0.322987862234554,-0.262368439410474,-0.320375642256956,-0.392560819917867,"A","A",1,0.0766287,0.349704,0.165528,0.373565
22,15,-0.351827672848967,-0.21948611328865,-0.292678150822514,-0.307833006528534,-0.00657999486291568,-0.290691215220004,"A","B",0,0.0897665,0.624294,0.251339,0.579272
22,16,0.328786062032662,-0.0115208054081525,-0.125974738056293,-0.186594160880373,-0.536166099273276,-0.455976249256298,"A","A",1,0.450317,0.252827,0.399029,0.311196
23,1,-0.202902460041265,-0.0914367309198836,-0.0452293010090034,-0.380261160334953,-0.346958803485678,0.0449804528691581,"A","B",0,0.349916,0.380758,0.374132,0.337553
23,2,0.103628295042535,0.0850506735223042,-0.152439495993307,0.00837579648314862,-0.307205191450093,0.0938001907049705,"A","A",1,0.205848,0.240821,0.326374,0.188658
23,3,-0.323656999922762,0.0200289982014982,-0.0988343985011553,-0.554477727184447,0.0177701672471973,-0.0913012008520349,"A","B",0,0.294523,0.351558,0.236155,0.218774
23,4,0.307982131765068,-0.0728591093996532,0.128987265840491,-0.0318280266359653,0.210695260184346,0.296283615921869,"A","A",1,0.184755,0.0887063,0.269789,0.239829
23,5,0.242960456444262,0.716689805210134,1.02687264883404,0.504222948285554,-0.324341121870225,-0.243146899784564,"A","B",0,0.0628442,0.168073,0.234255,0.12849
23,6,-0.19361364928115,-0.110014352440114,-0.407063709081029,-0.353458611588877,-0.639357238171381,-0.485110047947636,"A","A",1,0.295534,0.326927,0.281243,0.209768
23,7,-0.267924135362071,-0.15645840624069,-0.0988343985011553,0.0619808939753006,-0.388165218517272,-0.153041358775299,"A","B",0,0.0672909,0,0.344382,0.384572
23,8,0.326559753285298,0.382292617845989,0.59803186889682,0.0753821683483387,0.210885791724806,0.924585187031668,"A","A",1,0.230076,0.461893,0.301013,0.449521
23,9,0.00145137668126793,-0.267924135362071,-0.286452239723687,-0.179242044739383,0.00713215623817396,0.56563170361899,"A","B",0,0.281251,0.199008,0.324386,0.331145
23,10,0.76313385901071,0.0293178089616134,0.517624222658592,0.825853533238466,-0.0471216999078447,-0.368671460283946,"A","A",1,0.179896,0.162784,0.377058,0.349533
23,11,-0.249346513841841,-0.15645840624069,0.0619808939753006,-0.192643319112421,-0.564855436444381,0.803153085245086,"A","B",0,0.268508,0.368714,0.166102,0.216885
23,12,0.326559753285298,0.317270942525183,0.490821673912516,0.812452258865428,0.0233670312482132,0.246535036826313,"A","A",1,0.277316,0.0400101,0.308898,0.257201
23,13,-0.546588458165526,-0.184324838521035,-0.581280275930523,-0.286452239723687,-0.139827202562971,0.509524134360578,"A","B",0,0.797615,0.28416,0.417821,0.619486
23,14,-0.323656999922762,-0.490855593604835,-0.366859885961915,-0.527675178438371,-0.0300413411870137,-0.359641059147555,"A","A",1,0.131135,0.108223,0.334376,0.434672
23,15,-0.305079378402532,-0.267924135362071,-0.259649690977611,-0.286452239723687,0.179587016797139,0.0795698662768554,"A","B",0,0.315998,0.173988,0.283565,0.294324
23,16,0.345137374805528,0.242960456444262,-0.0720318497550793,0.0485796196022626,0.0343345030459489,0.240950081046576,"A","A",1,0.18843,0.273681,0.164887,0.237184
24,1,-0.171425373523985,-0.164941198638917,-0.367273972473559,-0.210200827013169,-0.712163120854249,-0.059050121530924,"A","B",0,0.319514,0.61569,0.278784,0.642369
24,2,-0.288140521455209,-0.346498095420821,-0.339555182098196,-0.358034375681771,-0.381765164919485,-0.0301015177638608,"A","A",1,0.370713,0.32331,0.429545,0.2789
24,3,-0.0547102255927612,-0.177909548409053,-0.0808464719281418,-0.0716068751363542,-0.699643626740634,0.161259713146518,"A","B",0,0.330094,0.387437,0.296226,0.375646
24,4,-0.0287735260524892,-0.145488673983713,-0.367273972473559,0.270258206159789,-0.00950378735698922,0.901147638133629,"A","A",1,0.122513,0.364681,0.194182,0.364352
24,5,-0.139004499098645,0.0814574469936665,-0.330315585306408,0.140903851074762,0.407911741231133,-0.176035960581679,"A","B",0,0.27979,0.471055,0.271,0.372321
24,6,0.10090997164887,-0.139004499098645,0.233299818992638,-0.12704445588708,-0.35187323690083,0.715956184047969,"A","A",1,0.216177,0.164457,0.280013,0.242372
24,7,-0.197362073064257,-0.0676785753628972,-0.164002843054231,0.00230989919794694,0.129560201374089,0.0953960505165769,"A","B",0,0.518633,0.163262,0.352933,0.421338
24,8,0.243561819120366,0.438087065672406,0.741477642540958,0.436570948411966,-0.0853405138953797,-0.0384033164520042,"A","A",1,0.738866,0.232045,0.738866,0.232045
24,9,0.19817259492489,0.13333084607421,-0.025408891177416,0.0300286895733099,0.375377960033886,0.137403969789784,"A","B",0,0.272198,0.397529,0.342601,0.370669
24,10,1.33290319981179,0.788232509466077,1.0833427238371,1.14801990137961,-0.503271326540007,0.442653882670546,"A","A",1,0.161334,0.376151,0.29864,0.35422
24,11,-0.216814597719461,-0.0611944004778292,-0.210200827013169,0.00230989919794697,-0.928497907095791,-0.0775403674103949,"A","B",0,0.394394,0.246364,0.345729,0.488279
24,12,-0.0417418758226252,-0.0417418758226252,-0.0161692943856284,-0.145523649470655,-0.124654778947277,0.160586299591191,"A","A",1,0.198997,0.420168,0.308269,0.262201
24,13,-0.398371494501364,-0.463213243352044,-0.496628327558586,-0.404232359640709,-0.272195054089337,0.823225238033193,"A","B",0,0.332409,0.268479,0.278679,0.304924
24,14,-0.0871311000181011,-0.0222893511674212,-0.321075988514621,0.0392682863650975,0.0857692356831336,0.191721452635065,"A","A",1,0.324828,0.191856,0.353449,0.258716
24,15,-0.158457023753849,-0.236267122374665,-0.44119074680786,0.0392682863650975,-0.371050528188974,0.150496001743959,"A","B",0,0.109352,0.106316,0.231338,0.254793
24,16,0.29543521820091,0.0360682227981906,0.0115494959897346,0.297976996535152,-0.0469586676123964,0.0895834282495418,"A","A",1,0.0651312,0.237517,0.113173,0.478503
4,1,-0.215740391068415,-0.265586546405521,-0.365837209165617,-0.579551440889141,-0.0768382527123865,-0.557201210310453,"B","B",1,0.503188,0.243119,0.321002,0.434575
4,2,0.133182696291332,-0.0475096168056798,0.168448370143195,-0.353964196292088,-0.520193104048011,0.0629242593928607,"B","A",0,0.569286,1.19209e-07,0.569286,1.19209e-07
4,3,-0.0537403862228181,-0.383971165331149,-0.223361054683267,-0.116503938821505,-0.237752468436742,-0.751018076108977,"B","B",1,0.654838,0.536865,0.504158,0.454985
4,4,-0.0662019250570947,0.0521826938685334,0.120956318649078,-0.163995990315621,0.601697779286373,0.00273384663016329,"B","A",0,0.306634,0.33259,0.420977,0.378124
4,5,0.631644249662398,0.351259625891173,0.619622859337302,0.477146704854953,0.0851822236615039,0.770827824101275,"B","B",1,0.337071,0.197186,0.318537,0.262937
4,6,-0.172125005148446,0.239105776382683,0.00222618991378679,-0.0452658615803297,-0.0120359622196279,-0.0202272077401845,"B","A",0,0.122294,0.214547,0.295182,0.374482
4,7,-0.109817310977063,-0.302971162908351,-0.0690118873273881,-0.437075286406791,0.444879186322296,0.272445109700783,"B","B",1,0.400639,0.229984,0.304635,0.478768
4,8,0.220413468131268,-0.172125005148446,0.215940421637311,0.417781640487307,0.10726810294022,0.0197604272050057,"B","A",0,0.484913,0.529048,0.484913,0.529048
4,9,0.781182715673717,0.369951934142588,1.56946388921963,0.477146704854953,-0.352754408848398,0.278015746660441,"B","B",1,0.137859,0.259664,0.367071,0.365087
4,10,-0.0412788473885414,-0.103586541559925,0.310924524625545,-0.258980093303854,-0.17852573161764,0.136001379544141,"B","A",0,0.265187,0.257945,0.38814,0.336877
4,11,-0.209509621651276,-0.321663471159766,-0.0808849002009172,-0.425202273533262,0.774303940897814,0.0978575123481755,"B","B",1,0.221122,0.334152,0.298214,0.298071
4,12,-0.0848942333085097,0.0895673103713633,0.0378452285343742,-0.140249964568563,0.34239028303538,-0.272076048856313,"B","A",0,0.13611,0.265367,0.255322,0.32603
4,13,0.183028851628438,-0.390201934748288,-0.104630925947975,-0.199615028936209,0.0851822236615039,-0.0895086246850602,"B","B",1,0.532118,0.671957,0.532118,0.671957
4,14,-0.0662019250570947,-0.134740388645616,-0.282726119050913,0.0734642671549617,-0.2064526671259,-0.530926290705499,"B","A",0,0.268853,0.276549,0.328612,0.256942
4,15,0.21418269871413,-0.209509621651276,0.0853372800284908,-0.306472144797971,-0.123802704820644,0.147639241577249,"B","B",1,0.11476,0.362328,0.291701,0.242094
4,16,0.0521826938685334,0.0334903856171184,-0.0215198358332715,-0.401456247786204,-0.297972381483427,-0.00182394724592076,"B","A",0,0.32708,0.363408,0.265906,0.281408
5,1,0.0364744993999143,-0.0052106427714162,-0.191701600452011,-0.0442388308735411,-0.0433936069133306,-0.147120354565929,"B","B",1,0.27922,0.618847,0.48079,0.512617
5,2,-0.349113065684893,0.015631928314249,0.486627139608951,-0.073731384789235,1.00884517629415,-0.137849291224268,"B","A",0,0.192718,0.314482,0.21805,0.375096
5,3,-0.317849209056395,0.119844783742575,-0.368656923946175,-0.412895754819716,0.256201650591824,-0.182836242033057,"B","B",1,0.57354,0.198816,0.36036,0.481887
5,4,0.109423498199743,0.00521064277141639,0.457134585693257,0.398149477861869,0.00299630331490628,0.443529404745719,"B","A",0,0.783807,0.766048,0.783807,0.766048
5,5,-0.0260532138570814,-0.265742781342232,-0.132716492620623,-0.162209046536317,0.60743734590594,-0.0929545898019618,"B","B",1,0.542227,0.494758,0.542227,0.494758
5,6,-0.224057639170902,-0.130266069285408,-0.191701600452011,-0.383403200904022,0.103163762138989,-0.473467934151498,"B","A",0,0.436432,0,0.436432,0
5,7,0.161529925913906,0.203215068085236,-0.191701600452011,-0.457134585693257,0.848923177374928,0.0365481739240936,"B","B",1,0.393852,0.724646,0.393852,0.724646
5,8,0.00521064277141641,0.307427923513563,0.191701600452011,-0.058985107831388,0.108606475941557,-0.0857898874516897,"B","A",0,0.305485,0.550824,0.250189,0.527503
5,9,0.338691780142061,-0.0885809271140773,0.58985107831388,0.811045232681585,0.23197849919085,-0.00752012674429127,"B","B",1,0.576052,0.334011,0.599401,0.302921
5,10,-0.463747206656052,-0.411640778941889,0.265432985241246,-0.324418093072634,0.0457731125725128,0.0507699543404062,"B","A",0,0.135556,0.545139,0.135556,0.545139
5,11,0.307427923513563,0.359534351227726,0.412895754819716,-7.40148683083438e-17,-0.408681958768539,-0.620644142838149,"B","B",1,0.348971,0.0893511,0.258695,0.326121
5,12,-0.328270494599228,0.0990022126569101,-0.14746276957847,-0.486627139608951,-0.324769610587857,-0.568665457278745,"B","A",0,0.482777,0.320298,0.581749,0.245787
5,13,-0.53669620545588,-0.463747206656052,-0.648836186145268,-0.693075017018809,-0.233396593275267,-0.114683164043425,"B","B",1,0.217789,0.613591,0.217789,0.613591
5,14,0.0468957849427469,-0.182372496999571,0.280179262199093,-0.545612247440339,0.387760806891589,-0.788488057821696,"B","A",0,0.616841,0.0899389,0.224133,0.551174
5,15,-0.0885809271140773,-0.265742781342232,-0.132716492620623,-0.044238830873541,0.267471450640642,-0.545852952746092,"B","B",1,0.452704,0.750154,0.162835,0.546412
5,16,0.640909060884207,1.39124161996816,1.01749311009144,0.781552678765891,0.705283195170171,-0.329174518792477,"B","A",0,0.444142,0.754324,0.444142,0.754324
7,1,-0.292442080373737,-0.292442080373737,-0.0588410832326573,-0.35877439245399,-0.327014900635533,-0.201168142488451,"B","B",1,0.54397,0.373757,0.442946,0.542137
7,2,-0.459353136948521,-0.214550253972171,-0.442089200571027,-0.458752162194434,0.137488400028313,0.473998049930547,"B","A",0,0.256773,0.0383986,0.256773,0.0383986
7,3,-0.00312958231077723,-0.170040638885562,0.157777417871639,-0.308785507583768,0.216613123838054,-0.464585054763481,"B","B",1,0.164504,0.462034,0.23,0.440484
7,4,-0.303569484145389,-0.170040638885562,-0.225470699466731,-0.292122545960361,-0.0636484441211258,0.51294232876778,"B","A",0,0.196524,0.413821,0.34861,0.554162
7,5,0.00799782146087505,-0.214550253972171,-0.192144776219916,-0.225470699466731,-0.0440817001513405,0.364877376430148,"B","B",1,0.264294,0.248448,0.403194,0.334896
7,6,0.0636348403191365,0.375202145925401,0.924273652548378,0.457710727092972,0.455821362165939,0.305208393916821,"B","A",0,0.177122,0.22905,0.276162,0.397275
7,7,-0.170040638885562,-0.348079099231998,-0.158818852973102,-0.492078085441249,-0.00763245867693889,-0.303608473282301,"B","B",1,0.216127,0.176193,0.0912709,0.309182
7,8,-0.225677657743823,-0.136658427570605,-0.208807737843324,-0.242133661090139,0.0178628371661053,0.763263448372987,"B","A",0,0.178522,1.19209e-07,0.245738,0.180985
7,9,0.775788681704883,0.297310319523835,0.740981074690897,0.324407034105713,0.213245201816436,-0.319779544562126,"B","B",1,0.612176,0.369093,0.342051,0.621038
7,10,-0.40371611809026,0.13039926294905,0.157777417871639,-0.492078085441249,-0.129513394039016,-0.155334129538082,"B","A",0,0.474422,0.649687,0.474422,0.649687
7,11,0.597750221358446,-0.0253843898540819,0.774306997937712,-0.00885219836243507,0.300808651590454,-0.250940227555482,"B","B",1,0.527337,0.550011,0.527337,0.550011
7,12,0.497603587413576,0.375202145925401,0.27441814923549,0.124451494624824,-0.260983446707585,0.157842253863825,"B","A",0,0.148564,0.12494,0.163532,0.170707
7,13,-0.325824291688694,-0.314696887917041,-0.108829968102879,-0.392100315700805,-0.646689986005744,-0.192371180623747,"B","B",1,0.111881,0.37852,0.282086,0.369323
7,14,0.0413800327758319,0.0747622440907888,0.0577996481311944,-0.00885219836243512,-0.367160026575605,0.080864422668613,"B","A",0,0.125152,0.124296,0.378224,0.328219
7,15,0.0636348403191365,0.0302526290041796,-0.092167006479472,-0.108829968102879,-0.339399267080566,0.527864619972174,"B","B",1,0.135696,0.276222,0.415453,0.339943
7,16,-0.0142569860824296,0.753533874161578,0.607677381703638,0.274418149235491,-0.0940076752882735,-0.360782418432797,"B","A",0,0.293762,0.357024,0.112007,0.46097
8,1,-0.205838515524131,-0.271971371917426,-0.445320578090587,-0.259106746261786,-0.660659502478818,0.283745728762012,"B","B",1,0.190852,0.0864061,0.0610297,0.0928562
8,2,0.0190131962130723,-0.238904943720778,-0.249306018270796,-0.425719122108608,-0.0397070588552863,-0.147720682451783,"B","A",0,0.0971143,0.153755,0.0953231,0.254284
8,3,-0.344717513950051,-0.496823083654629,-0.219903834297828,-0.357114026171681,0.579629036408751,-0.409783925513357,"B","B",1,0.675205,0.101232,0.675205,0.101232
8,4,-0.285197943196085,0.574529189916751,0.211328197305712,0.417143485116492,-0.273549352563934,0.328010432201778,"B","A",0,0.349073,0.268156,0.342653,0.221297
8,5,-0.291811228835414,0.250478193589605,0.0349150934679002,-0.131697282378922,-0.83859515881199,0.440802671754342,"B","B",1,0.46558,0.350629,0.340039,0.371644
8,6,-0.245518229360108,0.44887676276949,-0.112095826396943,0.348538389179565,-0.25094864717997,-0.112013117385813,"B","A",0,0.59698,0.137103,0.59698,0.137103
8,7,-0.331490942671392,0.309997764343571,0.00551290949493154,0.24073038127868,-0.299174988755754,0.326344783456591,"B","B",1,0.363155,0.269801,0.343657,0.369925
8,8,0.548076047359433,1.81121360447137,1.40701701220644,1.24040463635961,0.0264434943759003,0.419832400554357,"B","A",0,0.513007,0.423697,0.480579,0.499304
8,9,-0.192611944245472,0.0520796244097198,0.0251143654769106,-0.190501650324859,0.275487914158491,0.41334235692353,"B","B",1,0.458257,0.324651,0.359078,0.380832
8,10,-0.192611944245472,0.521622904802115,0.45634639708045,0.299534749224618,0.147190703305586,0.225060662507142,"B","A",0,0,0.495996,0,0.495996
8,11,-0.185998658606142,-0.245518229360108,-0.131697282378922,-0.0238892744780371,-0.424486004818132,0.00708252862316866,"B","B",1,0.331273,0.332327,0.30207,0.393384
8,12,-0.152932230409495,-0.152932230409495,-0.200302378315849,-0.415918394117619,-1.02330257526566,0.326630021402384,"B","A",0,0.311219,0.266416,0.473254,0.356054
8,13,-0.562955940047924,-0.258744800638767,-0.582530769964441,-0.739342417820273,-0.600766576774478,-0.0660651579202546,"B","B",1,0.293672,0.280545,0.422826,0.317862
8,14,-0.450530084179323,0.138052337721003,0.181926013332743,-0.38651621014465,-0.625793565425745,0.547411234358598,"B","A",0,0.655608,0.528774,0.655608,0.528774
8,15,-0.252131514999437,0.309997764343571,-0.0924943704149638,-0.0924943704149639,-0.395451599101276,0.708070626962612,"B","B",1,0.414666,0.290521,0.440208,0.196669
8,16,-0.21245180116346,0.58775576119541,0.0055129094949315,0.181926013332743,0.552274365261566,0.560658952285439,"B","A",0,0.39182,0.1314,0.18731,0.368678
9,1,-0.0256098956706424,-0.149490321240261,-0.295239225074598,-0.0055325919519941,-0.114746492329479,-0.289016827348823,"B","B",1,0.379403,0.123493,0.423955,0.244168
9,2,-0.359134118358078,-0.0160806321652871,-0.32742885097711,-0.182575534415808,-0.0698300500653121,-0.731398730684466,"B","A",0,0,0.34837,0,0.34837
9,3,-0.587836442486605,-0.587836442486605,-0.681514735904737,-0.74589398770976,-0.199866563523592,-0.0974079264706669,"B","B",1,0.653661,0.576893,0.653661,0.576893
9,4,-0.178078111756327,-0.168548848250972,0.0266570339505175,-0.295239225074598,0.0536806094713044,-0.755962154064919,"B","A",0,0.577638,0.140871,0.334721,0.313714
9,5,0.307914327016793,0.0220364218561341,0.332458480024377,0.493406609536935,-0.247032923625186,-0.0464407342941961,"B","B",1,0.639182,0.739742,0.629813,0.724557
9,6,-0.0732562131974189,0.0410949488668447,-0.295239225074598,-0.0216274049032499,0.301291712832018,-0.0804243233774683,"B","A",0,0.207209,-2.38419e-07,0.28845,0.064314
9,7,0.155446110931108,0.0410949488668447,0.268079228219354,0.107131098706796,-0.156096924040637,-0.113097280710783,"B","B",1,0.316096,0.299599,0.209624,0.351048
9,8,0.0315656853614894,0.174504637941819,0.058846659853029,0.525596235439447,0.138352881484181,-0.258364427296693,"B","A",0,0.302904,0.234775,0.326882,0.358833
9,9,0.488970333618544,0.660497076714939,1.00844062397712,0.300268854121866,0.0220616185035806,0.286568949507496,"B","B",1,0.322274,0.421324,0.367292,0.314476
9,10,-0.368663381863433,0.0029778948454235,-0.0860066567082731,-0.343523663928366,-0.0185898096076,0.0560725124149768,"B","A",0,0.221565,0.105622,0.184358,0.201805
9,11,0.0792120028882659,0.812965292800624,0.235889602316843,0.606070300195726,0.0552260627431294,0.123875861612776,"B","B",1,0.234921,0.347989,0.307143,0.38628
9,12,-0.321017064336657,-0.130431794229551,-0.4400925416359,-0.13429109556204,0.142202862249682,-0.676991130164356,"B","A",0,0.346309,0.216466,0.346309,0.216466
9,13,-0.41630969939021,-0.178078111756327,-0.311334038025854,-0.198670347367064,0.386903270932365,0.406994163466088,"B","B",1,0.656532,0.0409889,0.656532,0.0409889
9,14,-0.301958537325946,0.393677698564991,0.364648105926889,-0.102101469659529,0.27228306343296,0.600547168106681,"B","A",0,0.636137,0.685389,0.636137,0.685389
9,15,-0.349604854852723,-0.0256098956706424,-0.13429109556204,-0.102101469659529,0.699958586340954,0.0579729284524153,"B","B",1,1.19209e-07,0.621127,0.519117,0.530394
9,16,0.431794752586412,0.593792232177452,0.396837731829401,-0.0216274049032499,-0.0408159397006287,0.292089985754192,"B","A",0,0.4038,0.0828218,0.307473,0.362468
10,1,-0.281930798941316,-0.317874167730648,-0.332187245039467,-0.278364501539402,0.42666219789904,-0.657489291748941,"B","B",1,0.404258,0.242667,0.308408,0.49049
10,2,-0.192072376967988,0.050545362359997,0.0176605877109591,0.60971076621168,0.0487353208201309,-0.305601470830895,"B","A",0,0.202777,0.0971143,0.0971143,0.202777
10,3,-0.111199797191993,-0.497591011677303,-0.574389590789762,0.084939017086041,-0.0543177960150243,-0.344984918536768,"B","B",1,0.205754,0.372818,0.361712,0.311302
10,4,-0.129171481586659,0.0864887311493281,-0.0361621557891065,0.111850388836074,0.568670371058205,-0.17568107449661,"B","A",0,0.289664,0.403401,0.403401,0.289664
10,5,0.122432099938659,-0.237001587954652,-0.345642930914483,0.27331861933627,-0.0683904529092004,-0.0413589567136901,"B","B",1,0.335754,0.422994,0.474783,0.125859
10,6,0.248233890701318,-0.0123555330213326,-0.103440585164188,-0.184174700414287,0.46465337361386,1.00114218083273,"B","A",0,0.317043,0.0745529,0.27256,0.176046
10,7,-0.0123555330213326,-0.371789220914644,-0.520566847289696,0.00420490183594266,-0.284046244466857,-0.577012400737928,"B","B",1,0.342582,0.235775,0.369572,0.249354
10,8,-0.00336969082399982,0.0146019935706658,0.394419792211418,-0.17071901453927,-0.0235450150845834,-0.787077684762282,"B","A",0,0.246131,0.0816637,0.33345,0.354243
10,9,0.841299475725283,0.320120628279981,0.259862933461254,0.394419792211418,0.461397599111707,0.103590837267597,"B","B",1,0.307587,0.165187,0.208766,0.278513
10,10,0.392007365858643,0.50882331442397,0.744267624961844,0.973014284837123,0.284314881562566,-0.485918543313095,"B","A",0,0.176439,0.0743251,0.162651,0.28847
10,11,0.0146019935706658,-0.192072376967988,-0.0630735275391393,-0.0227064699140901,-0.305951323792749,-0.191160283094567,"B","B",1,0.278605,0.220599,0.290974,0.230265
10,12,0.0146019935706658,0.212290521911987,-0.0496178416641229,0.0176605877109591,-0.10497507692024,-0.0200393456096771,"B","A",0,0.462559,0.346526,0.542589,0.379143
10,13,-0.0213413752186654,-0.102213954994661,-0.412921360289565,-0.3590986167895,0.688102318393228,-0.390522922428729,"B","B",1,0.0366563,0.102113,0.191981,0.228876
10,14,-0.0842422705999949,-0.210044061362654,-0.0630735275391393,-0.089984899289172,0.786411000674259,-0.267099795386022,"B","A",0,0.0632896,-2.38419e-07,0.283165,0.293702
10,15,0.0685170467546626,-0.129171481586659,0.12530607471109,-0.197630386289303,0.157850175708637,-0.0435973016839205,"B","B",1,0.331527,0.171406,0.329135,0.194223
10,16,-0.0932281127973277,0.104460415543994,0.00420490183594265,-0.21108607216432,0.194124215967826,-0.0568845743780158,"B","A",0,0.318863,0.362891,0.194045,0.400692
11,1,0.156940497382894,-0.236949378401624,0.113034062241229,-0.00271281749378953,-0.641534410512304,0.25442755909842,"B","B",1,0.327857,0.580384,0.521836,0.427169
11,2,-0.418744705686786,-0.547516395847109,-0.321016736765091,-0.407826896566355,-0.694147072447959,0.125202482660802,"B","A",0,0.246434,0.479076,0.246434,0.479076
11,3,-0.183925741276785,-0.274823404919366,-0.282434443520085,-0.205269857030072,-0.663471874139161,0.330999483634294,"B","B",1,0,0.162955,0,0.162955
11,4,0.31601140875741,0.0433184178296676,-0.0991685506063051,0.248072088598751,-0.795053466603142,0.238255866642594,"B","A",0,0.531253,0.1252695,0.195652,0.430915
11,5,0.164515302686442,-0.0551540511164618,-0.224561003652575,-0.243852150275078,0.234919493436885,0.438362677715088,"B","B",1,0.507907,0.814879,0.507907,0.814879
11,6,0.240263355721926,0.876547001219993,1.48270547243895,0.875034353830102,-0.667588354024846,0.418163583298972,"B","A",0,0.579679,0.510534,0.579679,0.510534
11,7,-0.130902104151946,-0.327847042044205,-0.272788870208833,-0.185978710407569,-0.63099352267388,0.683443043787836,"B","B",1,0.0849184,0.295782,0.179083,0.364111
11,8,1.19468882396903,1.03561791259451,0.5567304345588,0.392755688267524,0.0864346897964092,0.806068255752996,"B","A",0,0.221075,0.508311,0.409174,0.518515
11,9,-0.199075351883882,-0.221799767794527,-0.25349772358633,-0.12810527054006,-1.02384606898394,0.568197802975109,"B","B",1,0.0995731,0.102167,0.0879486,0.0822031
11,10,-0.274823404919366,-0.153626520062591,-0.25349772358633,-0.079877403983802,-1.17560786054653,1.18869033729798,"B","A",0,0.263805,0.508422,0.256179,0.470528
11,11,0.520531151953218,0.0811924443474096,-0.0798774039838019,0.315591101777512,-0.21745870168571,0.946957141755232,"B","B",1,0.253909,-2.38419e-07,0.222983,0.227212
11,12,-0.282398210222914,-0.259673794312269,-0.0316495374275442,-0.185978710407569,-0.0938914231762192,0.0575032593604977,"B","A",0,0.626374,0.256556,0.626374,0.256556
11,13,-0.449043926900979,-0.699012501918077,-0.465700336433864,-0.388535749943852,-0.597527216036034,0.429484577817372,"B","B",1,0.492723,0.201854,0.384347,0.449996
11,14,-0.49449275872227,-0.509642369329367,-0.214915430341324,-0.465700336433864,-0.370016795914709,0.534704503026537,"B","A",0,0.298548,0.100582,0.259883,0.136273
11,15,0.300861798150314,0.323586214060959,0.0937429156187259,-0.0123583908050411,-0.371749766463305,0.391923385942423,"B","B",1,0.604697,0.587419,0.604697,0.587419
11,16,0.353885435275153,0.111491665561603,0.498856994691291,0.228780941976248,-0.569035776564953,0.778184165773246,"B","A",0,0.0392021,0.143549,0.0943785,0.0767735
12,1,-0.309714601642259,-0.218649971450354,-0.0991538689634707,-0.0991538689634707,0.584452529097523,-0.659532763063879,"B","B",1,0.120487,0.385517,0.255471,0.250391
12,2,-0.249004848180989,0.100076234221312,-0.0786833927903671,0.18743279745998,-0.0796574486103458,0.0469305113840175,"B","A",0,0.328229,0.287679,0.328229,0.287679
12,3,-0.188295094719719,-0.522198738756702,-0.385740535386921,-0.406211011560025,0.171679570843676,-0.53584473293929,"B","B",1,0.266716,0.0362828,0.411432,0.141686
12,4,-0.491843862026068,-0.507021300391385,-0.2629176783483,-0.385740535386921,0.0451501952911261,-0.567867639772851,"B","A",0,0.0950783,0,0.0950783,0
12,5,0.191140864413216,0.160785987682581,-0.0991538689634707,0.207903273633084,0.603101909741522,0.319253779772159,"B","B",1,0.271358,0.366995,0.274063,0.230144
12,6,-0.400779231834163,-0.157940217989084,0.0850804165944619,-0.344799583040714,-0.297419073522745,-0.19768882540871,"B","A",0,0.657687,0.350088,0.657687,0.350088
12,7,-0.431134108564798,-0.370424355103528,-0.365270059213818,-0.0786833927903671,-0.295134280292014,-0.28735231360444,"B","B",1,0.197328,0,0.197372,0.0283263
12,8,-0.157940217989084,0.616109138642104,0.555901368575845,0.085080416594462,-0.275111419956607,-0.366564988318864,"B","A",0,0.373328,0.284072,0.399673,0.489445
12,9,0.373270124797025,0.81341583739123,1.35424993932689,0.371667083017913,0.792235270754338,0.100704519586488,"B","B",1,0.341245,0.314137,0.296114,0.35299
12,10,0.0545439191253594,0.145608549317264,0.228373749806187,0.0236689880751511,0.352923560358925,-0.0105798823296762,"B","A",0,0.435783,0.220989,0.363511,0.208693
12,11,0.312560371335755,0.130431110951946,0.0441394642482547,0.0850804165944619,0.151601380757667,-0.570982379262608,"B","B",1,0.515179,0.308328,0.515179,0.308328
12,12,0.327737809701073,0.40362500152766,0.0850804165944619,0.105550892767566,0.677520424300866,-0.123917994400528,"B","A",0,0.449915,0.321129,0.358085,0.329735
12,13,-0.173117656354402,-0.400779231834163,-0.385740535386921,-0.0991538689634707,0.405779745639649,-0.0275107860138093,"B","B",1,0.392106,0.155063,0.437458,0.404088
12,14,-0.173117656354402,-0.0972304645278148,-0.426681487733129,-0.324329106867611,-0.127869189531735,-0.180312029028551,"B","A",0,0.239886,0.383241,0.257881,0.398987
12,15,-0.0213432727012277,-0.157940217989084,-0.508563392425543,-0.467622440079336,0.231949942705033,-0.571965296008592,"B","B",1,0.200621,0.142964,0.139466,0.27479
12,16,0.479512193354247,0.919657905948452,0.494489940056535,0.903899463518607,1.06378066794284,-0.371752966110581,"B","A",0,0.427352,0.0898702,0.427352,0.0898702
13,1,-0.216308647792961,-0.368967565794261,-0.398178290788736,-0.278786986523087,-0.441745901441544,-0.694807204732947,"B","B",1,0.41552,0.218233,0.498975,0.294729
13,2,-0.48948776421634,-0.208273967898155,-0.358381189366853,-0.404811141025716,-0.37427845065629,-0.0946524318669102,"B","A",0,0.226589,0.549861,0.226589,0.549861
13,3,0.125165247736263,0.0367837688934053,0.192145380302529,0.218676781250451,-0.0518897816847968,0.675760233172401,"B","B",1,0.685957,0.631264,0.685957,0.631264
13,4,-0.228360667635168,0.185425346947303,0.112551177458763,0.0263241243780163,-0.109593320622122,0.328010021234901,"B","A",0,0.440458,0.415376,0.482746,0.37554
13,5,0.233633426316134,0.731783579794061,0.709507698787008,0.523787892151554,-0.206742447729114,0.858796382023168,"B","B",1,0.290355,0.155662,0.39507,0.35861
13,6,-0.292638106793611,-0.0154416504228289,-0.278786986523087,-0.172661382731399,-0.198769184979939,-0.0657403755016563,"B","A",0,0.320538,0.242315,0.320538,0.242315
13,7,-0.115875149107895,0.0970438681044448,-0.0134729770438666,-0.0333715277548082,-0.0581262687321733,0.0309982876285443,"B","B",1,0.378982,0.068758,0.317738,0.288964
13,8,-0.364950225846858,0.0890091882096396,-0.0466372282287691,-0.0466372282287692,-0.251642075990399,-0.301836689552294,"B","A",0,0.623793,0.474472,0.59973,0.597169
13,9,0.0408011088408079,0.0086623892615869,-0.245622735338184,-0.0665357789397107,-0.237591380984853,0.587348857971359,"B","B",1,0.214931,0.256419,0.204427,0.214204
13,10,-0.421192985110495,-0.196221948055947,-0.132864281309516,-0.384912590314775,-0.245051563763039,-0.15068846089852,"B","A",0,0.367154,0.0915721,0.389405,0.0626397
13,11,0.703662200162242,0.39432702421224,0.576850694047398,0.616647795469281,-0.45067349293676,-0.0994035523982722,"B","B",1,0.462846,0.274529,0.377009,0.481377
13,12,-0.292638106793611,0.245685446158342,0.0528555253259384,0.0661212257998994,-0.335887241827007,1.2721874800492,"B","A",0,0.275905,0.31079,0.256112,0.324378
13,13,-0.473418404426729,-0.284603426898805,-0.484405343869482,-0.398178290788736,-0.28553100807425,-0.0130727164795921,"B","B",1,0.377938,0.118486,0.499397,0.418813
13,14,0.269789485842758,0.0930265281570422,0.278372433383275,0.178879679828568,-0.325943751989232,0.314785384982648,"B","A",0,0.157157,0.172181,0.166878,0.28483
13,15,-0.04758037000205,0.221581406473926,-0.126231431072535,0.0528555253259384,-0.306090122511796,-0.0200044268876592,"B","B",1,0.516408,0.461512,0.459975,0.518389
13,16,-0.00338963058062103,0.542968602266137,-0.112965730598574,0.377865186937983,-0.16231485304114,1.41419005822009,"B","A",0,0.414719,0.352056,0.380162,0.359955
14,1,-0.481925269602596,-0.380910365930436,-0.371589842494963,-0.440125144857146,0.0701760474519888,-0.327975555105475,"B","B",1,0.242196,0.688584,0.634325,0.403509
14,2,-0.374176039018959,-0.158677577851685,-0.165983935408413,-0.520082997613027,0.197896350126595,-0.301706196916998,"B","A",0,0.194121,0.229344,0.238959,0.0953231
14,3,-0.327035750638618,-0.232755173877935,-0.337322191313871,-0.165983935408413,0.544022491973309,-0.521374437651943,"B","B",1,0.0855113,0.392467,0.0551967,0.413338
14,4,0.110695498607409,0.164570113899227,0.176692576402504,0.222382777977293,0.737188076489684,-0.436842784748229,"B","A",0,0.0989097,0.142684,0.166025,0.179488
14,5,0.588832709322299,0.124164152430363,1.11334170868568,0.142424925221412,0.317933371010137,-0.383912646120785,"B","B",1,0.133265,0.236356,0.155318,0.276262
14,6,-0.0105223857991833,0.077023864050022,-0.25736433855799,-0.165983935408413,0.52019757870014,-0.452546334373825,"B","A",0,0.338589,0.391504,0.17364,0.430136
14,7,-0.636814788566575,-0.515596904159983,-0.291631989739082,-0.508660447219329,-0.581433127198896,-0.471510872020055,"B","B",1,-1.19209e-07,0.286571,0.155986,0.241991
14,8,1.20839078517821,0.474349151827184,1.04480640632349,0.656439692937787,0.176349980947335,0.0658755870972737,"B","A",0,0.400205,0.307194,0.389594,0.401637
14,9,1.01309530474537,0.56189540167639,0.873468150418034,0.405143584276448,0.553250725163656,0.0748497846548528,"B","B",1,0.0141965,0.229817,0.234074,0.303858
14,10,-0.212552193143503,-0.205817866232026,0.142424925221412,-0.360167292101265,0.289084773488964,-0.39466509310774,"B","A",0,0.223767,0.500686,0.226966,0.317518
14,11,-0.259692481523845,-0.205817866232026,-0.0174907802903488,-0.485815346431935,-0.171414431510699,-0.343134742660854,"B","B",1,0.265782,0.402028,0.255002,0.266757
14,12,-0.199083539320549,0.0635552102270673,0.0853121732529262,-0.531505548006724,0.580528449282202,-0.401329640167398,"B","A",0,0.359791,0.397045,0.41666,0.366157
14,13,-0.165411904763162,-0.333770077550095,-0.0403358810777433,-0.291631989739082,0.279628426669193,-0.183662578090585,"B","B",1,0.457171,0.416772,0.425682,0.466559
14,14,0.184773094633659,-0.14520892402873,-0.108871183439927,0.0510445220718345,0.591234236663139,-0.340630677137856,"B","A",0,0.0758309,0.28345,0.149466,0.240605
14,15,0.103961171695931,-0.306832769904186,0.519369088213421,-0.38301239288866,0.317974846215487,-0.386147122809009,"B","B",1,0.0706188,0,0.469555,0.4419
14,16,0.130898479341841,0.346396940509115,0.0853121732529262,-0.0746035322588349,0.467371128086071,-0.0852756143996775,"B","A",0,0.430847,0.25978,0.343465,0.246564
15,1,-0.104666943106307,-0.341418781151342,-0.265865425692848,-0.32171461796093,0.557803143254259,-0.0564164212957621,"B","B",1,0.360606,0.286083,0.409741,0.215113
15,2,-0.139483389877636,-0.243932730191622,-0.303098220538236,-0.0145440604864797,0.434239793079775,-0.909935704920838,"B","A",0,0.193753,0.40521,0.194085,0.332745
15,3,-0.306602334380013,-0.334455491797076,-0.32171461796093,-0.200708034713419,0.604768131920438,-0.656523231575742,"B","B",1,0.097225,0.347339,0.116304,0.348678
15,4,-0.0350340495636495,0.334020286212435,0.0226887343589082,0.0413051317816022,0.457934707467248,-0.3610050721224,"B","A",0,0.476456,0.260091,0.252771,0.448017
15,5,0.577735413611735,0.0833418694588681,0.404324881524135,0.506715067348952,0.788410695724408,-0.733199118651341,"B","B",1,0.20465,0.0959567,0.300475,0.202164
15,6,-0.466757989528125,-0.0141441815008523,-0.200708034713419,-0.284481823115542,0.205120731501654,-0.789919924705687,"B","A",0,0.157191,0.276474,0.266882,0.298779
15,7,-0.341418781151342,-0.348382070505608,-0.200708034713419,-0.237940829558807,-0.0512470164686561,-0.682776489683888,"B","B",1,0.292848,0.440387,0.142168,0.166222
15,8,0.159938052355791,0.222607656544183,0.125078920183725,0.218160907297195,0.576827917467994,-0.561095460283281,"B","A",0,0.444481,0.120975,0.463198,0.270884
15,9,0.431506337172155,-0.00718089214658654,0.190236311163154,0.0971543240496841,0.209291607022025,-0.697462933151899,"B","B",1,0.264131,0.238447,0.191225,0.355236
15,10,-0.0837770750435097,0.19475449912712,0.246085503431236,0.153003516317766,1.76797414767735,-0.741131534696774,"B","A",0,0.321293,0.499799,0.343999,0.414672
15,11,0.104231737521665,0.0763785801046023,0.274010099565277,-0.0703932527545617,1.28536508718684,-0.64961725404127,"B","B",1,0.369793,0.211317,0.378331,0.269252
15,12,0.605588571028798,0.0415621333332736,0.581180657039727,0.283318298276624,0.46149778254004,-0.398884064301824,"B","A",0,0.347258,0.12274,0.441751,0.247792
15,13,-0.0907403643977754,-0.285712466317216,-0.0797014514659087,-0.340331015383624,0.198456633737137,-0.57572608534284,"B","B",1,0.112271,0.329248,0.178212,0.298697
15,14,0.0694152907503366,0.104231737521665,0.0878461253383371,-0.0797014514659086,0.709229182313895,-0.172971460186948,"B","A",0,0.266647,0.50353,0.497554,0.381835
15,15,0.299203839441106,-0.0768137856892439,0.0878461253383371,-0.163475239868032,0.46020465607759,-0.561864513910828,"B","B",1,0.415454,0.188824,0.371186,0.271125
15,16,-0.118593521814838,0.0345988439790079,-0.116934246311297,-0.116934246311297,0.193451583112692,-0.310799514743368,"B","A",0,0.387405,0.314439,0,0.378555
16,1,-0.143894845381682,0.00032191240577559,-0.164663026766942,-0.296200011438332,-0.166136926907249,0.304665061581991,"B","B",1,0.451364,0.532139,0.467933,0.438288
16,2,-0.179949034828547,0.180592859640098,-0.00217616334934289,-0.133713148020733,0.71947981699066,-0.389123666580612,"B","A",0,0.194085,0.179026,0.401034,0.43286
16,3,-0.231455019752639,-0.458081353418644,-0.203350375199704,-0.25751266300557,0.219314072136499,-0.420330218808235,"B","B",1,0.204625,0.407502,0.333765,0.550585
16,4,-0.210852625783002,-0.216003224275411,-0.00991363303589526,-0.373574708303856,-0.261143603987541,-0.336312794613003,"B","A",0,0.534579,0.351049,0.449113,0.483812
16,5,0.618393731494881,0.36601440536683,0.562659123768978,0.0829360032027329,0.255545408197383,0.00182477233446492,"B","B",1,0.46847,0.468624,0.502552,0.53365
16,6,-0.169647837843728,0.10333388225396,-0.0950257995879711,-0.350362299244199,0.0949098775457101,-0.623282532010906,"B","A",0,0.827053,0.265332,0.184041,0.62724
16,7,0.201195253609735,0.118785677731187,0.616821411574845,0.508496835963112,-0.231796728195408,0.788459464260482,"B","B",1,0.144004,0.323893,0.141428,0.292494
16,8,-0.205702027290593,-0.0511840725183165,0.160310700068256,-0.327149890184541,-0.231490064456424,-0.234556701846265,"B","A",0,0.272435,0.286254,0.327541,0.387289
16,9,0.582339542048016,0.94803203500907,0.748358396246235,-0.0795508602148664,0.309585748549726,0.033194503432373,"B","B",1,0.507427,0.316856,0.504336,0.352386
16,10,-0.138744246889273,-0.061485269503135,0.0287737153968665,-0.071813390528314,0.232058904591524,-0.144245637429866,"B","A",0,0.548958,0.378321,0.45439,0.530271
16,11,0.185743458132507,-0.0666358679955442,0.00556130633720944,-0.0718133905283141,0.565723119750142,-0.940344703832417,"B","B",1,0.129443,0.221234,0.129364,0.293578
16,12,-0.272659807691913,-0.221153822767821,-0.0640759208417617,-0.133713148020733,0.804279374391741,-0.0852058341034442,"B","A",0,0.266855,0.426237,0.32074,0.479858
16,13,-0.200551428798184,-0.385972974524915,-0.172400496453495,-0.474161814229036,-0.272341050603655,0.146125535384842,"B","B",1,0.0967746,0.218256,0.393743,0.406695
16,14,-0.169647837843728,-0.107840655934818,0.322797563485856,-0.0176511027224476,0.81183343071442,-0.136086693915612,"B","A",0,0.218534,0.337784,0.222976,0.417546
16,15,0.113635079238778,-0.185099633320956,0.0906734728892853,-0.226562784259361,-0.154281137952398,-0.498445069385223,"B","B",1,0.204055,0.378679,0.443858,0.351599
16,16,0.0157737078830032,0.242400041549008,0.392434790664827,0.00556130633720944,0.253063963997531,-0.414939689231231,"B","A",0,0.117027,0.25268,0.42012,0.162096
17,1,0.0606178947953415,0.0418761302209364,-0.167650470799234,-0.0193766875798109,0.349180017621448,-0.946279791115219,"B","B",1,0.134898,0.261579,0.219888,0.408126
17,2,-0.539118571585622,-0.445409748713597,-0.491156906914338,-0.598992385619372,0.274652884687625,-0.885284921994094,"B","A",0,0,5.96046e-08,0.157244,0.157244
17,3,-0.286104749831153,-0.548489453872825,-0.396800863047432,-0.572033515943114,1.26980416325577,-0.946279791115219,"B","B",1,0.262602,0.552957,0.262602,0.552957
17,4,0.20118112910338,0.0418761302209364,0.748951098193561,0.101938225963353,0.823249950275063,-0.678586500040363,"B","A",0,0.252154,0.287902,0.283043,0.261383
17,5,0.754063184048331,0.116843188518557,0.897224881412984,0.0614999214489651,0.507786263967892,-0.00215168765682959,"B","B",1,0.228332,0.258089,0.238792,0.261239
17,6,-0.16428328009752,-0.0518326926510892,-0.65291012497189,0.00758218209644773,0.999253322546645,-0.570440313147469,"B","A",0,0.275644,0.602207,0.275644,0.602207
17,7,0.735321419473926,-0.267362985256748,0.991580925279889,0.304129748535293,1.0944723326363,-0.847958398497297,"B","B",1,0.0504791,0.392232,0.181622,0.386387
17,8,0.173068482241772,0.304260834262608,0.290650313697164,-0.00589725274168155,0.402836895148094,-0.352406128201504,"B","A",0,0.178062,0.217284,0.194202,0.203779
17,9,0.20118112910338,0.0231343656465313,0.182814834992129,-0.0328561224179403,0.831490325964573,-0.416045192577836,"B","B",1,0.43296,0,0.325704,0.143538
17,10,0.0793596593697466,0.276148187401,0.236732574344646,0.479362401430974,0.416442608828991,-0.375200070632972,"B","A",0,0.663029,0.686706,0.663029,0.686706
17,11,-0.0237200457894815,-0.16428328009752,-0.0867738617704576,-0.315924254018656,0.334399106049346,-0.946279791115219,"B","B",1,0.381274,0.315366,0.381274,0.315366
17,12,-0.192395926959128,-0.0612035749382918,-0.221568210151751,-0.410280297885562,0.728153356632407,-0.929253412143854,"B","A",0,0.515259,0.672411,0.617033,0.564248
17,13,-0.0330909280766841,-0.482893277862407,-0.262006514666139,-0.410280297885562,0.159490486575224,-0.693014152722549,"B","B",1,0.532449,0.338967,0.747693,0.25675
17,14,0.0231343656465313,-0.0612035749382918,0.0884587911252238,-0.167650470799234,0.676556573028139,-0.449947553171395,"B","A",0,0,0.0558764,0,0.0558764
17,15,0.0231343656465313,-0.0330909280766841,-0.0463355572560696,-0.100253296608587,0.774290366700459,-0.946279791115219,"B","B",1,0.2827,0,0.407177,0.126283
17,16,0.0512470125081389,0.248035540539393,0.250212009182776,0.317609183373422,0.834131023607009,-0.490782182277945,"B","A",0,0.504396,0.595563,0.593782,0.428226
18,1,-0.0516983202891734,0.0144755296809686,-0.0649497972956746,-0.544579069632964,-0.475927652429191,0.00640246798059327,"B","B",1,0.202038,0.148781,0.227115,0.29603
18,2,0.146823229621253,-0.095814220269268,0.391839985882697,0.0035686701810811,-0.407693929027593,0.611927866746881,"B","A",0,0.448373,0.285439,0.248612,0.386753
18,3,-0.217132945214528,-0.206103970219505,-0.247665710567023,-0.384702645520534,-0.172137634261844,0.127689304134133,"B","B",1,0.168521,0.40811,0.443485,0.378581
18,4,0.0255045046759923,-0.0406693452941497,0.506037431677289,-0.13346826477243,-0.352890423116412,0.351380066942328,"B","A",0,0.0525539,0.248201,0.191817,0.415792
18,5,1.41515535404897,0.301228879551584,1.53381444382862,0.80295079074323,-0.00862404485143409,0.212277152335038,"B","B",1,0.336775,0.354669,0.336775,0.354669
18,6,-0.536973220070214,-0.250219870199599,-0.0877892864545931,-1.00136885281134,0.0986280362194443,0.615163920917123,"B","A",0,0.358689,0.69561,0.599664,0.385481
18,7,0.49975042946201,-0.16198807023941,0.80295079074323,-0.61309753710972,-0.20134904876807,0.33178988797278,"B","B",1,0.196674,0.200117,0.20556,0.19093
18,8,-0.0516983202891733,-0.371538595144859,0.254803050929185,-0.498900091315127,-0.647537304104346,0.786579962513716,"B","A",0,0.199866,0.0705445,0.199866,0.0705445
18,9,0.235055029581442,0.0255045046759922,0.254803050929185,-0.430381623838371,0.294778753158791,0.437749918111217,"B","B",1,0.48809,0.0642408,0.342936,0.214047
18,10,-0.261248845194623,0.0475624546660396,0.551716409995126,-0.270505199725942,-0.642859052410125,0.945312568351485,"B","A",0,0.405182,0.737403,0.618336,0.506898
18,11,0.124765279631205,-0.305364745174718,0.460358453359452,-0.270505199725942,-0.141653924953642,1.09939853230378,"B","B",1,0.245354,0.206443,0.360873,0.137224
18,12,-0.128901145254339,-0.184046020229457,-0.430381623838371,-0.339023667202697,-1.06350263105456,0.195520002474237,"B","A",0,0.370279,0.244431,0.294119,0.320992
18,13,-0.00758242030907873,-0.139930120249363,0.277642540088104,-0.0192708189778374,-0.211440480209826,-0.726798899531763,"B","B",1,0.575968,0.108129,0.562803,0.12181
18,14,-0.095814220269268,-0.294335770179694,0.0720871376578368,-0.727294982904312,0.278693311733815,0.189166430916545,"B","A",0,0.3689,0.499012,0.422887,0.314428
18,15,0.113736304636182,-0.261248845194623,-0.13346826477243,-0.042110308136756,-0.722124599063636,0.398470779519794,"B","B",1,0.341047,0.473387,0.56818,0.284819
18,16,0.235055029581442,0.477692479471962,0.437518964200534,-0.110628775613512,-1.17750735751854,-0.0288819810307146,"B","A",0,0.384058,0.536844,0.456784,0.404557
20,1,-0.0292125987624586,-0.196640030475655,-0.407770482709282,-0.0331242128811462,0.0694822064878156,-0.534720848056661,"B","B",1,0.29989,0.321607,0.279028,0.304322
20,2,-0.475685749997648,-0.182687744499555,-0.490009907793507,-0.206740776947843,-0.109594240814642,0.423096515157135,"B","A",0,5.96046e-08,0.146649,0.0527903,0.237598
20,3,-0.315234461272502,-0.175711601511505,-0.371219627116293,-0.261567060337327,0.633770712644118,-0.054377594797,"B","B",1,0.0646482,0.291448,0.133515,0.371111
20,4,-0.154783172547356,-0.057117170714658,-0.0970882101688767,-0.25242934643908,0.298469581327733,-0.0720385405151098,"B","A",0,0.558137,0.359731,0.408942,0.374612
20,5,1.37299214183556,0.493998125341279,1.02685059931553,0.67047975728389,0.417669136890146,-0.297849243143963,"B","B",1,0.45906,0.405355,0.246333,0.178265
20,6,-0.126878600595156,0.389355980520532,-0.00571107118640452,-0.0970882101688768,-0.275129277957806,0.0626962939348181,"B","A",0,0.0876488,0.157911,0.304095,0.239035
20,7,-0.057117170714658,-0.273377603344203,-0.225016204744338,0.058252926101326,-0.000860806356129583,-0.277190735456476,"B","B",1,0.107629,0.13808,0.107629,0.13808
20,8,-0.210592316451754,0.110310260998538,-0.0788127823723823,0.0948037816943149,0.00250511441218983,-0.236286011581236,"B","A",0,0.567842,0.234093,0.315738,0.504321
20,9,-0.0292125987624586,0.340522979604183,0.405486054234721,-0.00571107118640453,-0.335181900501016,-0.499598343493263,"B","B",1,0.46431,1.19209e-07,0.323843,0.483373
20,10,-0.175711601511505,0.0196204021538902,-0.215878490846091,0.250144917964518,-0.278089666103437,-0.15278346513103,"B","A",0,0.285951,0.360209,0.311514,0.34685
20,11,-0.0292125987624586,-0.266401460356153,-0.023986498982899,0.268420345761012,0.68482051096363,-0.139661105348516,"B","B",1,0.399608,0.285334,0.425553,0.313969
20,12,-0.112926314619057,0.201000119843186,-0.325531057625057,-0.0148487850846518,-0.4986689978996,-0.398850522263203,"B","A",0,0.49213,0.290839,0.442753,0.2921
20,13,-0.0361887417505085,-0.294306032308352,-0.00571107118640453,0.0856660677960677,0.123066583699134,0.48798173478739,"B","B",1,0.315841,5.96046e-08,0.373864,0.237012
20,14,0.0614772600821892,0.0754295460582889,-0.124501351863618,0.186180920676787,-0.389377956084891,-0.0112018882347014,"B","A",0,0.200645,0.200687,0.413814,0.289055
20,15,0.0824056890463388,0.0196204021538902,0.0399774983048316,-0.124501351863618,0.783287211191063,0.270136368755855,"B","B",1,0.370405,0.382575,0.314276,0.408136
20,16,-0.057117170714658,0.0893818320343886,0.094803781694315,0.186180920676787,0.32294347510702,-0.0184643016193586,"B","A",0,0.330988,0.220918,0.279268,0.33578
21,1,-0.226428954554393,0.0833466329068829,-0.0647138012542771,-0.229872950467647,-0.505742484775537,-0.0270787617438591,"B","B",1,0.668134,0.462256,0.668134,0.462256
21,2,-0.657092576146898,-0.203762448154787,-0.407736649620507,-0.623713998591836,-0.0389216563177305,0.45380906035235,"B","A",0,0.22635,0.365007,0.22635,0.365007
21,3,-0.37753899721843,0.106013139306488,0.163968097656543,0.0115134983826628,0.0457499682468714,-0.08827983255406,"B","B",1,0.347094,0.046699,0.241325,0.434368
21,4,-0.317094980152815,-0.022430396957943,-0.407736649620507,-0.0393047013752971,-0.437933439992742,-0.308208347058645,"B","A",0,0,0.245552,0.146791,0.333106
21,5,-0.513538035616063,-0.218873452421191,-0.179054750709687,-0.585600348773366,-0.755168144048092,0.120904230073708,"B","B",1,0.181335,0.0360571,0.127946,0.143664
21,6,0.128679645706094,0.657564795030224,-0.128236550951727,0.710263745054612,-0.416837897475215,0.703781467003393,"B","A",0,0.307014,0.376024,0.325879,0.318092
21,7,1.24689396141997,0.589565275831407,0.697559195115122,0.761081944812572,0.0904051274401822,0.85335274758562,"B","B",1,0.61586,0.209544,0.61586,0.209544
21,8,-0.181095941755182,0.627342786497416,0.202081747475013,0.545104595841242,0.0091376856484333,1.10228361285049,"B","A",0,0.222497,0.0413525,0.334931,0.281999
21,9,-0.0828744140235578,0.408233224634562,0.811900144570532,0.367240896688382,-0.717398043471677,0.238276790606021,"B","B",1,0.369396,0.189867,0.375098,0.212771
21,10,-0.407761005751237,0.181568160638507,-0.191759300649177,-0.267986600286117,-0.601608823763947,0.576594667328705,"B","A",0,0.389272,0.140281,0.408782,0.244939
21,11,-0.0602079076239523,0.362900211835351,0.634036445417672,0.214786297414503,0.0237341088750557,0.0744529686325109,"B","B",1,1.19209e-07,0.251672,0.280825,0.34042
21,12,-0.0828744140235578,0.378011216101755,0.189377197535523,0.341831796809402,-0.320550983580275,-0.0389290782278458,"B","A",0,0.166992,0.332412,0.403899,0.299696
21,13,-0.649537074013697,-0.49842703134966,-0.941327747079086,-0.611009448652346,-0.508728566611899,0.170514751253955,"B","B",1,0.590315,0.396673,0.358348,0.634239
21,14,-0.226428954554393,-0.0148748948247412,-0.598304898712856,-0.179054750709687,-0.362922668428133,0.595339938309742,"B","A",0,0.141095,0,0.250029,0.297401
21,15,-0.475760524950054,-0.0299858990911448,-0.369622999802037,-0.496668499196937,0.267375626197806,0.0943016302506789,"B","B",1,0.0853156,0.319934,0.194713,0.25288
21,16,-0.0677634097571541,0.544232263032196,0.125854447838073,0.545104595841242,-0.275242696296824,-0.0164629563090394,"B","A",0,0.188821,0.237385,0.178401,0.384844
22,1,-0.351827672848967,-0.6165107919696,-0.565465553530877,-0.383607285058635,0.671602598778972,0.597882064586826,"B","B",1,0.208409,0.74419,0.314273,0.535965
22,2,-0.153315333508492,0.0168381002119154,0.0407286747099291,0.0558835304159493,-0.0361082839475386,-0.0983240533522417,"B","A",0,0.398198,0.102367,0.27717,0.167987
22,3,-0.597604854889555,-0.550340012189442,-0.686704399179038,-0.610930120648937,-0.255799587472879,-0.131308195781747,"B","B",1,0.270305,0.471887,0.462663,0.209479
22,4,0.338239030572684,0.735263709253634,0.677232614362775,0.586303480126655,0.562222758574084,0.180025676563906,"B","A",0,0.314424,0,0.314424,0
22,5,0.999946828374267,0.640734023853408,0.874245738541037,0.298361221712272,0.740724870275029,-0.322259706881726,"B","B",1,0.352452,0.377173,0.22743,0.453329
22,6,-0.607057823429577,-0.210033144748627,-0.398762140764655,-0.338142717940575,-0.433919161190618,0.0297663181400745,"B","A",0,0.307347,5.96046e-08,0.316058,0.122418
22,7,0.0830088799920737,-0.124956427888424,0.237741798888191,0.16196752035809,-0.255286934529399,-0.539593327326898,"B","B",1,0.274576,0.217335,0.353045,0.274558
22,8,0.309880124952616,0.451674653052956,0.419600067360433,0.16196752035809,-0.31601158648936,1.19477924024623,"B","A",0,0.327118,0.101208,0.417767,0.380222
22,9,0.347691999112707,0.498939495753069,0.328670933124312,0.298361221712272,0.0613087868097417,-0.63497019550708,"B","B",1,0.378162,0.0537469,0.356886,0.130147
22,10,-0.134409396428446,-0.0209737739481751,0.0710383861219695,0.283206366006252,0.221857636292055,-0.283084694642375,"B","A",0,0.558892,0.247538,0.401585,0.363935
22,11,-0.0776915851883108,0.0830088799920737,0.298361221712272,0.252896654594211,-0.112121443739716,-0.185605168704163,"B","B",1,0.344158,0.297219,0.366424,0.240428
22,12,-0.0115208054081524,0.120820754152164,-0.0653553152322119,0.0710383861219695,-0.133546173098463,0.769175807488582,"B","A",0,0.347112,0.393259,0.446248,0.299487
22,13,-0.153315333508492,-0.276203924528786,-0.247213583704454,-0.322987862234555,-0.121088966801813,0.832031742497834,"B","B",1,0.666004,0.155158,0.666004,0.155158
22,14,-0.266750955988763,-0.21948611328865,-0.262368439410474,-0.322987862234554,-0.392560819917867,-0.320375642256956,"B","A",0,0.349704,0.0766287,0.373565,0.165528
22,15,-0.21948611328865,-0.351827672848967,-0.307833006528534,-0.292678150822514,-0.290691215220004,-0.00657999486291568,"B","B",1,0.624294,0.0897665,0.579272,0.251339
22,16,-0.0115208054081525,0.328786062032662,-0.186594160880373,-0.125974738056293,-0.455976249256298,-0.536166099273276,"B","A",0,0.252827,0.450317,0.311196,0.399029
23,1,-0.0914367309198836,-0.202902460041265,-0.380261160334953,-0.0452293010090034,0.0449804528691581,-0.346958803485678,"B","B",1,0.380758,0.349916,0.337553,0.374132
23,2,0.0850506735223042,0.103628295042535,0.00837579648314862,-0.152439495993307,0.0938001907049705,-0.307205191450093,"B","A",0,0.240821,0.205848,0.188658,0.326374
23,3,0.0200289982014982,-0.323656999922762,-0.554477727184447,-0.0988343985011553,-0.0913012008520349,0.0177701672471973,"B","B",1,0.351558,0.294523,0.218774,0.236155
23,4,-0.0728591093996532,0.307982131765068,-0.0318280266359653,0.128987265840491,0.296283615921869,0.210695260184346,"B","A",0,0.0887063,0.184755,0.239829,0.269789
23,5,0.716689805210134,0.242960456444262,0.504222948285554,1.02687264883404,-0.243146899784564,-0.324341121870225,"B","B",1,0.168073,0.0628442,0.12849,0.234255
23,6,-0.110014352440114,-0.19361364928115,-0.353458611588877,-0.407063709081029,-0.485110047947636,-0.639357238171381,"B","A",0,0.326927,0.295534,0.209768,0.281243
23,7,-0.15645840624069,-0.267924135362071,0.0619808939753006,-0.0988343985011553,-0.153041358775299,-0.388165218517272,"B","B",1,0,0.0672909,0.384572,0.344382
23,8,0.382292617845989,0.326559753285298,0.0753821683483387,0.59803186889682,0.924585187031668,0.210885791724806,"B","A",0,0.461893,0.230076,0.449521,0.301013
23,9,-0.267924135362071,0.00145137668126793,-0.179242044739383,-0.286452239723687,0.56563170361899,0.00713215623817396,"B","B",1,0.199008,0.281251,0.331145,0.324386
23,10,0.0293178089616134,0.76313385901071,0.825853533238466,0.517624222658592,-0.368671460283946,-0.0471216999078447,"B","A",0,0.162784,0.179896,0.349533,0.377058
23,11,-0.15645840624069,-0.249346513841841,-0.192643319112421,0.0619808939753006,0.803153085245086,-0.564855436444381,"B","B",1,0.368714,0.268508,0.216885,0.166102
23,12,0.317270942525183,0.326559753285298,0.812452258865428,0.490821673912516,0.246535036826313,0.0233670312482132,"B","A",0,0.0400101,0.277316,0.257201,0.308898
23,13,-0.184324838521035,-0.546588458165526,-0.286452239723687,-0.581280275930523,0.509524134360578,-0.139827202562971,"B","B",1,0.28416,0.797615,0.619486,0.417821
23,14,-0.490855593604835,-0.323656999922762,-0.527675178438371,-0.366859885961915,-0.359641059147555,-0.0300413411870137,"B","A",0,0.108223,0.131135,0.434672,0.334376
23,15,-0.267924135362071,-0.305079378402532,-0.286452239723687,-0.259649690977611,0.0795698662768554,0.179587016797139,"B","B",1,0.173988,0.315998,0.294324,0.283565
23,16,0.242960456444262,0.345137374805528,0.0485796196022626,-0.0720318497550793,0.240950081046576,0.0343345030459489,"B","A",0,0.273681,0.18843,0.237184,0.164887
24,1,-0.164941198638917,-0.171425373523985,-0.210200827013169,-0.367273972473559,-0.059050121530924,-0.712163120854249,"B","B",1,0.61569,0.319514,0.642369,0.278784
24,2,-0.346498095420821,-0.288140521455209,-0.358034375681771,-0.339555182098196,-0.0301015177638608,-0.381765164919485,"B","A",0,0.32331,0.370713,0.2789,0.429545
24,3,-0.177909548409053,-0.0547102255927612,-0.0716068751363542,-0.0808464719281418,0.161259713146518,-0.699643626740634,"B","B",1,0.387437,0.330094,0.375646,0.296226
24,4,-0.145488673983713,-0.0287735260524892,0.270258206159789,-0.367273972473559,0.901147638133629,-0.00950378735698922,"B","A",0,0.364681,0.122513,0.364352,0.194182
24,5,0.0814574469936665,-0.139004499098645,0.140903851074762,-0.330315585306408,-0.176035960581679,0.407911741231133,"B","B",1,0.471055,0.27979,0.372321,0.271
24,6,-0.139004499098645,0.10090997164887,-0.12704445588708,0.233299818992638,0.715956184047969,-0.35187323690083,"B","A",0,0.164457,0.216177,0.242372,0.280013
24,7,-0.0676785753628972,-0.197362073064257,0.00230989919794694,-0.164002843054231,0.0953960505165769,0.129560201374089,"B","B",1,0.163262,0.518633,0.421338,0.352933
24,8,0.438087065672406,0.243561819120366,0.436570948411966,0.741477642540958,-0.0384033164520042,-0.0853405138953797,"B","A",0,0.232045,0.738866,0.232045,0.738866
24,9,0.13333084607421,0.19817259492489,0.0300286895733099,-0.025408891177416,0.137403969789784,0.375377960033886,"B","B",1,0.397529,0.272198,0.370669,0.342601
24,10,0.788232509466077,1.33290319981179,1.14801990137961,1.0833427238371,0.442653882670546,-0.503271326540007,"B","A",0,0.376151,0.161334,0.35422,0.29864
24,11,-0.0611944004778292,-0.216814597719461,0.00230989919794697,-0.210200827013169,-0.0775403674103949,-0.928497907095791,"B","B",1,0.246364,0.394394,0.488279,0.345729
24,12,-0.0417418758226252,-0.0417418758226252,-0.145523649470655,-0.0161692943856284,0.160586299591191,-0.124654778947277,"B","A",0,0.420168,0.198997,0.262201,0.308269
24,13,-0.463213243352044,-0.398371494501364,-0.404232359640709,-0.496628327558586,0.823225238033193,-0.272195054089337,"B","B",1,0.268479,0.332409,0.304924,0.278679
24,14,-0.0222893511674212,-0.0871311000181011,0.0392682863650975,-0.321075988514621,0.191721452635065,0.0857692356831336,"B","A",0,0.191856,0.324828,0.258716,0.353449
24,15,-0.236267122374665,-0.158457023753849,0.0392682863650975,-0.44119074680786,0.150496001743959,-0.371050528188974,"B","B",1,0.106316,0.109352,0.254793,0.231338
24,16,0.0360682227981906,0.29543521820091,0.297976996535152,0.0115494959897346,0.0895834282495418,-0.0469586676123964,"B","A",0,0.237517,0.0651312,0.478503,0.113173
