"target","trans_intercept","trans_slope","env_intercept","env_slope","ges_intercept","ges_slope","f0_intercept","f0_slope","pair","avg_dist","post","pre","prepost_change"
1,2.66666666666667,-1.81737644500449,37.3333333333333,-5.45212933501346,20.3333333333333,-8.23164625090267,0.152929,-0.0319563197909719,4,0.3731535,0.406919,0.283583,-0.123336
1,3.5,0.0534522483824843,34.6666666666667,-11.8663991409117,25,-13.2561575988563,0.266505333333333,0.0152538819299032,5,0.4490335,0.280387,0.392087,0.1117
1,1.16666666666667,-0.267261241912425,16,-4.48998886412873,17,-5.02451134795358,0.134004666666667,-0.0141394025511284,7,0.4588635,0.318054,0.481298,0.163244
1,4.66666666666667,-1.81737644500449,34.6666666666667,-8.44545524443262,22.1666666666667,-11.9198513892941,0.142044333333333,-0.0158915672531063,8,0.13862905,0.147628,0.1736,0.025972
1,3.83333333333333,-2.93987366103667,33.5,-16.8374582404827,20,-14.004489076211,0.19041,-0.0158881463092098,9,0.251448,0.292138,0.399802,0.107664
1,2.5,-1.97773319015194,27,-9.08688222502243,22.3333333333333,-13.2561575988563,0.258954333333333,0.00516926003657334,10,0.3234625,0.286543,0.183567,-0.102976
1,5.16666666666667,-2.72606466750673,41,-9.30069121855238,29.6666666666667,-17.9599554565149,0.159921333333333,-0.0281913572239031,11,0.4541205,0.467487,0.182213,-0.285274
1,1,-1.45362315675074e-16,14.3333333333333,-0.106904496764971,16.6666666666667,0.641426980589818,0.0637021666666667,-0.0484627482572219,12,0.253002,0.118627,0.249065,0.130438
1,3.66666666666667,-2.77951691588921,34.3333333333333,-28.0089781524221,19.3333333333333,-20.8463768691691,0.147695666666667,-0.0474980955306632,13,0.3168765,0.180947,0.563121,0.382174
1,4.5,-0.908688222502244,27.8333333333333,-11.9198513892941,18.3333333333333,-16.5701969985703,0.185576,-0.0466085432130818,14,0.46539,0.511851,0.589311,0.0774600000000001
1,4.33333333333333,1.28285396117964,37.6666666666667,-11.3318766570868,23,-18.6013824371047,0.262425333333333,-0.0073404903658699,15,0.3233445,0.168226,0.411774,0.243548
1,8.5,-4.86415460280613,58.6666666666667,-35.5991974227349,30.5,-26.565767446095,0.3204325,-0.0741479433634638,16,0.4917515,0.242231,0.272825,0.030594
1,1.16666666666667,-0.160356745147455,28.3333333333333,-8.12474175413771,22.5,-10.4231884345846,0.0617306666666667,-0.0239643534218162,17,0.1982385,0.341902,0.219621,-0.122281
1,3,-1.92428094176946,27.3333333333333,-13.8975845794461,14.1666666666667,-9.46104796369982,0.2011165,-0.0393027433564122,18,0.1754095,0.231317,0.404459,0.173142
1,3.33333333333333,-2.56570792235927,29.3333333333333,-8.23164625090267,15.8333333333333,-10.9577109184094,0.243277333333333,-0.0292087673196154,20,0.3107485,0.276869,0.320968,0.044099
1,5,-3.20713490294909,39.5,-15.3407952857732,24.1666666666667,-10.5300929313495,0.204218,-0.0115163938185031,21,0.565195,0,0.286165,0.286165
1,4,-1.38975845794461,24,-12.0802081344416,16,-10.690449676497,0.279913166666667,-0.0551808406429261,22,0.4762995,0.182165,0.479078,0.296913
1,5.33333333333334,-2.67261241912424,35.3333333333333,-18.2806689468098,27.1666666666667,-19.296261666077,0.169880666666667,-0.027683347055276,23,0.365337,0.346865,0.309211,-0.037654
1,1.33333333333333,-0.10690449676497,30.5,-2.51225567397679,21.1666666666667,-10.7439019248795,0.187347,-0.011294032465232,24,0.467602,0.161135,0.579483,0.418348
2,5.5,-2.51225567397679,52.5,-26.45886294933,31,-13.5768710891512,0.158921166666667,0.00155401721722396,4,0.2846430596045,1.19209e-07,0.569286,0.569285880791
2,4.33333333333333,-2.03118543853443,28.8333333333333,-16.8374582404827,32.3333333333333,-14.325202566506,0.312533166666667,-0.0479008582222252,5,0.2536,0.166228,0.319936,0.153708
2,2.16666666666667,-0.908688222502243,14.6666666666667,-7.16260128325298,12.1666666666667,-4.00891862868637,0.209296333333333,-0.0240930664359212,7,0.1475858,0,0.241481,0.241481
2,5.5,-4.11582312545134,41.1666666666667,-29.0245708716893,22.6666666666667,-18.7082869338697,0.1510125,-0.0640199182444473,8,0.12543465,0.189586,0.211711,0.022125
2,4.66666666666667,-1.60356745147455,30,-16.1425790115104,17.8333333333333,-5.82629507369086,0.1782795,-0.020767962420792,9,0.174185,0,0.34837,0.34837
2,3.5,-1.763924196622,35.5,-14.9131772987133,37.6666666666667,-14.9666295470958,0.257738666666667,0.00304955767471753,10,0.14994565,0.213677,0,-0.213677
2,3.16666666666667,-1.97773319015194,21.5,-6.25391306075073,15.1666666666667,0.694879228972304,0.148694,-0.0260839488791753,11,0.362755,0,0.240615,0.240615
2,2.66666666666667,-1.81737644500449,18.5,-9.99557044752468,19.1666666666667,-11.1715199119393,0.065871,0.052104931009756,12,0.307954,-1.19209e-07,0.178841,0.178841119209
2,4.83333333333333,-1.22940171279715,29.6666666666667,-18.8151914306347,17.1666666666667,-13.0958008537088,0.191069166666667,-0.0285029303797247,13,0.388225,0,0.311134,0.311134
2,5.83333333333334,-3.58130064162649,36,-23.4120847915284,20.1666666666667,-10.2093794410546,0.195476833333333,-0.0473754226206254,14,0.2117325,0.21216,0.233538,0.021378
2,6.33333333333333,-2.56570792235927,39.1666666666667,-22.931014556086,27.8333333333333,-19.8307841499019,0.209911333333333,-0.0596267314021393,15,0.2994815,0.206245,0.475913,0.269668
2,8,-5.45212933501346,63.3333333333334,-41.6927537383382,37.5,-30.8419473166938,0.331796333333333,-0.017641059342665,16,0.1865555,0.511712,0.297293,-0.214419
2,1.16666666666667,0.160356745147455,9,-1.92428094176946,11.3333333333333,-3.527848393244,0.0610858333333333,0.0215381024154868,17,2.98023e-08,0.157244,0.157244,0
2,3.66666666666667,-1.92428094176946,28.6666666666667,-12.0802081344416,21.5,-9.03342997663995,0.229536333333333,-0.00283628320367144,18,0.366906,0.0847145,0.194943,0.1102285
2,2.66666666666667,-2.56570792235927,19,-10.7973541732619,11.1666666666667,-6.14700856398576,0.281683166666667,0.0124525030444256,20,0.0733245298023,0.0527903,0.237598,0.1848077
2,3.5,-1.763924196622,23.6666666666667,-16.7840059921003,14.5,-6.0401040672208,0.268063333333333,0.0165397292169922,21,0.2956785,0,0.240484,0.240484
2,4.83333333333333,-2.51225567397679,38.6666666666667,-10.583545179732,27.5,-2.51225567397679,0.189998,-0.00208036150704632,22,0.2502825,0.233088,0.309749,0.076661
2,7,-1.0690449676497,44,5.45212933501346,30.6666666666667,7.26950578001795,0.173599666666667,-0.00681569619125067,23,0.2233345,0.331394,0.13758,-0.193814
2,3.83333333333333,-3.68820513839146,22.8333333333333,-13.4165143440037,19,-8.23164625090267,0.209314333333333,-0.0213957590780443,24,0.3470115,0.0622743,0.272176,0.2099017
3,3.16666666666667,-1.87082869338697,38.5,-19.9376886466669,28.8333333333333,-16.3029357566579,0.140904333333333,-0.0405439580161019,4,0.5958515,0.414176,0.514641,0.100465
3,5.16666666666667,-0.481070235442365,31,-1.49666295470958,18.8333333333333,-5.93319957045582,0.277947333333333,0.0126848599681442,5,0.386178,0.435477,0.332655,-0.102822
3,2.16666666666667,-0.587974732207334,22.1666666666667,-7.53676702193037,19.6666666666667,-5.23832034148352,0.152516666666667,-0.0502386992097299,7,0.313269,0.128812,0.419019,0.290207
3,3.66666666666667,-2.99332590941915,25.5,-11.9198513892941,24.3333333333333,-13.3630620956212,0.167921833333333,-0.0717312603095949,8,0.3882185,0,0.58036,0.58036
3,2.5,-1.97773319015194,16,-12.4009216247365,8.33333333333333,-5.02451134795358,0.19366,-0.00194961730750279,9,0.615277,5.96046e-08,0.41311,0.4131099403954
3,2.5,-1.87082869338697,26.8333333333333,-15.875317769598,23.8333333333333,-11.4922334022343,0.251088833333333,1.61960312598209e-05,10,0.289286,0.168081,0.266499,0.098418
3,4.33333333333333,-0.21380899352994,32.6666666666667,-11.2249721603218,19.3333333333333,-5.13141584471855,0.163294666666667,-0.0401427454397429,11,0.0814775,0,0.162955,0.162955
3,1.33333333333333,-0.534522483824849,12.3333333333333,-6.94879228972304,11.8333333333333,-5.82629507369085,0.0488986666666667,-0.0308206733218376,12,0.1514994,0.144817,0.376272,0.231455
3,5.83333333333333,-7.10914903487049,65.3333333333334,-84.882170431386,46.6666666666667,-59.6527091948531,0.262065333333333,-0.0810568068236451,13,0.6586105,5.96046e-08,0.298791,0.2987909403954
3,4.33333333333334,-4.06237087706885,35.3333333333333,-18.4944779403398,22.8333333333333,-4.65034560927618,0.2036075,-0.0759067361442411,14,0.23898915,0.0954365,0.412282,0.3168455
3,5.33333333333334,-1.0690449676497,33,-20.5256633788742,24.1666666666667,-15.875317769598,0.232696333333333,-0.0493748039713722,15,0.222282,0.160813,0.339918,0.179105
3,6.66666666666667,-3.31403939971406,41,-21.9154218368188,30.5,-19.2962616660771,0.300318,-0.00582918149510351,16,0.3060635,0.267512,0.502544,0.235032
3,1.16666666666667,0.160356745147455,11.6666666666667,-8.97997772825746,12.8333333333333,-9.03342997663995,0.105599833333333,-0.0012466667890247,17,0.4077795,5.96046e-08,0.45748,0.4574799403954
3,3.16666666666667,-0.0534522483824852,21.5,-8.07128950575522,14,-5.23832034148352,0.219046666666667,-0.0181925796414756,18,0.2883155,0.307711,0.423453,0.115742
3,2.83333333333333,-1.763924196622,23,-7.48331477354789,12.3333333333333,-3.63475289000897,0.294796333333333,0.00601284342054566,20,0.1780481,0.190331,0.276471,0.08614
3,3.5,-2.8329691642717,36.6666666666667,-17.5323374694551,30.3333333333333,-11.2249721603218,0.237248,-0.0811842369837889,21,0.1968965,0.39103,0.310124,-0.080906
3,3.16666666666667,-2.93987366103667,20.8333333333333,-8.60581198958007,12.1666666666667,-2.29844668044685,0.173815166666667,-0.0261512452598888,22,0.371096,0.433073,0.352219,-0.080854
3,6.16666666666667,-2.29844668044685,35.1666666666667,-9.5679524604648,24.3333333333333,-4.81070235442364,0.179472666666667,0.0199563969336007,23,0.3230405,0.335772,0.336259,0.00048699999999996
3,3,-2.56570792235928,33.1666666666667,-21.6481605949064,28.8333333333333,-22.2895875754962,0.201580166666667,0.000197612962270011,24,0.3587655,0.196973,0.391482,0.194509
4,2.5,-0.587974732207334,49.8333333333333,-14.6993683051833,33,-13.8975845794461,0.194910666666667,-0.0220143084963264,4,0.319612,0.128795,0.223772,0.094977
4,5.66666666666667,-1.92428094176946,36,-7.91093276060776,37.3333333333333,-10.1559271926721,0.294127833333333,0.0293583801628379,5,0.7749275,0,0.542232,0.542232
4,3.16666666666667,-2.19154218368188,17.6666666666667,-7.91093276060776,16,-8.33855074766764,0.198581166666667,-0.0310217072280041,7,0.3051725,0.229891,0.466874,0.236983
4,5.66666666666667,-1.0690449676497,54,-16.4632925018053,44.8333333333333,-13.8441323310636,0.162460833333333,0.00779039794050526,8,0.3086145,0.198045,0.243425,0.04538
4,3.33333333333333,-1.60356745147455,30.5,-21.9688740852013,20.3333333333333,-7.26950578001795,0.181299333333333,-0.0309133595205328,9,0.3592545,0.116589,0.25582,0.139231
4,4,-2.1380899352994,37.3333333333333,-13.1492531020913,30.8333333333333,-14.8062728019483,0.288078,-0.00568293614352908,10,0.3465325,0.163844,0,-0.163844
4,5,-2.35189892882934,50.6666666666667,-11.5456856506167,30.3333333333333,-5.13141584471855,0.149444,-0.0245863237839948,11,0.32826125,0.467945,0.171224,-0.296721
4,1.16666666666667,-0.267261241912425,9.16666666666667,-3.58130064162649,13,-5.98665181883831,0.0407795,-0.0149898812751422,12,0.04753915,0,0.0950783,0.0950783
4,5.66666666666667,-4.91760685118861,56.8333333333333,-58.6371164755859,39.8333333333334,-43.2428689414303,0.235724166666667,-0.106954153903717,13,0.427917,0.0706601,0.48449,0.4138299
4,6.16666666666667,-3.36749164809655,56,-29.6125456038966,36,-19.2428094176946,0.221462166666667,-0.0695937048967793,14,0.12079685,0.225164,0.222404,-0.00276000000000001
4,5,-5.45212933501346,55.5,-36.4009811484722,34.6666666666667,-22.5568488174086,0.2406875,0.0183782193001078,15,0.3682735,0.185931,0.120061,-0.06587
4,6.5,-2.8329691642717,49.5,-22.931014556086,32.1666666666667,-13.5234188407687,0.276833,-0.0147899164139433,16,0.442814,0.310272,0.479795,0.169523
4,2.16666666666667,-0.694879228972304,30.8333333333333,-16.1960312598929,35.3333333333333,-14.3252025665059,0.0970768333333333,-0.00997306705095565,17,0.270028,0.0427307,0.261914,0.2191833
4,2.33333333333333,-0.21380899352994,27.6666666666667,-6.84188779295807,21.3333333333333,-4.48998886412873,0.220857833333333,0.0255669052805715,18,0.15037745,0.170316,0.394408,0.224092
4,3.66666666666667,-3.95546638030388,29.6666666666667,-21.5947083465239,17.5,-7.85748051222528,0.277389,-0.0258138012158502,20,0.458934,0.152445,0.372367,0.219922
4,3.16666666666667,-3.15368265456661,35.1666666666667,-10.7439019248795,22.1666666666667,-3.26058715133158,0.189847,0.0115932581516771,21,0.122776,0.146791,0.333106,0.186315
4,8,-3.31403939971407,60,-13.2561575988563,40.3333333333333,-9.19378672178741,0.246145833333333,0.0103109921652297,22,0.157212,0,0.314424,0.314424
4,6,-0.32071349029491,44.8333333333333,-5.50558158339594,33.6666666666667,-6.30736530913322,0.203847,-0.0199201563091974,23,0.13673065,0.169624,0.313681,0.144057
4,3.33333333333333,-2.03118543853443,34.6666666666667,-10.583545179732,29.8333333333333,-10.6369974281145,0.288999666666667,-0.0545271730974566,24,0.243597,0.253782,0.32436,0.070578
5,7.83333333333333,-1.12249721603218,76.5,-7.53676702193037,49,-13.0423486053263,0.203438666666667,-0.0263312189801926,4,0.2671285,0.125064,0.144608,0.019544
5,4.16666666666667,-2.72606466750673,29.5,-26.8864809363899,24.3333333333333,-23.6258937850583,0.2970745,0.00119064883271982,5,0.5184925,0,0.471369,0.471369
5,2.5,-0.267261241912425,21.6666666666667,-14.6459160568009,17,-14.3252025665059,0.190092,-0.0059333064749526,7,0.256371,0.302731,0.349867,0.047136
5,5.66666666666667,-4.91760685118861,45.6666666666667,-17.85305095975,32.5,-25.1760089881504,0.141056166666667,0.0165730299677346,8,0.4081045,0.357119,0.329338,-0.027781
5,5.66666666666667,-4.38308436736376,42.3333333333333,-34.4232479583203,31.6666666666667,-34.5301524550852,0.193776,-0.0202034532256246,9,0.689462,0.19486,0.369962,0.175102
5,4,-3.527848393244,36,-29.2918321136017,29,-29.2918321136017,0.264607,0.00116846614964107,10,0.379374,0.250901,0.343064,0.092163
5,5.33333333333333,-5.98665181883831,45.1666666666667,-46.4500038443794,19.6666666666667,-16.1425790115104,0.225393666666667,-0.0170500912845483,11,0.661393,-2.38419e-07,0.424884,0.424884238419
5,2,0.427617987059879,24,-5.13141584471856,19.1666666666667,-10.8508064216444,0.114779,0.0353415575855313,12,0.3191765,0.143403,0.283911,0.140508
5,6.66666666666667,-4.5968933608937,98.6666666666667,-70.77077685841,67.3333333333334,-61.2562766463277,0.263896333333333,-0.0398801879956882,13,0.2230085,0.329766,0.332244,0.00247799999999998
5,7.5,-4.97105909957109,66.8333333333334,-42.8152509543704,48.5,-36.8285991355321,0.197909166666667,-0.0663972604435067,14,0.1848105,0.062037,0.234687,0.17265
5,10,-7.59021927031285,64.1666666666667,-56.1783130499916,49.8333333333333,-56.0714085532267,0.238445333333333,0.0156286890955612,15,0.15030335,0.183127,0.286387,0.10326
5,11.5,-8.81962098311001,95.1666666666667,-72.534701055032,54.3333333333334,-50.2451134795358,0.327472666666667,-0.0650594041187415,16,0.468547,0.103019,0.474988,0.371969
5,2.16666666666667,-1.763924196622,42,-38.913236822449,36.6666666666667,-34.3163434615553,0.114277666666667,-0.0405819091124534,17,0.2432105,0.0421072,0.146541,0.1044338
5,4.83333333333333,-2.08463768691691,53.8333333333333,-23.1448235496159,35.6666666666667,-14.4321070632709,0.229511833333333,-0.0242226881382488,18,0.345722,-2.38419e-07,0.292151,0.292151238419
5,8.5,-10.8508064216444,79.3333333333334,-90.6550132566944,54.8333333333333,-76.4901674353359,0.272131166666667,-0.044816556586059,20,0.4322075,0.539411,0.401129,-0.138282
5,3.5,-1.55011520309206,26.5,-10.3162839378196,18,-3.31403939971407,0.197384,-0.00220853999866755,21,0.10869605,0.155978,0.14061,-0.015368
5,9.16666666666667,-6.14700856398576,70,-52.7039169051301,39.3333333333334,-36.7751468871496,0.225408833333333,0.0356609347696167,22,0.3648125,0.274902,0.280187,0.00528500000000004
5,7.83333333333334,-3.26058715133158,57.8333333333333,-18.1203122016624,51.5,-19.616975156372,0.1587325,-0.0180116437807008,23,0.1154586,0.209434,0.155048,-0.054386
5,4.16666666666667,-3.79510963515643,37.6666666666667,-36.8820513839146,28.1666666666667,-26.3519584525651,0.248667166666667,-0.0537313225712899,24,0.3754225,0.227285,0.395694,0.168409
6,5.16666666666667,-3.36749164809655,52,-33.6749164809655,33,-22.7706578109386,0.173328,-0.0138724620227063,4,0.1684205,0.435344,0.294549,-0.140795
6,3.5,-0.908688222502243,28.5,-10.9577109184094,21.1666666666667,-9.03342997663995,0.2587095,-0.0390823062840829,5,0.218216,0,0.436432,0.436432
6,4.16666666666667,-1.22940171279715,31.3333333333333,-11.7594946441467,35,-12.5078261215015,0.219175833333333,-0.0866567316254361,7,0.203086,0.32705,0.405504,0.078454
6,6.5,-6.57462655104564,51.8333333333333,-54.5747455985171,38.1666666666667,-38.6459755805366,0.142704666666667,-0.0126757730859192,8,0.3670415,0,0.401629,0.401629
6,4.16666666666667,-3.26058715133158,36,-24.1604162688832,19.8333333333333,-19.510070659607,0.2094735,-0.0367407770914397,9,0.1036043807905,0.064314,0.28845,0.224136
6,4.33333333333334,-4.91760685118861,42.5,-29.4521888587492,26.3333333333333,-12.9354441085613,0.338163333333333,-0.0210617894301505,10,0.19579795,0.184735,0.260792,0.076057
6,10,-10.7973541732619,67.3333333333333,-67.6705464522259,68.5000000000001,-77.4523079062206,0.168422333333333,-0.0428084090665774,11,0.5451065,1.78814e-07,0.337294,0.337293821186
6,2.83333333333333,-2.8329691642717,14,-13.6837755859161,16.1666666666667,-14.9131772987133,0.0421933333333334,-0.0416853773280614,12,0.5038875,1.78814e-07,0.238764,0.238763821186
6,4.33333333333333,-3.20713490294909,45.8333333333333,-35.6526496711174,25,-21.7016128432889,0.204349833333333,-0.0329834047436413,13,0.2814265,1.19209e-07,0.386309,0.386308880791
6,5.83333333333334,-3.15368265456661,50.8333333333333,-22.0757785819663,24,-13.6837755859161,0.206501,-0.0427009700473287,14,0.3650465,0.231163,0.388788,0.157625
6,4.33333333333333,-2.24499443206437,36.8333333333333,-22.2895875754962,24.8333333333333,-25.0691044913854,0.2040475,0.014897622694434,15,0.2168325,0.220613,0.331751,0.111138
6,8.33333333333333,-2.99332590941915,61.1666666666667,-18.9755481757821,30.8333333333333,-18.8686436790172,0.2809255,-0.0309688964066022,16,0.5461925,0.690078,0.342177,-0.347901
6,2.33333333333333,-1.71047194823952,22.6666666666667,-19.3497139144595,16.8333333333333,-10.7439019248795,0.110617,-0.0192325465860051,17,0.4389255,0,0.408985,0.408985
6,1.83333333333333,-0.267261241912425,16,-10.2628316894371,10.6666666666667,-2.88642141265418,0.25103,0.00537473047935561,18,0.5271495,0.191779,0.221565,0.029786
6,5.16666666666667,-2.72606466750673,41,-16.8909104888652,22,-17.5323374694551,0.255745166666667,0.0184641705155069,20,0.1227799,0.210468,0.229569,0.019101
6,7.83333333333333,-3.36749164809655,60,-29.2918321136017,35.6666666666667,-19.5635229079895,0.259444,-0.0250745566207204,21,0.341519,0.31601,0.179036,-0.136974
6,3,-1.81737644500449,26.6666666666667,-13.3630620956212,18.3333333333333,-9.83521370237722,0.1727235,-0.0441864614821263,22,0.1536735298023,0.122418,0.316058,0.19364
6,4.83333333333333,-0.267261241912425,35.1666666666667,-16.4098402534229,23,-11.1180676635569,0.135346166666667,-0.0436109945760405,23,0.3112305,0.242154,0.327025,0.084871
6,4.16666666666667,-4.22272762221631,38.1666666666667,-33.3007507422881,33.5,-31.3764698005186,0.256749166666667,-0.0972691410192947,24,0.190317,0.151786,0.36179,0.210004
7,3.33333333333333,1.0690449676497,39.1666666666667,0.801783725737271,26.5,-1.763924196622,0.1987375,0.019795024595734,4,0.3153115,0.446786,0.180394,-0.266392
7,6.66666666666667,-6.62807879942812,40,-40.5168042739236,20.3333333333333,-18.6013824371047,0.313160833333333,-0.0179661024650789,5,0.559249,1.19209e-07,0.553374,0.553373880791
7,2.5,-0.481070235442364,17,-8.1247417541377,14.6666666666667,-9.1937867217874,0.148336833333333,-0.0132607010399688,7,0.19616,0.159938,0.195553,0.035615
7,9.5,-1.33630620956212,46.1666666666667,-12.347469376354,38.3333333333333,-14.4321070632709,0.161169166666667,-0.0482221062350039,8,0.316478,0.296536,0.403865,0.107329
7,5.83333333333334,0.053452248382484,40,-11.3318766570868,27,-10.2628316894371,0.194517,-0.00972189493580636,9,0.3078475,0.140727,0.305114,0.164387
7,3.66666666666667,-3.527848393244,31,-27.2606466750673,23.5,-8.81962098311001,0.229531166666667,-0.046948018442559,10,0.2891785,0.127555,0.241717,0.114162
7,4.5,-2.19154218368188,32.6666666666667,-12.9354441085613,19.8333333333333,-1.55011520309206,0.187061166666667,-0.0307510250421952,11,0.1903502,0.212751,0.435534,0.222783
7,2,-0.748331477354789,11.3333333333333,-3.10023040618412,14.6666666666667,-1.81737644500449,0.0377188333333333,-0.0170336814442948,12,0.098664,0.0283263,0.197372,0.1690457
7,5.83333333333334,-1.65701969985703,57.8333333333333,-29.8798068458091,35.1666666666667,-19.2962616660771,0.219771833333333,-0.0299793883845456,13,0.22387,0.208281,0.342148,0.133867
7,3.66666666666667,-2.99332590941915,20.6666666666667,-10.2628316894371,18.5,-10.9577109184094,0.134451833333333,-0.0595949273143517,14,0.1432854403955,0.155986,0.241991,0.086005
7,4.5,-2.51225567397679,31.8333333333333,-21.2205426078465,25.6666666666667,-21.4878038497589,0.196027333333333,-0.0241775209883656,15,0.3666175,0.248766,0.501243,0.252477
7,7.99999999999999,-6.62807879942812,73.6666666666667,-59.3319957045582,64.6666666666667,-63.9288890654519,0.345202666666667,0.0117333030424393,16,0.2339485,0.0725323,0.289891,0.2173587
7,3.33333333333333,-2.24499443206437,34.8333333333333,-37.5769306128869,40.8333333333333,-37.042408129062,0.101930166666667,-0.00829541478322298,17,0.22135555,0.152464,0.390725,0.238261
7,2.16666666666667,-1.01559271926721,33,-26.6192196944775,20,-10.3697361862021,0.226423666666667,0.0114208211983952,18,0.1983955,0.132018,0.213418,0.0814
7,2.5,-2.40535117721182,26.8333333333333,-18.1203122016624,20.8333333333333,-17.9065032081324,0.252509,-0.046316907745907,20,0.1228545,0,0.22049,0.22049
7,12.6666666666667,-10.7973541732619,83.1666666666667,-82.5837237509391,47.1666666666667,-41.9600149802506,0.303692333333333,-0.00788880352977745,21,0.412702,0,0.501359,0.501359
7,7.66666666666666,-6.52117430266315,40.3333333333333,-33.2472984939056,30.8333333333333,-19.8307841499019,0.147699,-0.0588579811659024,22,0.2459555,0.366709,0.35153,-0.015179
7,4.66666666666667,-2.67261241912425,33,-13.3630620956212,32,-8.65926423796255,0.159836,0.0201279786509085,23,0.03364545,0.384572,0.344382,-0.04019
7,3.16666666666667,-2.40535117721182,32.3333333333333,-21.380899352994,28.6666666666667,-14.6459160568009,0.248244166666667,-0.0200477468260865,24,0.3409475,0.332227,0.255352,-0.076875
8,5,-1.92428094176946,51.5,-26.8864809363899,42.5,-29.2383798652192,0.178727666666667,-0.0306943122066614,4,0.5069805,0,0.448479,0.448479
8,4.83333333333333,1.97773319015194,39.1666666666667,0.374165738677391,29.1666666666667,-7.53676702193037,0.2757555,-0.00700154965887657,5,0.4281545,0.412287,0.479047,0.06676
8,2.83333333333334,-1.44321070632709,19.3333333333333,-7.48331477354789,16.6666666666667,-10.690449676497,0.2205035,-0.0191904796665282,7,0.0892610596045,0.180985,0.245738,0.064753
8,12.1666666666667,7.4298625251654,106.166666666667,23.2517280463809,79.1666666666667,7.00224453810549,0.181005,-0.00658189605682568,8,0.468352,0.198945,0.380363,0.181418
8,4.66666666666667,-2.24499443206437,40.1666666666667,-22.0757785819663,29.1666666666667,-12.561278369884,0.19907,-0.00985018033192435,9,0.2688395,0.247457,0.376136,0.128679
8,3.33333333333333,-2.45880342559431,38.3333333333333,-19.3497139144595,32.6666666666667,-13.3630620956212,0.231885833333333,-0.0363013996097357,10,0.16389735,0.323141,0.314381,-0.00875999999999999
8,7.66666666666667,0.855235974119757,91.8333333333334,2.61916017074175,44.1666666666667,6.78843554457558,0.238929166666667,-0.00795107539914303,11,0.364693,0.282921,0.338728,0.055807
8,1.16666666666667,0.0534522483824848,25.1666666666667,-10.3162839378196,23.5,-11.7060423957642,0.0346878333333333,-0.0124971891240733,12,0.3287,0.158665,0.301326,0.142661
8,3.83333333333333,-3.9020141319214,47.1666666666667,-45.0602453864348,34,-34.2094389647903,0.185576333333333,-0.0518449392736236,13,0.5491325,0.291471,0.324342,0.032871
8,9.66666666666667,-5.98665181883831,90.8333333333334,-57.3542625144063,55,-38.913236822449,0.217725333333333,-0.0826007215659248,14,0.3536995,0.289436,0.413569,0.124133
8,5.66666666666667,-4.16927537383382,57.5,-44.09810491555,39.6666666666667,-30.1470680877215,0.2363235,0.00917630783656627,15,0.282728,0.256547,0.496404,0.239857
8,6.83333333333333,-4.00891862868637,55,-38.3787143386242,36.8333333333333,-27.1002899299198,0.284617666666667,-0.0130437383637843,16,0.2793445,0.251739,0.280241,0.028502
8,2.16666666666667,-0.908688222502243,35,-21.273994856229,28.3333333333333,-14.8597250503308,0.0925865,-0.0267519416272112,17,0.197673,0.0494547,0.277567,0.2281123
8,1.83333333333333,-0.694879228972304,21.5,-11.5991378989992,16.8333333333333,-7.75057601546031,0.2267865,-0.0105008545514843,18,0.13520525,0,0.150943,0.150943
8,5.16666666666667,-2.29844668044685,32.3333333333333,-16.6771014953353,24.1666666666667,-17.2650762275426,0.254692333333333,-0.0115494273080036,20,0.4009675,0.270661,0.243614,-0.027047
8,5.33333333333334,-2.03118543853443,52.5,-22.1826830787312,37.8333333333333,-23.3586325431459,0.3149875,-0.0509709415603216,21,0.13192475,0.32275,0.300478,-0.022272
8,9.66666666666667,-8.01783725737273,54.5,-28.2762393943345,32.8333333333333,-7.96438500899025,0.254889333333333,0.0894690147695838,22,0.214163,0.546401,0.28222,-0.264181
8,7.66666666666667,-3.63475289000897,53.3333333333333,-25.2294612365329,40.8333333333333,-20.3653066337267,0.230236,-0.0677166222903316,23,0.3459845,0.28955,0.471451,0.181901
8,9,-7.69712376707782,56.6666666666667,-45.1136976348172,52.8333333333333,-37.042408129062,0.226927666666667,-0.0920440233831617,24,0.4854555,5.96046e-08,0.488296,0.4882959403954
9,10.6666666666667,-9.83521370237722,81,-58.6905687239684,62.3333333333333,-46.8241695830568,0.171888166666667,-0.0371371789654442,4,0.1987615,0.289116,0.342821,0.053705
9,5,-2.45880342559431,38.1666666666667,-11.1715199119393,43.5,-14.0579413245935,0.284498833333333,0.0172195883641691,5,0.4550315,0.123611,0.586363,0.462752
9,5.5,-2.72606466750673,40.8333333333333,-22.2895875754962,31.8333333333333,-20.7929246207866,0.161860666666667,-0.0664176257501404,7,0.4906345,0.188584,0.337161,0.148577
9,7.16666666666667,-4.11582312545134,43.1666666666667,-14.6993683051834,31.3333333333333,-23.7327982818233,0.192484833333333,-0.0508019255509362,8,0.391454,0.371995,0.280399,-0.091596
9,7.33333333333333,-7.16260128325297,56.6666666666667,-37.5234783645044,36.6666666666667,-28.436596139482,0.212152,-0.0177421909966047,9,0.371799,0.244243,0.285138,0.040895
9,6.83333333333333,-6.46772205428067,59.6666666666667,-52.8108214018951,38,-26.5123151977125,0.296108,-0.0447793003689365,10,0.236387,0.240996,0.270159,0.029163
9,5,-1.0690449676497,33.5,-11.1715199119394,21.1666666666667,-15.768413272833,0.155689333333333,-0.0359410780033893,11,0.10087005,0.206614,0.164933,-0.041681
9,2.83333333333334,-2.29844668044685,33.1666666666667,-14.3786548148884,32.3333333333333,-14.6459160568009,0.113272666666667,-0.0853613163858866,12,0.327691,0.376918,0.353041,-0.023877
9,5,-3.20713490294909,60.6666666666667,-37.6303828612694,28.5,-23.5724415366758,0.244257,0.00297953522933642,13,0.235675,0.0747595,0.364484,0.2897245
9,11.3333333333333,-7.26950578001795,88.1666666666667,-49.1226162635036,48.8333333333333,-32.5524192649333,0.242535333333333,-0.0329889103252247,14,0.12200675,0.247703,0.286874,0.039171
9,7.16666666666667,-4.75725010604116,58.5,-29.8798068458091,38.6666666666667,-36.6682423903846,0.209240833333333,-0.0360067708166514,15,0.251289,0.232079,0.264581,0.032502
9,13.3333333333333,-10.9042586700269,112.833333333333,-93.1672689306711,54.8333333333333,-46.2361948508494,0.332532333333333,-0.0557762452376586,16,0.4121415,0.125551,0.375937,0.250386
9,3.16666666666667,-1.65701969985703,30.5,-18.7617391822522,26.6666666666667,-13.4699665923862,0.10998,-0.0240165228162375,17,0.21648,0.143538,0.325704,0.182166
9,4.83333333333334,-2.61916017074176,31.8333333333333,-24.4276775107956,17.3333333333333,-12.9354441085613,0.251820333333333,-0.00698439148714584,18,0.2761654,0.22515,0.369491,0.144341
9,5.16666666666667,-5.18486809310103,42.1666666666667,-44.9533408896698,31.1666666666667,-34.5836047034677,0.225052333333333,-0.0370454014549715,20,0.2321550596045,0.483373,0.323843,-0.15953
9,5.5,-4.22272762221631,49.8333333333334,-17.9065032081324,43.5,-27.5279079169797,0.207835666666667,0.000309595422631315,21,0.2796315,0.0585466,0.3834,0.3248534
9,9,-4.70379785765867,56,-20.5256633788742,33.3333333333333,-10.583545179732,0.161867166666667,-0.0126195947728692,22,0.21595445,0.0986426,0.393221,0.2945784
9,5.16666666666667,-1.87082869338697,35.8333333333333,-11.1715199119393,26.6666666666667,-10.1559271926721,0.206609166666667,-0.108761588230522,23,0.2401295,0.327152,0.303882,-0.02327
9,8.66666666666666,-6.52117430266315,47.6666666666667,-26.0846972106526,31.6666666666667,-21.9154218368188,0.265839333333333,-0.0176582709666442,24,0.3348635,0.382741,0.404316,0.021575
10,5,0.213808993529938,46.3333333333333,2.88642141265418,34.3333333333333,1.92428094176945,0.172980166666667,0.0353371210489156,4,0.261566,0.267717,0.46857,0.200853
10,2.83333333333333,-0.374165738677395,20.1666666666667,-13.5234188407687,27,-11.4387811538518,0.278952333333333,-0.0455479437006766,5,0.3403475,0,0.452884,0.452884
10,1.83333333333333,-1.01559271926721,20.6666666666667,-18.9220959273996,17.8333333333333,-8.81962098311,0.1500805,-0.0890242386107931,7,0.5620545,0,0.494517,0.494517
10,7.16666666666667,0.374165738677393,55,-20.5256633788742,47,-12.1871126312065,0.1775015,-0.0522437464988053,8,0.247998,0,0.495996,0.495996
10,3.66666666666667,-0.21380899352994,30.1666666666667,-9.56795246046479,18.6666666666667,-1.92428094176946,0.203876666666667,-0.0192409920412496,9,0.1635935,0.131091,0.23196,0.100869
10,4.66666666666667,-4.38308436736376,54.8333333333333,-44.205009412315,51.1666666666667,-40.1426385352461,0.260318666666667,-0.0349594809140933,10,0.12538205,0.169951,0.255656,0.085705
10,3.66666666666667,-1.60356745147455,33.3333333333333,-22.0223263335838,22,-6.94879228972303,0.1846305,0.046948018442559,11,0.3861135,0.330691,0.296719,-0.033972
10,2,-1.60356745147455,22.3333333333333,-14.7528205535658,20.3333333333333,-5.77284282530837,0.0850776666666667,-0.0315208977756481,12,0.328386,0.160629,0.356763,0.196134
10,2.33333333333333,-1.0690449676497,33,-28.115882649187,23.3333333333333,-11.3318766570868,0.195824166666667,-0.0481281371823475,13,0.22936305,0.0890208,0.318875,0.2298542
10,5.5,-1.44321070632709,38.8333333333333,-17.7995987113675,27,-16.0356745147455,0.195363,-0.0173102968296742,14,0.3622265,0.218725,0.260761,0.042036
10,5.16666666666667,-3.79510963515643,51,-48.9622595183561,40.6666666666667,-42.9756076995178,0.290666333333333,-0.015807112700662,15,0.410546,0.210963,0.525877,0.314914
10,4.5,-3.04677815780164,56.8333333333333,-33.4076552390531,39.5,-15.1269862922432,0.317428166666667,0.0476327417443386,16,0.4636395,0.396903,0.338416,-0.058487
10,3.33333333333333,-2.67261241912424,32.8333333333333,-31.4833742972836,33.6666666666667,-21.5947083465239,0.0921486666666667,-0.0407828895663716,17,0.6748675,1.19209e-07,0.421977,0.421976880791
10,2,-0.534522483824849,24.6666666666667,-20.8463768691691,20.6666666666667,-10.2628316894371,0.233679333333333,-0.0105134158298542,18,0.5712925,0.159483,0.542183,0.3827
10,2.66666666666667,-1.71047194823952,31,-16.1425790115104,24.5,-18.0134077048974,0.244972166666667,-0.00932586722754058,20,0.32308,0.0516362,0.220228,0.1685918
10,3.66666666666667,-1.71047194823952,37.6666666666667,-11.4387811538518,22,-7.8040282638428,0.238428,0.0809418844896227,21,0.2647765,0.249223,0.356935,0.107712
10,5.83333333333334,-0.908688222502244,38.3333333333333,-8.65926423796256,30.3333333333333,-8.23164625090267,0.1946865,-0.0073831987123275,22,0.403215,0.28296,0.483621,0.200661
10,7.83333333333333,-3.9020141319214,54.8333333333333,-21.1136381110815,49.1666666666667,-19.510070659607,0.165101833333333,-0.0276403179953281,23,0.17134,0.498085,0.268587,-0.229498
10,11.8333333333333,-12.240564879589,93.6666666666668,-96.5347605787677,71.8333333333334,-67.8309031973733,0.230786666666667,-0.0474820598561484,24,0.2687425,0.257962,0.329373,0.071411
11,4,-0.641426980589819,36,-9.94211819914219,26.5,-9.78176145399473,0.203986166666667,-0.0181590650817397,4,0.277637,0.101857,0.351285,0.249428
11,6,-2.56570792235928,44.8333333333333,-19.296261666077,32.3333333333333,-16.8909104888652,0.230133833333333,-0.0197315233246556,5,0.21916105,0.343176,0.258572,-0.084604
11,4.16666666666667,-2.8329691642717,33.3333333333333,-33.1403939971406,28.8333333333333,-24.4276775107956,0.172193333333333,-0.089201005196194,7,0.538674,1.19209e-07,0.479898,0.479897880791
11,5.33333333333334,-2.45880342559431,35.8333333333333,-5.71939057692588,31.5,-9.46104796369983,0.140128,-0.0131005046515665,8,0.3318,0.0297019,0.292578,0.2628761
11,6,-2.56570792235928,52.1666666666667,-26.9933854331549,31.8333333333333,-13.4165143440037,0.208198833333333,-0.0138367024685385,9,0.291455,0.170984,0.370602,0.199618
11,2.83333333333334,-1.97773319015194,34.8333333333334,-17.7995987113675,28.8333333333333,-16.5167447501878,0.2465225,0.0117781494788322,10,0.249602,0.144075,0.298504,0.154429
11,5.33333333333334,0.213808993529939,56,-16.4632925018053,31.8333333333333,-3.68820513839146,0.228864666666667,-0.0253331585983949,11,0.1269543807905,0.227212,0.222983,-0.00422900000000001
11,3.83333333333333,-1.87082869338697,25,-11.8663991409116,19.3333333333333,-5.55903383177843,0.0460711666666667,-0.0275571462968449,12,0.4117535,0,0.407186,0.407186
11,9.16666666666667,-10.8508064216444,104.166666666667,-126.521471921342,66.3333333333334,-81.6750355284369,0.185797333333333,-0.0300046712980305,13,0.3686875,0.5349,0.338697,-0.196203
11,3.5,-1.22940171279715,37.6666666666667,-16.9978149856302,22.8333333333333,-12.9888963569438,0.169068166666667,-0.0285329705433156,14,0.333905,0.295335,0.40758,0.112245
11,9,-2.77951691588922,52.6666666666667,-26.7261241912424,37.1666666666667,-20.6860201240217,0.269646666666667,-0.00325117955561629,15,0.290555,0.0882592,0.4464,0.3581408
11,7.16666666666667,-5.291772589866,67.1666666666667,-54.1471276114572,39,-33.2472984939056,0.290033666666667,-0.0465313581664175,16,0.1753385,0.157081,0.28235,0.125269
11,1,-1.45362315675074e-16,23.1666666666667,-9.88866595075971,19.8333333333333,-10.3162839378196,0.0610263333333333,-0.00335904619285211,17,0.34832,0,0.250135,0.250135
11,3,-0.748331477354789,25.1666666666667,-15.875317769598,20,-6.09355631560328,0.261320166666667,0.0166127984405311,18,0.2258985,0.153967,0.247394,0.093427
11,3.33333333333333,-3.20713490294909,27.6666666666667,-23.5189892882934,28.3333333333334,-31.964444532726,0.293108,0.0454022328715859,20,0.342471,0.238299,0.345031,0.106732
11,4.33333333333333,-3.95546638030388,49.3333333333333,-27.1537421783023,39.1666666666667,-31.8040877875785,0.246727833333333,-0.0188942473059924,21,0.1258360596045,0.280825,0.34042,0.059595
11,6,-2.1380899352994,41.1666666666667,-11.8129468925292,32.5,-6.04010406722079,0.179539666666667,-0.0206564075784178,22,0.3206885,0.150496,0.41554,0.265044
11,4.33333333333333,-1.49666295470958,33.3333333333333,-16.4632925018054,30.8333333333333,-6.89534004134055,0.192565666666667,-0.0242640067262485,23,0.318611,0.359352,0.218978,-0.140374
11,2.83333333333334,-1.65701969985703,32,-13.7906800826811,27.8333333333333,-16.6236492469528,0.172991833333333,-0.0234058308784676,24,0.320379,0.375184,0.324692,-0.050492
12,5,0.106904496764969,50.3333333333333,-8.8730732314925,32.1666666666667,-12.454373873119,0.176805166666667,-0.00391831706767807,4,0.2007385,0.237471,0.31523,0.077759
12,3.16666666666667,-2.93987366103667,30.5,-26.7795764396249,20.5,-19.296261666077,0.236026166666667,-0.0546311377205606,5,0.4015375,0.357676,0.598847,0.241171
12,4.5,1.12249721603218,37.8333333333333,-1.01559271926722,25.1666666666667,-8.07128950575522,0.162084833333333,0.00823009613569956,7,0.136752,0.204043,0.139461,-0.064582
12,4,-3.95546638030388,39,-28.9711186233068,23.6666666666667,-27.7951691588921,0.1269105,0.00599386787236995,8,0.2888175,0.151908,0.395074,0.243166
12,2.83333333333333,-0.0534522483824856,28.6666666666667,-12.0802081344416,17.1666666666667,-10.3162839378196,0.186411166666667,-0.0378806997404446,9,0.2813875,0,0.253525,0.253525
12,4,-2.67261241912424,42.3333333333333,-27.3675511718323,29.5,-26.2450539558001,0.263894333333333,-0.0529329063372007,10,0.4045425,0.291548,0.360431,0.068883
12,3.5,-2.08463768691691,30.8333333333334,-20.8998291175516,24,-17.2116239791601,0.181576,-0.0481801462200236,11,0.441465,0,0.229555,0.229555
12,3.5,0.0534522483824842,28.1666666666667,-16.4098402534229,19.8333333333333,-14.9131772987133,0.0958958333333334,-0.0136639448017662,12,0.385522,0.0472651,0.441513,0.3942479
12,4.83333333333334,-3.36749164809655,56.6666666666667,-52.2762989180702,39.3333333333333,-42.441085215693,0.282363,-0.164884578203438,13,0.2933475,0.0813487,0.407945,0.3265963
12,7.16666666666667,-4.11582312545134,45.8333333333334,-21.1136381110815,23.6666666666667,-15.2873430373907,0.213673,-0.0435353596445792,14,0.378418,0.100016,0.307638,0.207622
12,5,-4.06237087706885,63.8333333333333,-38.8597845740665,49,-42.547989712458,0.238843166666667,-0.0198954079181963,15,0.234999,0.254829,0.404341,0.149512
12,5.83333333333334,-4.54344111251122,47.3333333333333,-22.4499443206436,36.1666666666667,-35.6526496711174,0.354823833333334,0.0168182688833134,16,0.346546,0.280074,0.418025,0.137951
12,1.66666666666667,-0.427617987059879,22,-15.9287700179805,17,-13.5768710891512,0.0806006666666667,-0.020699490090614,17,0.593835,0.327708,0.132313,-0.195395
12,2.5,-0.267261241912425,23.1666666666667,-7.32295802840043,13,-7.8040282638428,0.184309166666667,-0.045096325654093,18,0.307355,0.21303,0.323077,0.110047
12,4.33333333333333,-1.38975845794461,36.8333333333333,-19.0824526725471,17.6666666666667,-17.63924196622,0.221958166666667,-0.0161807973691039,20,0.3914845,0.211127,0.301242,0.090115
12,5.33333333333334,-3.527848393244,49.1666666666667,-25.2829134849154,35,-18.6013824371047,0.215895666666667,-0.00812292437769272,21,0.249702,0.376674,0.330052,-0.046622
12,6.16666666666667,-1.01559271926721,43,-10.476640682967,26.5,-11.4922334022343,0.239317333333333,-0.0681329084007344,22,0.3701855,0.11082,0.29969,0.18887
12,5.83333333333333,-3.47439614486152,52.1666666666667,-38.2183575934767,48.6666666666667,-39.9822817900987,0.193892666666667,-0.0269279598811347,23,0.15866305,0.239668,0.303965,0.064297
12,2.66666666666667,-0.962140470884729,37,-8.12474175413771,28.6666666666667,-15.2873430373907,0.236688833333333,-0.0155589339114221,24,0.3095825,0.143836,0.431178,0.287342
13,4.66666666666667,-0.21380899352994,44.6666666666667,-3.20713490294909,29.3333333333333,-5.87974732207334,0.174275,-0.00772727083516558,4,0.6020375,2.38419e-07,0.14503,0.145029761581
13,3.33333333333333,-2.03118543853443,18.1666666666667,-11.4922334022343,12.5,-1.33630620956213,0.259673166666667,-0.0242717573022639,5,0.41569,0,0.481323,0.481323
13,2,-1.17594946441467,15.1666666666667,-11.1715199119393,16.1666666666667,-11.2784244087043,0.113466666666667,-0.011909909271095,7,0.2452005,0.235222,0.378317,0.143095
13,4,-3.31403939971406,26,-1.3897584579446,11.6666666666667,0.320713490294909,0.128322833333333,-0.00866872528592628,8,0.2871085,0.218806,0.547864,0.329058
13,3.33333333333333,-2.45880342559431,26.1666666666667,-17.5857897178375,17.8333333333333,-12.1336603828241,0.226962166666667,-0.0170917305860382,9,0.34876045,5.96046e-08,0.557454,0.5574539403954
13,3.33333333333333,-2.24499443206437,35.8333333333333,-15.6615087760681,20.3333333333333,-6.30736530913322,0.283623666666667,-0.00468017196387367,10,0.06938465,0.219496,0.22301,0.00351400000000002
13,2.83333333333333,-1.01559271926721,17.5,-4.32963211898128,13,2.67261241912424,0.173447166666667,-0.0241856991823681,11,0.3472885,0.207459,0.432255,0.224796
13,1.83333333333333,-0.694879228972304,13.8333333333333,-2.93987366103667,14.3333333333333,-6.62807879942813,0.0869173333333334,-0.018883717213061,12,0.2735845,0.343575,0.438583,0.095008
13,3,-1.71047194823952,27.1666666666667,-17.7995987113675,14.1666666666667,-9.03342997663995,0.202134833333333,-0.0337046893833146,13,0.248212,0.410045,0.445456,0.035411
13,4.83333333333333,1.01559271926721,36.8333333333333,-7.75057601546031,25.3333333333333,-0.96214047088473,0.2083215,0.0270771451063702,14,0.4369715,0.435802,0.294357,-0.141445
13,4.83333333333333,0.267261241912423,39.3333333333333,-13.4699665923862,26,-10.690449676497,0.215201333333333,-0.015805722942204,15,0.2207595,0.206541,0.205365,-0.00117600000000001
13,5.5,-3.9020141319214,44.3333333333333,-32.3920625197858,26.5,-23.037919052851,0.304749166666667,-0.103513111961846,16,0.1575153,0.372045,0.370201,-0.00184400000000001
13,2.16666666666667,-0.908688222502244,17.3333333333333,-11.5456856506167,16.5,-6.68153104781061,0.0647601666666667,-0.048376690137326,17,0.435708,0.198679,0.549141,0.350462
13,3.33333333333333,-0.641426980589819,25.6666666666667,-7.59021927031285,20.5,-5.29177258986601,0.181345666666667,-0.0256467094874066,18,0.3420485,0.072763,0.63348,0.560717
13,4,-4.16927537383382,26.8333333333334,-29.0245708716893,25.3333333333333,-28.8642141265418,0.2963575,-0.0395523653563584,20,0.1579205298023,0.237012,0.373864,0.136852
13,2.5,-1.87082869338697,17.3333333333333,-11.1180676635569,7.66666666666667,-3.42094389647903,0.217328333333333,0.0215198751987884,21,0.493494,0.26483,0.385526,0.120696
13,6,-2.88642141265419,33.5,-13.9510368278286,20.1666666666667,-9.8886659507597,0.244140833333333,-0.0716170863070499,22,0.410581,0,0.603844,0.603844
13,5.16666666666667,-2.19154218368188,27.5,-16.6236492469528,21.6666666666667,-10.3697361862021,0.198082833333333,-0.0123797010821286,23,0.5408875,0.612462,0.437399,-0.175063
13,1.83333333333333,-0.801783725737273,17,-9.40759571531734,15.3333333333333,-6.62807879942813,0.2681775,0.0273391680279411,24,0.300444,0.299425,0.318619,0.019194
14,4.33333333333333,-3.20713490294909,44.8333333333334,-16.9443627372477,30.6666666666667,-14.9666295470958,0.149426,-0.025146182633553,4,0.272701,0.181152,0.326503,0.145351
14,4.33333333333333,1.38975845794461,32,-0.534522483824853,24.6666666666667,5.55903383177843,0.257390333333333,-0.0109863613235424,5,0.35338995,0.632935,0.222315,-0.41062
14,4.33333333333333,-2.56570792235927,26.5,-10.8508064216444,21.6666666666667,-11.9733036376766,0.149984833333333,-0.0528604785406424,7,0.124724,0.269707,0.41464,0.144933
14,4.66666666666667,-4.5968933608937,38.8333333333333,-33.4076552390531,30.6666666666667,-22.0223263335838,0.1561735,-0.0766402078965455,8,0.592191,0,0.129274,0.129274
14,4.16666666666667,0.053452248382484,38.1666666666667,-17.5857897178375,25.8333333333333,-11.1715199119393,0.229371166666667,-0.0264585956880881,9,0.660763,-2.38419e-07,0.434849,0.434849238419
14,4.33333333333334,-4.27617987059879,32.6666666666667,-20.3118543853443,28,-10.797354173262,0.2939755,-0.0176477408737128,10,0.0316446807905,0.293702,0.283165,-0.010537
14,3.5,-1.22940171279715,20.6666666666667,-8.1247417541377,16,-4.91760685118861,0.193991166666667,-0.00609232691389051,11,0.199565,0.122707,0.145956,0.023249
14,1.5,-0.587974732207334,17.1666666666667,-6.3608175575157,12.1666666666667,-1.87082869338697,0.0517655,0.0196303916707159,12,0.3115635,0.164292,0.347621,0.183329
14,5.33333333333334,-1.17594946441467,73.6666666666667,-23.1982757979985,47.8333333333333,-21.9688740852013,0.220809333333333,-0.0206927551073179,13,0.164669,0.183095,0.274469,0.091374
14,5.83333333333334,-3.04677815780164,50.1666666666667,-29.2383798652192,29.3333333333333,-20.9532813659341,0.218264,-0.0519699106303418,14,0.17964045,0.0402904,0.280963,0.2406726
14,6.5,-6.14700856398576,52.5,-40.1426385352462,33.6666666666667,-28.6504051330119,0.2642995,-0.0685724462391836,15,0.3850885,0.126945,0.266704,0.139759
14,5.33333333333334,-4.16927537383382,54.3333333333333,-25.5501747268278,47,-38.1649053450942,0.352257166666667,-0.0153278063894163,16,0.278159,0.173881,0.458477,0.284596
14,2.16666666666667,-1.55011520309206,25.8333333333333,-8.17819400252019,23.8333333333333,-7.64367151869534,0.100981666666667,-0.0240807724187933,17,0.0279382,0,0.0558764,0.0558764
14,1.83333333333333,-0.053452248382485,22,-5.87974732207334,13.8333333333333,-0.267261241912425,0.240656333333333,-0.0311114535530383,18,0.433956,0.245394,0.343337,0.097943
14,3.5,-3.26058715133158,38,-25.6570792235928,25,-15.2873430373907,0.246466166666667,-0.0281015039943722,20,0.200666,0.362111,0.383643,0.021532
14,3.33333333333333,-1.92428094176946,37.3333333333333,-18.0668599532799,17.8333333333333,-0.160356745147457,0.255770666666667,0.0386733431317084,21,0.0705475,0.297401,0.250029,-0.047372
14,5.5,-4.65034560927619,32.5,-22.2895875754962,20,-13.6837755859161,0.152947166666667,-0.0365082598109759,22,0.21316635,0.122541,0.407812,0.285271
14,5,-1.0690449676497,26,-5.45212933501346,21.3333333333333,-3.95546638030388,0.166198166666667,-0.0819843636898264,23,0.119679,0.295207,0.45043,0.155223
14,5,-2.77951691588921,36.3333333333333,-16.3563880050404,26.5,-15.0200817954783,0.251455666666667,-0.0455771286282934,24,0.258342,0.0945442,0.312931,0.2183868
15,3.66666666666667,-0.748331477354789,50.3333333333333,-22.1292308303487,30.5,-24.3207730140306,0.175229666666667,-0.00650043483029075,4,0.238544,0.328106,0.337986,0.00988
15,4,-1.49666295470958,28.5,-9.99557044752468,25.6666666666667,-13.3630620956212,0.262695333333333,-0.0051316296537121,5,0.601429,0.659852,0.58799,-0.071862
15,2.83333333333333,-0.160356745147455,26.1666666666667,-8.4989074928151,19.1666666666667,-16.5167447501878,0.181349666666667,-0.118786397057912,7,0.205959,0.338253,0.409827,0.071574
15,7.16666666666667,-4.32963211898128,48.1666666666667,-23.8931550269708,31,-20.0980453918143,0.174679166666667,-0.0412503294784764,8,0.3525935,0.408799,0.409562,0.000762999999999958
15,4.83333333333333,-3.26058715133158,30,-7.8040282638428,20.6666666666667,-12.6147306182664,0.2258645,-0.0165868206478173,9,0.3105635596045,0.519117,0.530394,0.011277
15,3,-1.92428094176946,37,-19.2428094176946,29,-20.8463768691691,0.275064833333333,-0.0662922802276835,10,0.2514665,0.18739,0.305132,0.117742
15,7.16666666666667,-0.587974732207335,56.5,-18.8686436790172,29.1666666666667,-12.8819918601789,0.185068333333333,-0.0963585819680991,11,0.596058,5.96046e-08,0.426539,0.4265389403954
15,2,-1.17594946441467,18.1666666666667,-4.22272762221631,10.3333333333333,-7.16260128325297,0.0501353333333334,-0.0290550386532673,12,0.1717925,0.191525,0.198419,0.00689400000000001
15,3.33333333333333,0.320713490294909,65.8333333333334,-13.0958008537088,34.5,-14.1648458213585,0.200348833333333,-0.015958329111336,13,0.48896,0.106789,0.32189,0.215101
15,4.83333333333334,-5.50558158339594,44.1666666666667,-33.3007507422881,32.1666666666667,-28.3831438910995,0.197768166666667,-0.0634611284398569,14,0.0353094,0.4419,0.469555,0.027655
15,6.83333333333333,-3.68820513839146,53.6666666666667,-29.5056411071316,32.1666666666667,-27.7417169105097,0.230014166666667,0.022485917683805,15,0.302139,0.233717,0.404366,0.170649
15,6.16666666666667,-2.40535117721182,61,-42.441085215693,37.5,-36.1871721549423,0.273558833333333,0.00499142440620477,16,0.291367,0.386898,0.421115,0.034217
15,1.33333333333333,-0.32071349029491,26.3333333333333,-6.84188779295807,23,-8.1247417541377,0.0819878333333334,-0.00560965311099665,17,0.14135,0.126283,0.407177,0.280894
15,2.66666666666667,-0.962140470884729,25.6666666666667,-10.797354173262,17.3333333333333,-5.77284282530837,0.2072695,-0.0425746623844009,18,0.407217,0.357379,0.282264,-0.075115
15,7.16666666666667,-4.65034560927618,37.1666666666667,-22.5033965690261,22.3333333333333,-18.7082869338697,0.3181745,0.0231973671097759,20,0.37649,0.0724751,0.365906,0.2934309
15,3.66666666666667,-1.92428094176946,31.5,-14.4855593116534,16.6666666666667,-2.99332590941915,0.264478666666667,-0.08209891185811,21,0.2026248,0.218112,0.201096,-0.017016
15,3.33333333333333,-1.49666295470958,31,-15.3942475341556,19.8333333333333,-10.4231884345846,0.179568833333333,0.0256386381979008,22,0.35703025,0.151914,0.610007,0.458093
15,5,-2.1380899352994,30.3333333333333,-11.6525901473817,25.6666666666667,-12.1871126312066,0.1934415,-0.0266435404674916,23,0.244993,0.266498,0.293393,0.026895
15,3.16666666666667,-1.01559271926721,29,-9.08688222502243,24.3333333333333,-18.9220959273997,0.2210095,-0.0249305028113296,24,0.107834,0.115157,0.397935,0.282778
16,4.5,-1.65701969985703,52.5,-16.3029357566579,27.6666666666667,-22.1292308303487,0.164259166666667,-0.0358865032577908,4,0.345244,0.196119,0.40205,0.205931
16,12,-5.45212933501346,66.6666666666667,-28.9711186233068,48,-33.8887254744954,0.2910745,0.00662332154932204,5,0.599233,0,0.466807,0.466807
16,3.83333333333334,-4.54344111251122,35.8333333333333,-37.4700261161219,30,-34.6370569518502,0.138853333333333,-0.0309585801226644,7,0.325393,0.264866,0.317679,0.052813
16,9.33333333333333,-7.59021927031285,56.1666666666667,-37.4700261161219,37.3333333333333,-37.0958603774445,0.212557166666667,-0.086243759554433,8,0.26161,0.359869,0.155779,-0.20409
16,5.83333333333334,-2.08463768691691,54.5,-24.1069640205007,27,-14.4321070632709,0.2104015,-0.0447464272361812,9,0.2433109,0.206125,0.268114,0.061989
16,5.16666666666667,-3.04677815780164,38.3333333333333,-10.583545179732,27.3333333333333,-14.9666295470958,0.276138,0.00197848152162928,10,0.340877,0.237664,0.277794,0.04013
16,5,-0.962140470884728,53,-24.2673207656481,40.3333333333333,-24.0535117721182,0.196736333333333,-0.0307793012815895,11,0.09137555,0.122705,0.0576962,-0.0650088
16,1.83333333333333,-1.12249721603218,35.5,-23.5724415366758,29.6666666666667,-22.9844668044685,0.102984333333333,-0.0171728176468345,12,0.2586111,1.78814e-07,0.477168,0.477167821186
16,5.33333333333334,-2.03118543853443,81,-61.0424676527977,43,-28.9711186233068,0.302865,-0.032637194530868,13,0.3833875,0.075196,0.497331,0.422135
16,7.83333333333333,-4.22272762221631,61,-35.385388429205,30.3333333333333,-23.8397027785883,0.226718333333333,-0.0234162540669022,14,0.3453135,0.392997,0.508965,0.115968
16,5.33333333333334,-3.10023040618412,46.3333333333333,-21.4878038497589,29.3333333333333,-21.9154218368188,0.229171,0.0116262916411775,15,0.350922,0.387405,0.314439,-0.072966
16,8.5,-5.93319957045583,71.6666666666667,-47.0379785765867,49,-37.3096693709745,0.302636666666667,0.0249207210498756,16,0.1848535,0.206018,0.237758,0.03174
16,3.83333333333333,-1.22940171279715,31.8333333333333,-17.1581717307777,31.8333333333333,-15.875317769598,0.1065445,0.0142826011245451,17,0.5499795,0.559587,0.181534,-0.378053
16,3.66666666666667,-1.81737644500449,38.6666666666667,-9.94211819914219,21,-5.34522483824849,0.170034833333333,-0.0160398972423677,18,0.460451,0.302413,0.31682,0.014407
16,3.33333333333333,-2.45880342559431,35.5,-12.454373873119,29,-26.9399331847724,0.281238166666667,-0.0327146468387742,20,0.275953,0.309107,0.327055,0.017948
16,4.16666666666667,-1.44321070632709,53.1666666666667,-10.1024749442897,36.8333333333333,-10.9577109184094,0.2204615,0.00624701772070935,21,0.213103,0.277705,0.333692,0.055987
16,5.66666666666667,-3.31403939971406,46.6666666666667,-23.6258937850583,23,-14.004489076211,0.135065166666667,-0.00703436933938341,22,0.351572,0.197117,0.359878,0.162761
16,6.83333333333334,-2.72606466750673,51.1666666666667,-34.0490822196429,32.1666666666667,-23.3586325431459,0.194118666666667,-0.0164518537206515,23,0.2310555,0.105917,0.303761,0.197844
16,6,-2.24499443206437,47.6666666666667,-19.7773319015194,37.1666666666667,-26.2450539558001,0.237098,-0.0545393602100879,24,0.1513241,0.152869,0.423508,0.270639
