"director","target","File","round","peaks1","peaks2","gesture1","gesture2","range1","range2","transitions","pair"
"A",10,"pair04.eaf",1,50,3,12,31,0.092622,0.034938,3,4
"A",10,"pair05.eaf",1,26,3,9,19,0.143943,0.14832,1,5
"A",10,"pair07.eaf",1,61,3,15,27,0.119773,0.178208,4,7
"A",10,"pair08.eaf",1,101,27,47,60,0.114945,0.153317,5,8
"A",10,"pair09.eaf",1,42,7,6,18,0.121115,0.120412,3,9
"A",10,"pair10.eaf",1,105,59,76,70,0.138625,0.245499,15,10
"A",10,"pair11.eaf",1,53,28,33,18,0.180878,0,8,11
"A",10,"pair12.eaf",1,38,21,14,27,0.081799,0.118242,7,12
"A",10,"pair13.eaf",1,79,18,12,40,0.130908,0.11073,3,13
"A",10,"pair14.eaf",1,51,19,24,44,0.103349,0.098238,7,14
"A",10,"pair15.eaf",1,120,63,79,83,0.112734,0.194693,15,15
"A",10,"pair16.eaf",1,82,40,6,45,0.152153,0.162891,11,16
"A",10,"pair17.eaf",1,58,4,21,41,0.062644,0.048931,5,17
"A",10,"pair18.eaf",1,62,6,10,26,0.163103,0.079096,1,18
"A",10,"pair20.eaf",1,58,6,46,19,0.139451,0.13669,6,20
"A",10,"pair21.eaf",1,49,6,24,20,0.102385,0,7,21
"A",10,"pair22.eaf",1,42,13,23,27,0.073289,0.134416,6,22
"A",10,"pair23.eaf",1,79,16,51,44,0.108876,0.117824,14,23
"A",10,"pair24.eaf",1,244,126,136,135,0.194219,0.189321,49,24
"A",4,"pair04.eaf",1,72,4,35,21,0.112291,0.062036,3,4
"A",4,"pair05.eaf",1,37,14,4,32,0.142746,0.180722,10,5
"A",4,"pair07.eaf",1,29,7,14,16,0.130548,0.146459,9,7
"A",4,"pair08.eaf",1,80,11,40,30,0.098417,0.047489,7,8
"A",4,"pair09.eaf",1,45,28,12,17,0.126772,0.118558,7,9
"A",4,"pair10.eaf",1,43,9,28,15,0.13255,0.126584,3,10
"A",4,"pair11.eaf",1,34,18,22,4,0.150615,0,7,11
"A",4,"pair12.eaf",1,9,9,12,13,0,0.06131,2,12
"A",4,"pair13.eaf",1,167,64,79,91,0.372445,0.12467,21,13
"A",4,"pair14.eaf",1,73,42,35,27,0.115043,0.252997,15,14
"A",4,"pair15.eaf",1,96,41,46,39,0.141588,0.128466,18,15
"A",4,"pair16.eaf",1,61,18,14,43,0.102596,0.197143,11,16
"A",4,"pair17.eaf",1,52,2,10,44,0.071619,0.06127,1,17
"A",4,"pair18.eaf",1,26,4,3,18,0.144467,0.092194,1,18
"A",4,"pair20.eaf",1,58,31,7,31,0.175974,0.295679,14,20
"A",4,"pair21.eaf",1,39,15,18,12,0.111452,0.101673,11,21
"A",4,"pair22.eaf",1,44,13,17,23,0.075783,0.079943,9,22
"A",4,"pair23.eaf",1,52,13,32,25,0.12768,0.116682,7,23
"A",4,"pair24.eaf",1,38,14,0,35,0.186272,0.165508,7,24
"A",2,"pair04.eaf",1,60,6,18,17,0.08841,0.015407,5,4
"A",2,"pair05.eaf",1,39,19,17,37,0.15084,0.212886,10,5
"A",2,"pair07.eaf",1,27,3,10,9,0.119483,0.175783,4,7
"A",2,"pair08.eaf",1,53,49,35,34,0.118927,0.135509,11,8
"A",2,"pair09.eaf",1,47,14,13,7,0.135995,0.091204,7,9
"A",2,"pair10.eaf",1,40,10,30,14,0.120835,0.145457,3,10
"A",2,"pair11.eaf",1,29,16,15,11,0.185496,0,10,11
"A",2,"pair12.eaf",1,34,9,24,21,0,0,7,12
"A",2,"pair13.eaf",1,74,5,24,29,0.121288,0.067337,8,13
"A",2,"pair14.eaf",1,57,22,17,16,0.102855,0.194246,13,14
"A",2,"pair15.eaf",1,48,46,43,33,0.098532,0.136012,15,15
"A",2,"pair16.eaf",1,124,34,47,41,0.149248,0.246253,23,16
"A",2,"pair17.eaf",1,12,2,8,15,0,0.017334,1,17
"A",2,"pair18.eaf",1,39,6,17,15,0.181056,0.136205,7,18
"A",2,"pair20.eaf",1,35,10,26,3,0.144545,0.194002,10,20
"A",2,"pair21.eaf",1,51,8,3,17,0.116999,0.194307,7,21
"A",2,"pair22.eaf",1,47,27,15,23,0.079359,0.116705,14,22
"A",2,"pair23.eaf",1,30,15,6,10,0.081423,0.105596,7,23
"A",2,"pair24.eaf",1,33,23,25,12,0.186626,0.095374,12,24
"A",12,"pair04.eaf",1,59,3,16,28,0.072166,0.068807,3,4
"A",12,"pair05.eaf",1,72,28,22,38,0.138843,0.233572,12,5
"A",12,"pair07.eaf",1,34,2,12,14,0.108418,0,1,7
"A",12,"pair08.eaf",1,26,104,51,49,0.108764,0.109474,11,8
"A",12,"pair09.eaf",1,50,7,15,8,0.137889,0.136461,3,9
"A",12,"pair10.eaf",1,63,22,38,33,0.131342,0.221704,9,10
"A",12,"pair11.eaf",1,54,33,31,46,0.166692,0.122348,9,11
"A",12,"pair12.eaf",1,51,17,26,26,0.072113,0.097129,3,12
"A",12,"pair13.eaf",1,130,46,65,70,0.359154,0.111335,11,13
"A",12,"pair14.eaf",1,51,19,2,40,0.107007,0.118097,14,14
"A",12,"pair15.eaf",1,49,31,38,39,0.107968,0.126813,9,15
"A",12,"pair16.eaf",1,67,31,58,54,0.203376,0.25047,17,16
"A",12,"pair17.eaf",1,45,8,16,29,0,0.123591,3,17
"A",12,"pair18.eaf",1,33,14,11,10,0.166302,0.116697,3,18
"A",12,"pair20.eaf",1,70,8,35,16,0.167307,0.033003,8,20
"A",12,"pair21.eaf",1,82,17,21,44,0.119191,0.141992,14,21
"A",12,"pair22.eaf",1,49,18,19,22,0.078782,0.122192,11,22
"A",12,"pair23.eaf",1,74,17,39,41,0.125574,0.093879,9,23
"A",12,"pair24.eaf",1,44,11,30,23,0.186898,0.13237,5,24
"A",6,"pair04.eaf",1,119,22,45,37,0.124777,0.098345,14,4
"A",6,"pair05.eaf",1,30,7,3,15,0.131903,0.212087,3,5
"A",6,"pair07.eaf",1,54,7,26,43,0.37124,0.122338,7,7
"A",6,"pair08.eaf",1,131,60,84,48,0.124696,0.110677,19,8
"A",6,"pair09.eaf",1,65,35,36,30,0.137233,0.12141,11,9
"A",6,"pair10.eaf",1,66,55,8,38,0.365687,0.15581,17,10
"A",6,"pair11.eaf",1,170,84,120,167,0.176138,0.147394,40,11
"A",6,"pair12.eaf",1,37,16,18,38,0.119251,0.083377,11,12
"A",6,"pair13.eaf",1,92,27,32,37,0.122211,0.105678,13,13
"A",6,"pair14.eaf",1,82,25,27,26,0.109882,0.160326,15,14
"A",6,"pair15.eaf",1,82,11,42,44,0.109166,0.063663,8,15
"A",6,"pair16.eaf",1,72,29,24,38,0.118511,0.274373,17,16
"A",6,"pair17.eaf",1,48,4,30,6,0.093625,0.094643,5,17
"A",6,"pair18.eaf",1,33,4,1,17,0.188389,0.139789,1,18
"A",6,"pair20.eaf",1,50,13,9,28,0.1638,0,12,20
"A",6,"pair21.eaf",1,76,17,52,14,0.234889,0.136807,5,21
"A",6,"pair22.eaf",1,44,13,13,18,0.068012,0.096509,7,22
"A",6,"pair23.eaf",1,41,28,10,20,0.098495,0.088346,9,23
"A",6,"pair24.eaf",1,105,28,70,37,0.188744,0.216001,16,24
"A",14,"pair04.eaf",1,68,7,32,21,0.112332,0.076547,9,4
"A",14,"pair05.eaf",1,24,9,0,14,0.114344,0.194764,3,5
"A",14,"pair07.eaf",1,33,14,16,26,0.112751,0.066368,10,7
"A",14,"pair08.eaf",1,76,31,34,51,0.146017,0.111651,15,8
"A",14,"pair09.eaf",1,57,10,14,30,0.168724,0.121696,3,9
"A",14,"pair10.eaf",1,38,20,6,19,0.159803,0.126934,11,10
"A",14,"pair11.eaf",1,16,8,9,9,0.17902,0,3,11
"A",14,"pair12.eaf",1,15,3,7,10,0,0.032679,2,12
"A",14,"pair13.eaf",1,40,15,15,32,0.168938,0.076881,5,13
"A",14,"pair14.eaf",1,44,15,24,16,0.130984,0.272332,8,14
"A",14,"pair15.eaf",1,78,31,47,38,0.177967,0.205866,20,15
"A",14,"pair16.eaf",1,57,27,30,62,0.168036,0.273369,15,16
"A",14,"pair17.eaf",1,33,8,17,24,0.066111,0.094361,5,17
"A",14,"pair18.eaf",1,28,3,0,15,0.166548,0.119579,1,18
"A",14,"pair20.eaf",1,68,29,25,17,0.145937,0.105024,12,20
"A",14,"pair21.eaf",1,53,10,18,0,0.132237,0.13525,7,21
"A",14,"pair22.eaf",1,52,26,20,26,0.08674,0.120191,16,22
"A",14,"pair23.eaf",1,32,5,10,11,0.148075,0.146763,7,23
"A",14,"pair24.eaf",1,38,27,8,35,0.172612,0.099577,8,24
"A",16,"pair04.eaf",1,81,24,38,47,0.114501,0.108699,5,4
"A",16,"pair05.eaf",1,104,53,53,60,0.141865,0.211624,31,5
"A",16,"pair07.eaf",1,112,33,59,67,0.129422,0.126291,18,7
"A",16,"pair08.eaf",1,109,19,54,57,0.141557,0.138063,23,8
"A",16,"pair09.eaf",1,71,20,12,20,0.146361,0.133567,8,9
"A",16,"pair10.eaf",1,42,23,15,26,0.117908,0.150219,11,10
"A",16,"pair11.eaf",1,57,24,38,14,0.19911,0,10,11
"A",16,"pair12.eaf",1,81,13,64,31,0.077913,0.071266,4,12
"A",16,"pair13.eaf",1,171,31,65,28,0.348837,0.108282,7,13
"A",16,"pair14.eaf",1,80,38,31,39,0.13161,0.220391,13,14
"A",16,"pair15.eaf",1,72,16,34,46,0.132107,0.0584,12,15
"A",16,"pair16.eaf",1,98,23,21,57,0.124073,0.111477,11,16
"A",16,"pair17.eaf",1,51,8,28,37,0.001718,0.042612,7,17
"A",16,"pair18.eaf",1,55,4,9,24,0.178155,0.006449,5,18
"A",16,"pair20.eaf",1,57,8,40,28,0.1623,0.123275,12,20
"A",16,"pair21.eaf",1,54,8,38,20,0.147162,0.006066,4,21
"A",16,"pair22.eaf",1,66,14,21,11,0.066624,0.083338,9,22
"A",16,"pair23.eaf",1,76,29,28,32,0.152114,0.094632,11,23
"A",16,"pair24.eaf",1,68,21,43,55,0.157491,0.11434,9,24
"A",8,"pair04.eaf",1,62,4,45,39,0.122667,0.100255,3,4
"A",8,"pair05.eaf",1,42,7,11,18,0.13695,0.149153,6,5
"A",8,"pair07.eaf",1,23,6,13,21,0.137726,0.197647,6,7
"A",8,"pair08.eaf",1,83,13,37,46,0.131782,0.063597,5,8
"A",8,"pair09.eaf",1,51,14,27,17,0.119669,0.090321,5,9
"A",8,"pair10.eaf",1,53,22,5,52,0.149681,0.167858,9,10
"A",8,"pair11.eaf",1,72,25,8,9,0.178072,0.095149,5,11
"A",8,"pair12.eaf",1,50,3,25,24,0.074595,0.001095,1,12
"A",8,"pair13.eaf",1,140,14,47,71,0.135758,0.106874,12,13
"A",8,"pair14.eaf",1,59,63,38,59,0.164788,0.155398,9,14
"A",8,"pair15.eaf",1,99,35,35,54,0.102784,0.126551,13,15
"A",8,"pair16.eaf",1,90,30,20,63,0.162561,0.188667,17,16
"A",8,"pair17.eaf",1,77,2,34,35,0.067068,0.074661,3,17
"A",8,"pair18.eaf",1,18,3,15,17,0.149874,0.109137,1,18
"A",8,"pair20.eaf",1,53,7,29,30,0.151191,0.077685,8,20
"A",8,"pair21.eaf",1,60,12,36,25,0.120972,0.137791,5,21
"A",8,"pair22.eaf",1,91,45,35,30,0.117452,0.112873,32,22
"A",8,"pair23.eaf",1,40,12,15,21,0.17412,0.170214,7,23
"A",8,"pair24.eaf",1,58,45,70,29,0.191124,0.136846,16,24
"A",13,"pair04.eaf",2,36,4,13,12,0.123909,0.108629,4,4
"A",13,"pair05.eaf",2,32,12,12,11,0.101505,0.142802,7,5
"A",13,"pair07.eaf",2,29,5,12,15,0.106755,0,3,7
"A",13,"pair08.eaf",2,13,4,2,5,0.074618,0.081875,5,8
"A",13,"pair09.eaf",2,27,13,14,13,0.091874,0.116357,5,9
"A",13,"pair10.eaf",2,27,12,7,16,0.118361,0.09046,5,10
"A",13,"pair11.eaf",2,6,6,2,1,0.077662,0,1,11
"A",13,"pair12.eaf",2,10,4,11,10,0.140269,0.03463,3,12
"A",13,"pair13.eaf",2,65,19,20,25,0.173809,0.119051,9,13
"A",13,"pair14.eaf",2,37,16,17,25,0.112154,0.153915,5,14
"A",13,"pair15.eaf",2,30,9,5,20,0.071389,0.075294,3,15
"A",13,"pair16.eaf",2,29,7,5,17,0.378801,0.186662,5,16
"A",13,"pair17.eaf",2,15,16,3,8,0,0.053009,7,17
"A",13,"pair18.eaf",2,26,4,14,9,0.145123,0.161783,3,18
"A",13,"pair20.eaf",2,22,15,16,16,0.159927,0.163104,5,20
"A",13,"pair21.eaf",2,15,2,8,5,0.101879,0,3,21
"A",13,"pair22.eaf",2,27,19,8,23,0.112774,0.083219,13,22
"A",13,"pair23.eaf",2,16,9,9,11,0.070641,0.164765,7,23
"A",13,"pair24.eaf",2,26,2,5,22,0.120738,0.056277,3,24
"A",15,"pair04.eaf",2,31,2,14,20,0.107532,0.054677,3,4
"A",15,"pair05.eaf",2,28,9,29,25,0.129177,0.182008,4,5
"A",15,"pair07.eaf",2,28,3,6,13,0.137245,0.154306,3,7
"A",15,"pair08.eaf",2,53,48,24,27,0.114795,0.13354,9,8
"A",15,"pair09.eaf",2,26,4,10,10,0.107713,0.128954,1,9
"A",15,"pair10.eaf",2,31,5,21,25,0.160747,0.186789,3,10
"A",15,"pair11.eaf",2,51,24,19,7,0.130183,0.167492,10,11
"A",15,"pair12.eaf",2,14,8,10,8,0,0.074489,5,12
"A",15,"pair13.eaf",2,69,16,39,0,0.152277,0.074891,3,13
"A",15,"pair14.eaf",2,46,16,10,47,0.110748,0.116393,7,14
"A",15,"pair15.eaf",2,39,18,14,31,0.094702,0.084326,9,15
"A",15,"pair16.eaf",2,54,10,20,33,0.180131,0.079733,3,16
"A",15,"pair17.eaf",2,32,5,6,14,0,0.024908,3,17
"A",15,"pair18.eaf",2,28,11,12,2,0.116514,0.085858,5,18
"A",15,"pair20.eaf",2,25,5,6,8,0.121533,0.177857,4,20
"A",15,"pair21.eaf",2,30,11,14,11,0.168788,0.154077,3,21
"A",15,"pair22.eaf",2,25,6,5,17,0.050607,0.059608,4,22
"A",15,"pair23.eaf",2,26,8,17,17,0.053911,0.120045,5,23
"A",15,"pair24.eaf",2,37,3,14,32,0.118311,0.077455,3,24
"A",1,"pair04.eaf",2,36,3,2,19,0.120352,0.127758,1,4
"A",1,"pair05.eaf",2,47,10,32,30,0.127815,0.121953,4,5
"A",1,"pair07.eaf",2,19,2,1,9,0.104266,0,1,7
"A",1,"pair08.eaf",2,34,8,20,21,0.17438,0.033508,3,8
"A",1,"pair09.eaf",2,29,8,9,12,0.123807,0.093056,5,9
"A",1,"pair10.eaf",2,24,6,20,16,0.083143,0.143155,3,10
"A",1,"pair11.eaf",2,34,14,17,16,0.132355,0,5,11
"A",1,"pair12.eaf",2,10,2,7,8,0,0.102215,1,12
"A",1,"pair13.eaf",2,37,7,10,13,0.122659,0.101122,5,13
"A",1,"pair14.eaf",2,33,8,14,13,0.127487,0.146436,8,14
"A",1,"pair15.eaf",2,32,11,19,17,0.085188,0.127184,6,15
"A",1,"pair16.eaf",2,103,32,31,38,0.144185,0.206115,16,16
"A",1,"pair17.eaf",2,28,2,23,3,0,0.066638,2,17
"A",1,"pair18.eaf",2,41,13,10,7,0.124556,0.091626,7,18
"A",1,"pair20.eaf",2,19,5,3,4,0.192328,0.131317,2,20
"A",1,"pair21.eaf",2,32,7,16,18,0.129034,0,7,21
"A",1,"pair22.eaf",2,16,10,15,7,0.128658,0.134373,1,22
"A",1,"pair23.eaf",2,40,13,19,27,0.093098,0.11446,11,23
"A",1,"pair24.eaf",2,32,3,13,33,0.139213,0.102105,1,24
"A",5,"pair04.eaf",2,43,6,17,23,0.108908,0.068566,2,4
"A",5,"pair05.eaf",2,14,10,19,12,0.121478,0.165185,3,5
"A",5,"pair07.eaf",2,21,4,7,14,0.085134,0.091235,1,7
"A",5,"pair08.eaf",2,60,6,18,29,0.113176,0.00743,7,8
"A",5,"pair09.eaf",2,30,6,14,8,0.127687,0.089728,5,9
"A",5,"pair10.eaf",2,17,9,20,14,0.089312,0.069811,3,10
"A",5,"pair11.eaf",2,23,13,1,4,0.123091,0.154542,6,11
"A",5,"pair12.eaf",2,22,1,18,5,0,0,1,12
"A",5,"pair13.eaf",2,167,29,45,54,0.199839,0.115372,11,13
"A",5,"pair14.eaf",2,75,36,33,78,0.154908,0.110224,11,14
"A",5,"pair15.eaf",2,46,25,30,25,0.070468,0.104869,16,15
"A",5,"pair16.eaf",2,48,19,15,23,0.150276,0.263078,7,16
"A",5,"pair17.eaf",2,54,2,11,31,0.057304,0.036769,2,17
"A",5,"pair18.eaf",2,28,4,11,17,0.158913,0.086912,3,18
"A",5,"pair20.eaf",2,30,17,14,10,0.13162,0.14201,6,20
"A",5,"pair21.eaf",2,21,3,11,14,0.132812,0,4,21
"A",5,"pair22.eaf",2,55,39,22,47,0.073528,0.110655,13,22
"A",5,"pair23.eaf",2,55,23,21,43,0.118715,0.070898,13,23
"A",5,"pair24.eaf",2,45,24,18,46,0.149642,0.149421,7,24
"A",9,"pair04.eaf",2,67,6,38,32,0.122635,0.050808,8,4
"A",9,"pair05.eaf",2,24,8,20,9,0.140319,0.127332,5,5
"A",9,"pair07.eaf",2,56,22,12,32,0.11792,0.140367,13,7
"A",9,"pair08.eaf",2,46,27,32,29,0.104653,0.098771,9,8
"A",9,"pair09.eaf",2,50,3,9,31,0.143816,0.101546,3,9
"A",9,"pair10.eaf",2,26,16,12,21,0.144418,0.1707,5,10
"A",9,"pair11.eaf",2,49,24,16,5,0.169486,0,11,11
"A",9,"pair12.eaf",2,45,3,20,30,0.121824,0,3,12
"A",9,"pair13.eaf",2,77,5,22,11,0.266152,0.124344,5,13
"A",9,"pair14.eaf",2,85,49,39,49,0.125458,0.141598,15,14
"A",9,"pair15.eaf",2,55,28,36,41,0.093726,0.143259,11,15
"A",9,"pair16.eaf",2,170,45,65,73,0.191486,0.228993,17,16
"A",9,"pair17.eaf",2,30,6,24,17,0,0.118985,6,17
"A",9,"pair18.eaf",2,23,2,5,4,0.159965,0.105956,4,18
"A",9,"pair20.eaf",2,40,3,17,15,0.13491,0.147496,1,20
"A",9,"pair21.eaf",2,51,10,20,21,0.149348,0,4,21
"A",9,"pair22.eaf",2,61,13,16,22,0.068629,0.129677,12,22
"A",9,"pair23.eaf",2,37,13,20,24,0.091307,0.101381,7,23
"A",9,"pair24.eaf",2,43,10,20,18,0.149034,0.083273,7,24
"A",3,"pair04.eaf",2,43,4,14,16,0.135271,0.025616,6,4
"A",3,"pair05.eaf",2,36,4,26,18,0.105544,0.14751,5,5
"A",3,"pair07.eaf",2,20,8,10,19,0.124959,0.148921,5,7
"A",3,"pair08.eaf",2,31,13,27,27,0.154762,0.212174,9,8
"A",3,"pair09.eaf",2,14,6,3,4,0.110664,0.034764,1,9
"A",3,"pair10.eaf",2,23,12,14,4,0.123229,0.152838,3,10
"A",3,"pair11.eaf",2,33,11,12,10,0.142604,0,3,11
"A",3,"pair12.eaf",2,10,3,9,4,0,0.091175,1,12
"A",3,"pair13.eaf",2,35,8,16,13,0.106534,0.146629,7,13
"A",3,"pair14.eaf",2,49,9,4,22,0.094455,0.157482,6,14
"A",3,"pair15.eaf",2,37,16,26,24,0.108408,0.221159,8,15
"A",3,"pair16.eaf",2,25,20,17,17,0.134613,0.152604,7,16
"A",3,"pair17.eaf",2,6,6,9,3,0,0.106863,1,17
"A",3,"pair18.eaf",2,32,12,10,23,0.170536,0.183729,5,18
"A",3,"pair20.eaf",2,22,9,14,5,0.14985,0.265784,6,20
"A",3,"pair21.eaf",2,69,9,10,31,0.145574,0.196956,8,21
"A",3,"pair22.eaf",2,18,8,4,6,0.124792,0.066559,2,22
"A",3,"pair23.eaf",2,21,11,15,7,0.070547,0.084949,3,23
"A",3,"pair24.eaf",2,72,22,45,34,0.158412,0.140401,7,24
"A",11,"pair04.eaf",2,34,1,4,22,0.112569,0.035664,1,4
"A",11,"pair05.eaf",2,76,32,32,44,0.148071,0.187279,17,5
"A",11,"pair07.eaf",2,33,8,12,15,0.128474,0.160658,4,7
"A",11,"pair08.eaf",2,2,7,26,7,0,0.073926,5,8
"A",11,"pair09.eaf",2,109,27,47,35,0.16133,0.135995,9,9
"A",11,"pair10.eaf",2,36,7,24,25,0.139466,0.024419,2,10
"A",11,"pair11.eaf",2,46,10,12,12,0.15154,0,3,11
"A",11,"pair12.eaf",2,35,27,23,30,0,0.081383,11,12
"A",11,"pair13.eaf",2,44,4,23,6,0.139131,0.040269,3,13
"A",11,"pair14.eaf",2,40,17,15,25,0.14979,0.00787,3,14
"A",11,"pair15.eaf",2,53,40,26,48,0.084469,0.180729,11,15
"A",11,"pair16.eaf",2,54,13,42,14,0.146489,0.24654,7,16
"A",11,"pair17.eaf",2,34,2,13,19,0,0.029416,1,17
"A",11,"pair18.eaf",2,22,3,3,14,0.173274,0.104536,4,18
"A",11,"pair20.eaf",2,21,3,17,16,0.115441,0.002725,2,20
"A",11,"pair21.eaf",2,56,7,7,35,0.146737,0.130999,6,21
"A",11,"pair22.eaf",2,24,8,9,13,0.054017,0.18663,4,22
"A",11,"pair23.eaf",2,37,8,17,13,0.094326,0.17004,5,23
"A",11,"pair24.eaf",2,27,1,7,14,0.143865,0.095409,1,24
"A",7,"pair04.eaf",2,29,3,9,24,0.120039,0.126983,1,4
"A",7,"pair05.eaf",2,23,7,4,13,0.10791,0.162867,3,5
"A",7,"pair07.eaf",2,14,6,8,15,0.103621,0,2,7
"A",7,"pair08.eaf",2,30,3,23,17,0.12147,0.113879,10,8
"A",7,"pair09.eaf",2,36,13,10,20,0.146107,0.111585,3,9
"A",7,"pair10.eaf",2,15,6,16,8,0.085489,0.074898,3,10
"A",7,"pair11.eaf",2,19,30,17,1,0.1161,0,3,11
"A",7,"pair12.eaf",2,10,6,6,7,0.097731,0,3,12
"A",7,"pair13.eaf",2,40,4,19,14,0.124913,0.110867,3,13
"A",7,"pair14.eaf",2,13,8,9,23,0.158631,0,3,14
"A",7,"pair15.eaf",2,32,21,22,29,0.085493,0.133302,8,15
"A",7,"pair16.eaf",2,41,7,28,14,0.121417,0.124355,3,16
"A",7,"pair17.eaf",2,11,7,12,13,0,0.11696,3,17
"A",7,"pair18.eaf",2,17,4,4,15,0.132735,0.091295,3,18
"A",7,"pair20.eaf",2,25,4,19,1,0.139003,0.077726,1,20
"A",7,"pair21.eaf",2,57,15,22,10,0.285596,0.129737,11,21
"A",7,"pair22.eaf",2,21,23,11,19,0.053891,0.083882,11,22
"A",7,"pair23.eaf",2,35,10,16,26,0.085073,0,3,23
"A",7,"pair24.eaf",2,32,9,19,24,0.167208,0.136402,3,24
"A",2,"pair04.eaf",3,31,2,9,19,0.092433,0.052398,3,4
"A",2,"pair05.eaf",3,22,4,4,18,0.118779,0.204075,1,5
"A",2,"pair07.eaf",3,7,3,2,9,0.164985,0.071898,4,7
"A",2,"pair08.eaf",3,2,32,8,11,0.028404,0.096259,5,8
"A",2,"pair09.eaf",3,26,5,9,15,0.109685,0.096491,3,9
"A",2,"pair10.eaf",3,21,5,22,13,0.130957,0.107027,1,10
"A",2,"pair11.eaf",3,8,13,3,11,0.096918,0,3,11
"A",2,"pair12.eaf",3,16,3,14,4,0,0.028249,5,12
"A",2,"pair13.eaf",3,8,3,0,0,0.085897,0.063363,1,13
"A",2,"pair14.eaf",3,26,9,4,14,0.098769,0.168597,7,14
"A",2,"pair15.eaf",3,19,14,14,3,0.083516,0.188371,3,15
"A",2,"pair16.eaf",3,42,11,17,20,0.176676,0.220873,5,16
"A",2,"pair17.eaf",3,6,2,6,2,0,0.016227,1,17
"A",2,"pair18.eaf",3,13,2,4,15,0.120323,0.045219,3,18
"A",2,"pair20.eaf",3,14,4,7,2,0.1202,0,1,20
"A",2,"pair21.eaf",3,24,7,20,15,0.114396,0.190717,5,21
"A",2,"pair22.eaf",3,19,4,10,5,0.111814,0.100051,3,22
"A",2,"pair23.eaf",3,26,7,2,17,0.131773,0.035551,7,23
"A",2,"pair24.eaf",3,21,2,0,8,0.203052,0.070878,3,24
"A",6,"pair04.eaf",3,30,2,17,12,0.106724,0.035157,3,4
"A",6,"pair05.eaf",3,18,4,8,15,0.110195,0.132946,3,5
"A",6,"pair07.eaf",3,24,3,13,11,0.122736,0,6,7
"A",6,"pair08.eaf",3,18,0,4,4,0.086175,0,3,8
"A",6,"pair09.eaf",3,20,21,5,6,0.088248,0.131157,3,9
"A",6,"pair10.eaf",3,21,5,15,7,0.117809,0.072161,1,10
"A",6,"pair11.eaf",3,36,15,17,34,0.111113,0,8,11
"A",6,"pair12.eaf",3,5,4,13,4,0,0,1,12
"A",6,"pair13.eaf",3,24,3,14,10,0.130256,0.105628,1,13
"A",6,"pair14.eaf",3,25,8,15,8,0.120251,0.160599,3,14
"A",6,"pair15.eaf",3,16,14,3,13,0.064581,0.189553,5,15
"A",6,"pair16.eaf",3,61,8,18,34,0.124884,0.078134,7,16
"A",6,"pair17.eaf",3,12,2,5,2,0,0.008777,1,17
"A",6,"pair18.eaf",3,9,4,0,6,0.130459,0.097976,2,18
"A",6,"pair20.eaf",3,60,11,11,8,0.135973,0.139402,6,20
"A",6,"pair21.eaf",3,28,3,20,17,0.119537,0,1,21
"A",6,"pair22.eaf",3,16,7,13,11,0.041369,0.029128,4,22
"A",6,"pair23.eaf",3,31,13,24,15,0.090635,0.088557,5,23
"A",6,"pair24.eaf",3,5,7,2,4,0.153959,0.216645,1,24
"A",8,"pair04.eaf",3,19,3,7,11,0.05699,0.088994,5,4
"A",8,"pair05.eaf",3,28,15,19,36,0.108138,0.190781,5,5
"A",8,"pair07.eaf",3,18,4,9,9,0.10172,0,3,7
"A",8,"pair08.eaf",3,23,19,21,16,0.069784,0.049927,7,8
"A",8,"pair09.eaf",3,24,6,13,12,0.083814,0.114137,5,9
"A",8,"pair10.eaf",3,27,5,11,16,0.106691,0.087154,3,10
"A",8,"pair11.eaf",3,45,13,14,33,0.143423,0,3,11
"A",8,"pair12.eaf",3,23,1,6,18,0,0,1,12
"A",8,"pair13.eaf",3,16,8,7,3,0.120329,0.090527,1,13
"A",8,"pair14.eaf",3,46,19,17,20,0.127531,0.101707,7,14
"A",8,"pair15.eaf",3,27,12,10,7,0.058022,0.169456,4,15
"A",8,"pair16.eaf",3,32,8,19,24,0.162457,0.065815,4,16
"A",8,"pair17.eaf",3,14,2,3,2,0.001697,0.058915,1,17
"A",8,"pair18.eaf",3,13,6,4,5,0.124118,0.070295,2,18
"A",8,"pair20.eaf",3,17,8,7,7,0.120808,0.143449,4,20
"A",8,"pair21.eaf",3,56,7,24,16,0.300574,0.122883,5,21
"A",8,"pair22.eaf",3,19,16,7,14,0.063175,0.070193,5,22
"A",8,"pair23.eaf",3,57,13,28,10,0.127261,0.226753,11,23
"A",8,"pair24.eaf",3,61,8,28,31,0.18704,0.102495,8,24
"A",14,"pair04.eaf",3,21,2,9,14,0.08928,0.054913,1,4
"A",14,"pair05.eaf",3,16,8,15,10,0.159462,0.114558,3,5
"A",14,"pair07.eaf",3,23,2,1,12,0.119793,0,3,7
"A",14,"pair08.eaf",3,8,26,7,16,0.083477,0.09628,1,8
"A",14,"pair09.eaf",3,49,8,10,16,0.134487,0.116676,5,9
"A",14,"pair10.eaf",3,19,4,19,6,0.122536,0.179489,1,10
"A",14,"pair11.eaf",3,10,12,10,5,0.149148,0,6,11
"A",14,"pair12.eaf",3,14,1,7,3,0,0,1,12
"A",14,"pair13.eaf",3,29,4,19,15,0.139301,0.080871,3,13
"A",14,"pair14.eaf",3,28,3,5,9,0.146358,0,3,14
"A",14,"pair15.eaf",3,27,16,5,15,0.092122,0.216313,3,15
"A",14,"pair16.eaf",3,60,24,24,29,0.147632,0.218421,9,16
"A",14,"pair17.eaf",3,18,2,13,10,0,0.083104,1,17
"A",14,"pair18.eaf",3,12,2,0,11,0.167774,0.207878,4,18
"A",14,"pair20.eaf",3,23,7,16,8,0.154796,0.130795,1,20
"A",14,"pair21.eaf",3,23,4,6,2,0.151713,0,2,21
"A",14,"pair22.eaf",3,15,6,1,6,0.068666,0.053966,3,22
"A",14,"pair23.eaf",3,18,3,7,8,0.130712,0.045619,5,23
"A",14,"pair24.eaf",3,28,4,2,14,0.154395,0.076173,3,24
"A",10,"pair04.eaf",3,26,2,16,18,0.06954,0.060281,4,4
"A",10,"pair05.eaf",3,16,11,14,14,0.144672,0.125677,6,5
"A",10,"pair07.eaf",3,11,6,4,10,0.09232,0,2,7
"A",10,"pair08.eaf",3,14,28,7,13,0.078136,0.091545,8,8
"A",10,"pair09.eaf",3,25,5,6,14,0.151506,0.10274,3,9
"A",10,"pair10.eaf",3,24,6,21,15,0.091089,0.162094,3,10
"A",10,"pair11.eaf",3,17,6,6,0,0.17814,0,5,11
"A",10,"pair12.eaf",3,15,9,15,6,0.052464,0.067536,1,12
"A",10,"pair13.eaf",3,15,4,9,11,0.111494,0.10321,5,13
"A",10,"pair14.eaf",3,27,20,16,18,0.11529,0.109989,6,14
"A",10,"pair15.eaf",3,24,11,13,10,0.112432,0.271127,7,15
"A",10,"pair16.eaf",3,28,8,15,15,0.120566,0.070743,5,16
"A",10,"pair17.eaf",3,7,5,13,11,0,0.082978,1,17
"A",10,"pair18.eaf",3,9,4,7,7,0.138028,0.058234,1,18
"A",10,"pair20.eaf",3,19,6,8,1,0.116191,0.122535,1,20
"A",10,"pair21.eaf",3,28,3,6,1,0.170601,0,1,21
"A",10,"pair22.eaf",3,30,10,22,15,0.058784,0.221456,7,22
"A",10,"pair23.eaf",3,70,20,23,45,0.090426,0.094719,15,23
"A",10,"pair24.eaf",3,32,17,24,18,0.171223,0.154211,8,24
"A",12,"pair04.eaf",3,65,10,25,44,0.097836,0.093293,10,4
"A",12,"pair05.eaf",3,12,2,11,11,0.088408,0.083367,2,5
"A",12,"pair07.eaf",3,25,2,11,7,0.116404,0,3,7
"A",12,"pair08.eaf",3,18,0,1,6,0.111156,0,1,8
"A",12,"pair09.eaf",3,18,11,22,12,0.084813,0.100831,1,9
"A",12,"pair10.eaf",3,27,6,13,11,0.078667,0.172583,1,10
"A",12,"pair11.eaf",3,9,17,10,1,0.098909,0.133966,6,11
"A",12,"pair12.eaf",3,10,6,4,8,0.024222,0,1,12
"A",12,"pair13.eaf",3,39,4,9,15,0.259473,0.103376,4,13
"A",12,"pair14.eaf",3,51,26,8,13,0.129154,0.223528,9,14
"A",12,"pair15.eaf",3,31,11,12,17,0.116918,0.090374,3,15
"A",12,"pair16.eaf",3,34,7,15,15,0.091229,0.08336,1,16
"A",12,"pair17.eaf",3,5,5,2,7,0,0.058535,1,17
"A",12,"pair18.eaf",3,8,2,4,3,0.127278,0.000636,1,18
"A",12,"pair20.eaf",3,22,4,2,6,0.122785,0.163582,3,20
"A",12,"pair21.eaf",3,27,2,10,10,0.082104,0,4,21
"A",12,"pair22.eaf",3,11,16,12,10,0.093573,0.082123,3,22
"A",12,"pair23.eaf",3,40,16,26,48,0.082492,0.121642,5,23
"A",12,"pair24.eaf",3,30,1,21,8,0.148436,0.120054,1,24
"A",4,"pair04.eaf",3,35,3,5,23,0.112046,0.185937,3,4
"A",4,"pair05.eaf",3,24,18,28,20,0.111859,0.147217,8,5
"A",4,"pair07.eaf",3,10,2,3,8,0.106488,0,4,7
"A",4,"pair08.eaf",3,69,33,56,28,0.129262,0.104488,9,8
"A",4,"pair09.eaf",3,13,5,6,8,0.105748,0.064379,1,9
"A",4,"pair10.eaf",3,40,15,21,23,0.116343,0.172142,8,10
"A",4,"pair11.eaf",3,54,15,26,37,0.128848,0,7,11
"A",4,"pair12.eaf",3,7,1,8,5,0,0,1,12
"A",4,"pair13.eaf",3,27,4,7,6,0.128704,0.093785,5,13
"A",4,"pair14.eaf",3,58,37,14,30,0.105624,0.160264,9,14
"A",4,"pair15.eaf",3,41,7,11,22,0.110867,0.086285,3,15
"A",4,"pair16.eaf",3,35,6,11,9,0.099662,0.0765,6,16
"A",4,"pair17.eaf",3,14,4,16,12,0,0.054866,5,17
"A",4,"pair18.eaf",3,22,5,12,18,0.100618,0.095194,5,18
"A",4,"pair20.eaf",3,16,4,5,1,0.108573,0.098625,1,20
"A",4,"pair21.eaf",3,37,3,10,2,0.126995,0,1,21
"A",4,"pair22.eaf",3,37,10,12,18,0.070012,0.290106,7,22
"A",4,"pair23.eaf",3,38,6,7,15,0.094757,0.058303,7,23
"A",4,"pair24.eaf",3,40,10,7,27,0.144664,0.19203,5,24
"A",16,"pair04.eaf",3,37,1,5,11,0.109417,0.029391,4,4
"A",16,"pair05.eaf",3,46,24,31,21,0.102792,0.163323,14,5
"A",16,"pair07.eaf",3,11,4,12,11,0.077566,0,1,7
"A",16,"pair08.eaf",3,14,15,14,6,0.102384,0.182284,9,8
"A",16,"pair09.eaf",3,43,8,10,17,0.135706,0.128123,3,9
"A",16,"pair10.eaf",3,35,7,29,21,0.122218,0.122201,6,10
"A",16,"pair11.eaf",3,35,15,27,25,0.141513,0,5,11
"A",16,"pair12.eaf",3,19,1,2,10,0,0,1,12
"A",16,"pair13.eaf",3,43,4,9,5,0.133441,0.087924,5,13
"A",16,"pair14.eaf",3,44,15,12,13,0.102949,0,3,14
"A",16,"pair15.eaf",3,27,15,19,16,0.087809,0.109877,5,15
"A",16,"pair16.eaf",3,47,8,9,30,0.133849,0.174009,6,16
"A",16,"pair17.eaf",3,34,2,15,14,0,0.075106,3,17
"A",16,"pair18.eaf",3,27,3,13,8,0.10956,0.086111,4,18
"A",16,"pair20.eaf",3,20,5,10,5,0.078954,0.138989,2,20
"A",16,"pair21.eaf",3,62,6,27,30,0.124221,0.156711,3,21
"A",16,"pair22.eaf",3,31,6,10,3,0.05365,0.040962,4,22
"A",16,"pair23.eaf",3,30,22,13,23,0.107685,0.08662,5,23
"A",16,"pair24.eaf",3,37,5,29,5,0.163046,0.125318,5,24
"A",9,"pair04.eaf",4,28,2,6,13,0.095355,0.009194,3,4
"A",9,"pair05.eaf",4,20,3,12,17,0.164455,0.183089,2,5
"A",9,"pair07.eaf",4,18,3,6,6,0.077677,0,3,7
"A",9,"pair08.eaf",4,16,23,11,20,0.089325,0.117351,5,8
"A",9,"pair09.eaf",4,31,2,3,11,0.099148,0.109993,1,9
"A",9,"pair10.eaf",4,17,6,13,2,0.07358,0.15572,1,10
"A",9,"pair11.eaf",4,20,10,11,12,0.116028,0,7,11
"A",9,"pair12.eaf",4,21,1,7,12,0.073413,0,1,12
"A",9,"pair13.eaf",4,31,3,11,9,0.075713,0.049557,3,13
"A",9,"pair14.eaf",4,22,9,2,7,0.137376,0,3,14
"A",9,"pair15.eaf",4,29,12,4,3,0.072327,0.070745,5,15
"A",9,"pair16.eaf",4,46,7,15,7,0.143992,0.171615,5,16
"A",9,"pair17.eaf",4,14,2,11,17,0.151599,0.049485,1,17
"A",9,"pair18.eaf",4,19,5,10,12,0.088307,0.122411,5,18
"A",9,"pair20.eaf",4,12,10,10,4,0.090579,0.084707,5,20
"A",9,"pair21.eaf",4,35,3,14,7,0.136371,0,1,21
"A",9,"pair22.eaf",4,20,8,8,13,0.037041,0.073995,5,22
"A",9,"pair23.eaf",4,42,3,13,10,0.079868,0.022037,5,23
"A",9,"pair24.eaf",4,30,2,1,12,0.16134,0.144843,3,24
"A",5,"pair04.eaf",4,93,19,49,56,0.109085,0.083583,13,4
"A",5,"pair05.eaf",4,10,9,10,3,0.184049,0.187895,5,5
"A",5,"pair07.eaf",4,12,3,7,3,0.122207,0.074071,3,7
"A",5,"pair08.eaf",4,26,2,7,8,0.081714,0.044664,3,8
"A",5,"pair09.eaf",4,11,4,11,5,0.130937,0.051045,2,9
"A",5,"pair10.eaf",4,13,12,19,4,0.047421,0.14799,3,10
"A",5,"pair11.eaf",4,9,6,2,5,0.092534,0,1,11
"A",5,"pair12.eaf",4,15,1,7,6,0,0,1,12
"A",5,"pair13.eaf",4,50,3,14,14,0.319866,0.097015,3,13
"A",5,"pair14.eaf",4,22,8,5,23,0.111733,0.136723,1,14
"A",5,"pair15.eaf",4,16,9,9,9,0.074642,0.155976,11,15
"A",5,"pair16.eaf",4,39,25,17,10,0.12838,0.088264,6,16
"A",5,"pair17.eaf",4,12,2,11,12,0.10819,0.094452,1,17
"A",5,"pair18.eaf",4,41,28,24,18,0.133824,0.142854,7,18
"A",5,"pair20.eaf",4,9,8,1,0,0.089777,0.20922,1,20
"A",5,"pair21.eaf",4,16,2,6,15,0.108016,0,1,21
"A",5,"pair22.eaf",4,30,24,20,13,0.039156,0.099581,8,22
"A",5,"pair23.eaf",4,40,18,40,13,0.117007,0.127416,7,23
"A",5,"pair24.eaf",4,14,2,0,8,0.125177,0.069363,1,24
"A",11,"pair04.eaf",4,26,3,12,10,0.102797,0.224583,6,4
"A",11,"pair05.eaf",4,21,8,17,8,0.09947,0.039973,3,5
"A",11,"pair07.eaf",4,10,4,1,10,0.067379,0.10917,5,7
"A",11,"pair08.eaf",4,36,41,19,21,0.117427,0.082663,7,8
"A",11,"pair09.eaf",4,22,8,7,11,0.123166,0.090912,3,9
"A",11,"pair10.eaf",4,15,6,15,2,0.083499,0.150775,1,10
"A",11,"pair11.eaf",4,41,31,37,8,0.174201,0.12665,8,11
"A",11,"pair12.eaf",4,18,8,6,11,0,0.021161,6,12
"A",11,"pair13.eaf",4,24,3,8,4,0.075767,0.062576,4,13
"A",11,"pair14.eaf",4,28,3,5,7,0.129762,0.100339,3,14
"A",11,"pair15.eaf",4,20,6,5,10,0.054906,0.170453,6,15
"A",11,"pair16.eaf",4,23,5,3,10,0.099791,0.172125,6,16
"A",11,"pair17.eaf",4,13,2,4,9,0,0.001628,1,17
"A",11,"pair18.eaf",4,11,4,2,6,0.146473,0.120881,3,18
"A",11,"pair20.eaf",4,16,5,3,4,0.148907,0.22178,1,20
"A",11,"pair21.eaf",4,31,2,5,12,0.141587,0,1,21
"A",11,"pair22.eaf",4,21,5,13,6,0.044953,0.065616,1,22
"A",11,"pair23.eaf",4,24,5,11,20,0.052752,0.125715,3,23
"A",11,"pair24.eaf",4,22,1,6,9,0.113061,0.054526,1,24
"A",3,"pair04.eaf",4,24,4,19,4,0.06815,0.110295,1,4
"A",3,"pair05.eaf",4,10,3,4,7,0.12208,0.161212,3,5
"A",3,"pair07.eaf",4,16,2,5,11,0.077341,0.092813,1,7
"A",3,"pair08.eaf",4,7,24,7,17,0.030093,0.063058,1,8
"A",3,"pair09.eaf",4,6,3,0,1,0.079307,0.107299,1,9
"A",3,"pair10.eaf",4,8,7,14,12,0.069861,0.097458,2,10
"A",3,"pair11.eaf",4,18,14,2,11,0.096787,0,5,11
"A",3,"pair12.eaf",4,5,7,10,9,0,0,1,12
"A",3,"pair13.eaf",4,4,2,0,6,0.062384,0.079123,1,13
"A",3,"pair14.eaf",4,22,4,13,4,0.116972,0.149196,2,14
"A",3,"pair15.eaf",4,13,3,11,3,0.068976,0.084446,3,15
"A",3,"pair16.eaf",4,21,7,6,8,0.104339,0.198758,5,16
"A",3,"pair17.eaf",4,3,1,5,4,0,0.095908,1,17
"A",3,"pair18.eaf",4,12,3,5,7,0.104428,0.111319,1,18
"A",3,"pair20.eaf",4,17,3,6,3,0.091428,0.051968,1,20
"A",3,"pair21.eaf",4,32,4,22,17,0.092416,0,1,21
"A",3,"pair22.eaf",4,9,5,7,7,0.019986,0.088285,1,22
"A",3,"pair23.eaf",4,23,6,13,9,0.046177,0.063047,5,23
"A",3,"pair24.eaf",4,14,8,10,11,0.146255,0.062921,1,24
"A",15,"pair04.eaf",4,39,4,16,12,0.09225,0.077559,6,4
"A",15,"pair05.eaf",4,16,9,16,12,0.145248,0.140319,5,5
"A",15,"pair07.eaf",4,19,2,6,4,0.099288,0,3,7
"A",15,"pair08.eaf",4,26,19,16,24,0.096435,0.101115,3,8
"A",15,"pair09.eaf",4,18,2,4,10,0.07465,0.166457,2,9
"A",15,"pair10.eaf",4,15,6,14,8,0.124364,0.11759,1,10
"A",15,"pair11.eaf",4,28,6,13,18,0.133888,0,3,11
"A",15,"pair12.eaf",4,11,1,4,6,0,0,1,12
"A",15,"pair13.eaf",4,117,28,42,28,0.272407,0.06197,13,13
"A",15,"pair14.eaf",4,22,3,9,5,0.123535,0.134692,1,14
"A",15,"pair15.eaf",4,23,4,2,6,0.084041,0.194708,7,15
"A",15,"pair16.eaf",4,32,17,16,5,0.119002,0.091922,7,16
"A",15,"pair17.eaf",4,25,4,25,14,0,0.214506,1,17
"A",15,"pair18.eaf",4,18,17,20,14,0.122185,0.08743,5,18
"A",15,"pair20.eaf",4,17,7,15,5,0.127528,0.172445,5,20
"A",15,"pair21.eaf",4,25,3,8,14,0.112885,0,1,21
"A",15,"pair22.eaf",4,18,10,16,10,0.196515,0.03643,3,22
"A",15,"pair23.eaf",4,26,3,17,4,0.128656,0.181835,5,23
"A",15,"pair24.eaf",4,22,2,0,12,0.136469,0.147727,1,24
"A",1,"pair04.eaf",4,30,4,13,14,0.0778,0.039046,1,4
"A",1,"pair05.eaf",4,21,4,5,18,0.163586,0.134376,2,5
"A",1,"pair07.eaf",4,13,2,5,9,0.076072,0,1,7
"A",1,"pair08.eaf",4,18,18,14,6,0.047123,0.070928,3,8
"A",1,"pair09.eaf",4,12,3,8,6,0.096928,0.101639,2,9
"A",1,"pair10.eaf",4,17,5,6,11,0.077147,0.155062,1,10
"A",1,"pair11.eaf",4,21,12,17,19,0.161844,0,4,11
"A",1,"pair12.eaf",4,11,1,4,9,0,0,1,12
"A",1,"pair13.eaf",4,11,5,9,1,0.057123,0.045829,1,13
"A",1,"pair14.eaf",4,18,2,1,10,0.148936,0,2,14
"A",1,"pair15.eaf",4,17,10,9,8,0.072874,0.145469,5,15
"A",1,"pair16.eaf",4,33,12,11,3,0.102967,0.116405,6,16
"A",1,"pair17.eaf",4,24,3,11,17,0,0.008803,1,17
"A",1,"pair18.eaf",4,19,3,0,7,0.097823,0.078045,3,18
"A",1,"pair20.eaf",4,23,7,11,7,0.115664,0.075338,3,20
"A",1,"pair21.eaf",4,29,7,11,18,0.133884,0.036509,4,21
"A",1,"pair22.eaf",4,5,6,9,7,0.04622,0.235092,3,22
"A",1,"pair23.eaf",4,20,5,5,14,0.085289,0.066958,5,23
"A",1,"pair24.eaf",4,26,3,11,12,0.147256,0.076002,1,24
"A",13,"pair04.eaf",4,23,3,7,6,0.096168,0.040915,4,4
"A",13,"pair05.eaf",4,6,6,0,12,0.135404,0.199611,3,5
"A",13,"pair07.eaf",4,6,1,4,6,0.033434,0,1,7
"A",13,"pair08.eaf",4,24,2,9,4,0.096999,0,3,8
"A",13,"pair09.eaf",4,14,8,4,8,0.13054,0.104548,2,9
"A",13,"pair10.eaf",4,14,4,10,5,0.100527,0.206954,1,10
"A",13,"pair11.eaf",4,6,6,5,8,0.118126,0,3,11
"A",13,"pair12.eaf",4,11,1,13,5,0,0.158624,1,12
"A",13,"pair13.eaf",4,12,3,9,6,0.060351,0.069348,3,13
"A",13,"pair14.eaf",4,13,1,3,3,0.112909,0.006886,2,14
"A",13,"pair15.eaf",4,26,19,24,12,0.069194,0.118264,9,15
"A",13,"pair16.eaf",4,23,4,3,11,0.110909,0.027438,4,16
"A",13,"pair17.eaf",4,4,6,11,9,0,0.001608,2,17
"A",13,"pair18.eaf",4,23,7,16,12,0.093297,0.108411,6,18
"A",13,"pair20.eaf",4,4,3,5,4,0.146276,0.048371,1,20
"A",13,"pair21.eaf",4,9,8,2,0,0.153351,0.03235,2,21
"A",13,"pair22.eaf",4,13,9,9,0,0.08623,0.221306,3,22
"A",13,"pair23.eaf",4,17,5,5,7,0.065535,0.044961,3,23
"A",13,"pair24.eaf",4,14,2,9,2,0.142095,0.181767,2,24
"A",7,"pair04.eaf",4,28,3,6,5,0.099701,0.050247,4,4
"A",7,"pair05.eaf",4,8,7,6,2,0.145311,0.207825,4,5
"A",7,"pair07.eaf",4,12,2,8,3,0.134378,0.124477,2,7
"A",7,"pair08.eaf",4,32,14,6,7,0.091157,0.094734,10,8
"A",7,"pair09.eaf",4,25,11,9,13,0.081375,0.078108,6,9
"A",7,"pair10.eaf",4,7,5,13,4,0.079686,0.159493,2,10
"A",7,"pair11.eaf",4,25,10,10,13,0.117794,0,5,11
"A",7,"pair12.eaf",4,8,2,12,10,0,0,3,12
"A",7,"pair13.eaf",4,27,4,10,5,0.10127,0.073942,3,13
"A",7,"pair14.eaf",4,14,1,2,6,0.069119,0,1,14
"A",7,"pair15.eaf",4,10,5,7,5,0.105575,0.099228,1,15
"A",7,"pair16.eaf",4,26,15,12,11,0.30372,0.097843,5,16
"A",7,"pair17.eaf",4,5,8,21,21,0,0.046249,1,17
"A",7,"pair18.eaf",4,12,3,4,5,0.168755,0.102665,1,18
"A",7,"pair20.eaf",4,16,5,9,1,0.085988,0.138321,1,20
"A",7,"pair21.eaf",4,20,8,5,7,0.147705,0.079415,5,21
"A",7,"pair22.eaf",4,12,10,8,11,0.029389,0.072589,5,22
"A",7,"pair23.eaf",4,15,3,6,12,0.089775,0.12888,3,23
"A",7,"pair24.eaf",4,22,2,5,4,0.127485,0.123034,1,24
"A",8,"pair04.eaf",5,6,4,0,7,0.087283,0.039211,1,4
"A",8,"pair05.eaf",5,22,4,12,10,0.123748,0.050298,3,5
"A",8,"pair07.eaf",5,13,2,7,1,0.071526,0,3,7
"A",8,"pair08.eaf",5,17,20,9,15,0.066747,0.078764,5,8
"A",8,"pair09.eaf",5,18,2,15,9,0.106711,0.137524,3,9
"A",8,"pair10.eaf",5,14,15,21,20,0.064566,0.088964,1,10
"A",8,"pair11.eaf",5,105,41,27,30,0.196385,0.108978,13,11
"A",8,"pair12.eaf",5,16,3,9,14,0,0.049636,1,12
"A",8,"pair13.eaf",5,9,4,6,6,0.061384,0.099646,1,13
"A",8,"pair14.eaf",5,29,7,5,12,0.106243,0,5,14
"A",8,"pair15.eaf",5,18,6,9,2,0.059508,0.135449,1,15
"A",8,"pair16.eaf",5,24,6,1,11,0.094491,0.204201,5,16
"A",8,"pair17.eaf",5,11,2,7,7,0,0.045098,1,17
"A",8,"pair18.eaf",5,5,2,6,8,0.165363,0.070157,1,18
"A",8,"pair20.eaf",5,12,2,2,3,0.104378,0.090889,1,20
"A",8,"pair21.eaf",5,29,3,10,9,0.19181,0,1,21
"A",8,"pair22.eaf",5,10,7,13,8,0.340587,0.056198,1,22
"A",8,"pair23.eaf",5,14,2,6,3,0.053747,0.12291,3,23
"A",8,"pair24.eaf",5,9,5,7,12,0.075083,0.062198,1,24
"A",14,"pair04.eaf",5,18,3,8,8,0.094265,0.070582,1,4
"A",14,"pair05.eaf",5,10,6,10,17,0.103557,0.132132,4,5
"A",14,"pair07.eaf",5,17,2,0,6,0.082211,0,4,7
"A",14,"pair08.eaf",5,21,1,6,20,0.119565,0,1,8
"A",14,"pair09.eaf",5,20,3,13,11,0.113615,0.105957,2,9
"A",14,"pair10.eaf",5,11,6,9,8,0.099723,0.202557,1,10
"A",14,"pair11.eaf",5,10,4,0,11,0.22229,0,1,11
"A",14,"pair12.eaf",5,11,1,10,5,0.108571,0.001447,1,12
"A",14,"pair13.eaf",5,33,3,20,14,0.129542,0.05669,3,13
"A",14,"pair14.eaf",5,18,14,2,8,0.115441,0.171101,5,14
"A",14,"pair15.eaf",5,15,2,8,4,0.086814,0.056857,2,15
"A",14,"pair16.eaf",5,31,5,9,8,0.139376,0.239326,3,16
"A",14,"pair17.eaf",5,13,2,6,13,0,0.01729,1,17
"A",14,"pair18.eaf",5,10,2,8,2,0.13363,0.135441,1,18
"A",14,"pair20.eaf",5,11,6,4,4,0.081147,0.085407,2,20
"A",14,"pair21.eaf",5,14,3,5,6,0.13704,0,1,21
"A",14,"pair22.eaf",5,10,9,7,8,0.160658,0.066142,3,22
"A",14,"pair23.eaf",5,21,8,23,14,0.063308,0.038765,5,23
"A",14,"pair24.eaf",5,17,2,11,8,0.154538,0.124579,2,24
"A",16,"pair04.eaf",5,25,2,8,13,0.083206,0.013617,4,4
"A",16,"pair05.eaf",5,46,16,17,29,0.147795,0.190277,12,5
"A",16,"pair07.eaf",5,12,2,4,9,0.076309,0.106043,1,7
"A",16,"pair08.eaf",5,10,20,5,9,0.066774,0.075094,3,8
"A",16,"pair09.eaf",5,27,8,5,16,0.148023,0.056603,6,9
"A",16,"pair10.eaf",5,24,9,13,10,0.105943,0.183206,3,10
"A",16,"pair11.eaf",5,29,10,4,16,0.145094,0,3,11
"A",16,"pair12.eaf",5,13,10,5,16,0.010507,0.031692,1,12
"A",16,"pair13.eaf",5,35,4,13,12,0.36241,0.042794,3,13
"A",16,"pair14.eaf",5,34,7,12,11,0.11508,0.162952,7,14
"A",16,"pair15.eaf",5,23,5,10,14,0.079904,0.126446,4,15
"A",16,"pair16.eaf",5,28,5,8,11,0.137879,0.220301,4,16
"A",16,"pair17.eaf",5,4,1,10,12,0,0.157758,1,17
"A",16,"pair18.eaf",5,26,4,19,16,0.115717,0.066656,1,18
"A",16,"pair20.eaf",5,23,2,8,2,0.133664,0.21635,1,20
"A",16,"pair21.eaf",5,38,2,16,2,0.122039,0,1,21
"A",16,"pair22.eaf",5,13,7,7,12,0.058132,0.048938,1,22
"A",16,"pair23.eaf",5,19,2,3,10,0.060866,0.099924,4,23
"A",16,"pair24.eaf",5,22,1,2,9,0.104925,0.117959,1,24
"A",2,"pair04.eaf",5,25,3,7,10,0.103004,0.049601,4,4
"A",2,"pair05.eaf",5,5,3,7,10,0.111218,0.168053,1,5
"A",2,"pair07.eaf",5,10,1,7,5,0.081113,0.127653,1,7
"A",2,"pair08.eaf",5,0,27,5,16,0,0.055042,3,8
"A",2,"pair09.eaf",5,13,2,10,4,0.115844,0.100812,1,9
"A",2,"pair10.eaf",5,14,6,15,17,0.092647,0.185151,1,10
"A",2,"pair11.eaf",5,12,3,7,4,0.065704,0.013907,1,11
"A",2,"pair12.eaf",5,6,1,4,3,0.037391,0.023236,1,12
"A",2,"pair13.eaf",5,15,18,8,13,0.132931,0.09157,11,13
"A",2,"pair14.eaf",5,20,3,5,8,0.204028,0,5,14
"A",2,"pair15.eaf",5,14,9,10,10,0.054604,0.061872,5,15
"A",2,"pair16.eaf",5,22,9,9,7,0.129194,0.285352,7,16
"A",2,"pair17.eaf",5,6,1,0,6,0,0.102392,2,17
"A",2,"pair18.eaf",5,9,4,14,8,0.129295,0.049992,3,18
"A",2,"pair20.eaf",5,11,2,5,0,0.092936,0.17828,1,20
"A",2,"pair21.eaf",5,5,1,4,5,0.17349,0.055332,1,21
"A",2,"pair22.eaf",5,23,5,6,13,0.069993,0.098874,3,22
"A",2,"pair23.eaf",5,58,35,41,42,0.087558,0.119715,9,23
"A",2,"pair24.eaf",5,8,3,7,0,0.107212,0.133636,1,24
"A",6,"pair04.eaf",5,29,3,19,14,0.103705,0.083191,2,4
"A",6,"pair05.eaf",5,5,4,3,0,0.119709,0.075648,1,5
"A",6,"pair07.eaf",5,20,2,7,12,0.065681,0.101314,3,7
"A",6,"pair08.eaf",5,1,10,9,15,0,0.071195,1,8
"A",6,"pair09.eaf",5,8,7,4,5,0.071018,0.123219,1,9
"A",6,"pair10.eaf",5,7,7,18,12,0.119992,0.17652,1,10
"A",6,"pair11.eaf",5,14,8,13,1,0.106642,0.074774,5,11
"A",6,"pair12.eaf",5,3,1,2,5,0,0.009691,1,12
"A",6,"pair13.eaf",5,15,8,9,2,0.103375,0.066875,5,13
"A",6,"pair14.eaf",5,32,13,15,15,0.114165,0.128319,9,14
"A",6,"pair15.eaf",5,8,2,4,5,0.076839,0.061328,1,15
"A",6,"pair16.eaf",5,29,16,7,12,0.178226,0.138496,7,16
"A",6,"pair17.eaf",5,4,5,10,4,0,0.091356,1,17
"A",6,"pair18.eaf",5,5,1,6,5,0.130873,0.123426,1,18
"A",6,"pair20.eaf",5,12,3,1,3,0.09293,0.224392,3,20
"A",6,"pair21.eaf",5,21,3,8,5,0.18755,0,1,21
"A",6,"pair22.eaf",5,8,5,10,6,0,0.065369,1,22
"A",6,"pair23.eaf",5,21,3,8,12,0.049819,0,1,23
"A",6,"pair24.eaf",5,14,3,14,11,0.117949,0.105361,1,24
"A",10,"pair04.eaf",5,37,2,10,20,0.107259,0.065554,4,4
"A",10,"pair05.eaf",5,6,3,10,12,0.052389,0.211982,1,5
"A",10,"pair07.eaf",5,5,1,6,8,0.108464,0,1,7
"A",10,"pair08.eaf",5,37,10,24,12,0.099334,0.067513,5,8
"A",10,"pair09.eaf",5,24,3,6,12,0.063999,0.116349,3,9
"A",10,"pair10.eaf",5,16,4,10,13,0.090496,0.118869,1,10
"A",10,"pair11.eaf",5,4,6,9,1,0.130998,0.062295,3,11
"A",10,"pair12.eaf",5,9,1,6,7,0.041911,0,1,12
"A",10,"pair13.eaf",5,9,5,12,6,0.075967,0.124831,1,13
"A",10,"pair14.eaf",5,16,16,7,10,0.131957,0.185613,9,14
"A",10,"pair15.eaf",5,13,10,12,7,0.062892,0.371723,3,15
"A",10,"pair16.eaf",5,29,10,12,9,0.134095,0.177963,4,16
"A",10,"pair17.eaf",5,5,2,8,5,0,0.09714,1,17
"A",10,"pair18.eaf",5,5,1,3,9,0.184097,0.031192,1,18
"A",10,"pair20.eaf",5,18,3,11,3,0.159247,0.084098,1,20
"A",10,"pair21.eaf",5,25,3,10,2,0.285839,0.176059,1,21
"A",10,"pair22.eaf",5,14,9,12,5,0.104001,0.064487,3,22
"A",10,"pair23.eaf",5,36,9,20,21,0.082392,0,5,23
"A",10,"pair24.eaf",5,26,11,9,10,0.140178,0.146416,9,24
"A",4,"pair04.eaf",5,33,2,7,16,0.122972,0.094973,3,4
"A",4,"pair05.eaf",5,13,6,10,7,0.115807,0.092504,3,5
"A",4,"pair07.eaf",5,8,1,6,3,0.062098,0,1,7
"A",4,"pair08.eaf",5,5,26,8,10,0.086964,0.10173,3,8
"A",4,"pair09.eaf",5,9,5,2,10,0.080095,0.123534,5,9
"A",4,"pair10.eaf",5,18,6,8,14,0.090325,0.188663,1,10
"A",4,"pair11.eaf",5,22,7,9,5,0.117314,0.014937,3,11
"A",4,"pair12.eaf",5,6,1,4,7,0,0,1,12
"A",4,"pair13.eaf",5,15,6,15,8,0.099925,0.071668,3,13
"A",4,"pair14.eaf",5,24,3,6,6,0.125324,0,2,14
"A",4,"pair15.eaf",5,22,2,12,11,0.068773,0.250041,1,15
"A",4,"pair16.eaf",5,24,5,5,13,0.322644,0.139333,5,16
"A",4,"pair17.eaf",5,9,1,3,5,0,0.145261,1,17
"A",4,"pair18.eaf",5,17,5,4,11,0.112381,0.138489,3,18
"A",4,"pair20.eaf",5,14,4,8,4,0.074269,0.090015,1,20
"A",4,"pair21.eaf",5,26,2,14,7,0.093305,0.021409,1,21
"A",4,"pair22.eaf",5,15,5,7,4,0.074693,0.073834,3,22
"A",4,"pair23.eaf",5,23,12,10,13,0.086892,0.174771,7,23
"A",4,"pair24.eaf",5,26,1,3,7,0.095562,0.163892,1,24
"A",12,"pair04.eaf",5,24,11,17,15,0.084786,0.081064,5,4
"A",12,"pair05.eaf",5,10,2,2,6,0.096093,0.025475,1,5
"A",12,"pair07.eaf",5,28,8,14,15,0.096175,0,5,7
"A",12,"pair08.eaf",5,20,0,0,10,0.072182,0,1,8
"A",12,"pair09.eaf",5,9,6,3,6,0.103651,0.091728,1,9
"A",12,"pair10.eaf",5,11,6,3,10,0.098567,0.02204,1,10
"A",12,"pair11.eaf",5,15,14,15,16,0.074349,0.146316,3,11
"A",12,"pair12.eaf",5,13,17,8,9,0.030709,0.207415,8,12
"A",12,"pair13.eaf",5,19,3,11,5,0.078346,0.022843,3,13
"A",12,"pair14.eaf",5,27,23,7,16,0.127875,0.1147,7,14
"A",12,"pair15.eaf",5,25,2,12,7,0.081162,0.042239,1,15
"A",12,"pair16.eaf",5,14,13,5,7,0.176782,0.185154,2,16
"A",12,"pair17.eaf",5,5,1,0,2,0,0.080024,1,17
"A",12,"pair18.eaf",5,13,2,4,4,0.071827,0.057037,2,18
"A",12,"pair20.eaf",5,15,4,3,2,0.145249,0.069402,3,20
"A",12,"pair21.eaf",5,32,2,19,7,0.116651,0,3,21
"A",12,"pair22.eaf",5,11,6,8,2,0.0751,0.074555,4,22
"A",12,"pair23.eaf",5,18,11,6,8,0.095047,0.172598,2,23
"A",12,"pair24.eaf",5,20,1,8,7,0.135462,0.124863,1,24
"A",9,"pair04.eaf",6,26,3,5,15,0.077891,0.059719,3,4
"A",9,"pair05.eaf",6,9,6,11,14,0.148816,0.12551,3,5
"A",9,"pair07.eaf",6,13,2,5,6,0.055776,0,3,7
"A",9,"pair08.eaf",6,34,0,0,0,0.120926,0,3,8
"A",9,"pair09.eaf",6,24,3,7,9,0.161115,0.076371,3,9
"A",9,"pair10.eaf",6,14,8,9,7,0.06174,0.210422,4,10
"A",9,"pair11.eaf",6,10,13,0,0,0.117745,0.011219,5,11
"A",9,"pair12.eaf",6,20,3,9,18,0.038345,0,1,12
"A",9,"pair13.eaf",6,25,5,0,0,0.339618,0.077596,5,13
"A",9,"pair14.eaf",6,23,3,10,3,0.109245,0.19036,2,14
"A",9,"pair15.eaf",6,24,8,0,3,0.07805,0.096967,3,15
"A",9,"pair16.eaf",6,20,3,0,0,0.125084,0.078972,4,16
"A",9,"pair17.eaf",6,9,1,2,3,0,0.042849,1,17
"A",9,"pair18.eaf",6,9,3,0,0,0.102922,0.134829,3,18
"A",9,"pair20.eaf",6,8,1,0,0,0.136527,0.047668,1,20
"A",9,"pair21.eaf",6,36,3,7,12,0.15748,0,2,21
"A",9,"pair22.eaf",6,15,11,0,0,0.02241,0.13018,2,22
"A",9,"pair23.eaf",6,18,2,0,0,0.076365,0.026432,4,23
"A",9,"pair24.eaf",6,19,1,6,3,0.127304,0.113888,1,24
"A",1,"pair04.eaf",6,30,2,0,0,0.08073,0.047583,1,4
"A",1,"pair05.eaf",6,17,12,0,0,0.116337,0.153288,5,5
"A",1,"pair07.eaf",6,6,2,2,4,0.099664,0,1,7
"A",1,"pair08.eaf",6,7,20,0,0,0.093224,0.04293,3,8
"A",1,"pair09.eaf",6,13,2,0,0,0.083093,0.098009,1,9
"A",1,"pair10.eaf",6,12,8,0,0,0.047678,0.186374,1,10
"A",1,"pair11.eaf",6,18,13,0,0,0.115859,0,1,11
"A",1,"pair12.eaf",6,17,1,13,11,0,0.03611,1,12
"A",1,"pair13.eaf",6,9,4,0,0,0.053073,0.054947,1,13
"A",1,"pair14.eaf",6,11,2,0,0,0.102439,0.004037,3,14
"A",1,"pair15.eaf",6,19,6,0,0,0.117198,0.084869,6,15
"A",1,"pair16.eaf",6,8,5,0,0,0.092422,0.007021,2,16
"A",1,"pair17.eaf",6,19,1,0,0,0,0.042591,1,17
"A",1,"pair18.eaf",6,9,1,0,4,0.089669,0.026137,1,18
"A",1,"pair20.eaf",6,19,2,0,0,0.088294,0.20447,1,20
"A",1,"pair21.eaf",6,18,2,3,4,0.115328,0.056837,2,21
"A",1,"pair22.eaf",6,6,12,0,0,0.070294,0.151787,3,22
"A",1,"pair23.eaf",6,17,2,0,0,0.071353,0.039716,3,23
"A",1,"pair24.eaf",6,22,6,0,0,0.146453,0.069838,1,24
"A",5,"pair04.eaf",6,34,4,0,0,0.092498,0.039842,6,4
"A",5,"pair05.eaf",6,2,4,0,0,0.10695,0.223268,1,5
"A",5,"pair07.eaf",6,7,1,0,0,0.19668,0,3,7
"A",5,"pair08.eaf",6,13,19,0,0,0.131568,0.097549,1,8
"A",5,"pair09.eaf",6,11,5,0,0,0.10978,0.105839,3,9
"A",5,"pair10.eaf",6,9,4,0,0,0.123867,0.185134,1,10
"A",5,"pair11.eaf",6,5,9,0,0,0.110247,0.118192,1,11
"A",5,"pair12.eaf",6,19,2,0,0,0.075262,0.153041,4,12
"A",5,"pair13.eaf",6,29,4,0,0,0.114921,0.051675,3,13
"A",5,"pair14.eaf",6,13,14,0,0,0.081924,0,6,14
"A",5,"pair15.eaf",6,19,8,0,0,0.072185,0.126057,4,15
"A",5,"pair16.eaf",6,20,4,0,0,0.110152,0.166387,3,16
"A",5,"pair17.eaf",6,9,1,0,0,0.005342,0.028793,1,17
"A",5,"pair18.eaf",6,11,5,5,7,0.086142,0.125708,1,18
"A",5,"pair20.eaf",6,13,5,0,0,0.082574,0.096316,1,20
"A",5,"pair21.eaf",6,18,9,3,12,0.136225,0,5,21
"A",5,"pair22.eaf",6,15,16,0,0,0.120467,0.331921,5,22
"A",5,"pair23.eaf",6,20,2,0,0,0.066008,0.030742,3,23
"A",5,"pair24.eaf",6,4,1,0,0,0.114983,0.129255,1,24
"A",15,"pair04.eaf",6,32,2,0,0,0.090562,0.056067,1,4
"A",15,"pair05.eaf",6,14,6,0,0,0.086602,0.156926,3,5
"A",15,"pair07.eaf",6,17,2,0,0,0.096281,0,3,7
"A",15,"pair08.eaf",6,31,2,0,0,0.138357,0,5,8
"A",15,"pair09.eaf",6,20,3,0,0,0.08333,0.098274,1,9
"A",15,"pair10.eaf",6,21,9,0,0,0.073388,0.112633,3,10
"A",15,"pair11.eaf",6,31,7,0,0,0.0808,0,7,11
"A",15,"pair12.eaf",6,15,2,0,0,0,0,1,12
"A",15,"pair13.eaf",6,30,3,0,0,0.090976,0.075807,1,13
"A",15,"pair14.eaf",6,15,3,0,0,0.103842,0,1,14
"A",15,"pair15.eaf",6,27,8,0,0,0.096883,0.142317,4,15
"A",15,"pair16.eaf",6,18,5,0,0,0.139371,0.17371,4,16
"A",15,"pair17.eaf",6,10,1,0,0,0,0.019848,1,17
"A",15,"pair18.eaf",6,6,2,0,0,0.145164,0.034672,1,18
"A",15,"pair20.eaf",6,16,3,0,0,0.194707,0.199531,3,20
"A",15,"pair21.eaf",6,11,3,3,4,0.076004,0.024103,1,21
"A",15,"pair22.eaf",6,8,8,0,0,0.064377,0.167419,1,22
"A",15,"pair23.eaf",6,13,4,0,0,0.069421,0.028745,1,23
"A",15,"pair24.eaf",6,20,2,0,0,0.08883,0.111367,2,24
"A",11,"pair04.eaf",6,23,2,2,8,0.080346,0.068541,1,4
"A",11,"pair05.eaf",6,17,10,3,13,0.081748,0.138879,6,5
"A",11,"pair07.eaf",6,4,1,0,4,0.038764,0,1,7
"A",11,"pair08.eaf",6,15,1,4,7,0.069574,0,1,8
"A",11,"pair09.eaf",6,19,3,7,7,0.116696,0.086855,2,9
"A",11,"pair10.eaf",6,16,6,4,10,0.061137,0.174668,1,10
"A",11,"pair11.eaf",6,19,5,9,17,0.077155,0,3,11
"A",11,"pair12.eaf",6,9,1,9,7,0,0,1,12
"A",11,"pair13.eaf",6,17,3,14,0,0.108018,0.049385,3,13
"A",11,"pair14.eaf",6,20,2,1,4,0.094849,0.002333,3,14
"A",11,"pair15.eaf",6,17,6,10,3,0.090811,0.138888,6,15
"A",11,"pair16.eaf",6,15,7,6,9,0.063988,0.118025,3,16
"A",11,"pair17.eaf",6,6,4,4,4,0,0.086258,1,17
"A",11,"pair18.eaf",6,4,3,10,10,0.188942,0.147387,1,18
"A",11,"pair20.eaf",6,8,2,5,1,0.18048,0.18153,1,20
"A",11,"pair21.eaf",6,20,4,3,10,0.103857,0.083556,1,21
"A",11,"pair22.eaf",6,12,3,5,9,0.046962,0.048934,3,22
"A",11,"pair23.eaf",6,14,4,15,8,0.074668,0.148523,3,23
"A",11,"pair24.eaf",6,19,1,10,8,0.105989,0.084326,1,24
"A",7,"pair04.eaf",6,28,4,6,7,0.112078,0.120484,3,4
"A",7,"pair05.eaf",6,4,4,2,4,0.076288,0.177668,3,5
"A",7,"pair07.eaf",6,8,1,0,6,0.037912,0,1,7
"A",7,"pair08.eaf",6,17,7,12,9,0.053208,0.021605,8,8
"A",7,"pair09.eaf",6,24,9,8,11,0.138481,0.083425,5,9
"A",7,"pair10.eaf",6,7,6,13,10,0.070646,0.126173,1,10
"A",7,"pair11.eaf",6,11,8,10,14,0.122758,0.008054,3,11
"A",7,"pair12.eaf",6,5,2,6,4,0,0.021928,1,12
"A",7,"pair13.eaf",6,42,9,17,14,0.095684,0.107398,6,13
"A",7,"pair14.eaf",6,15,3,8,3,0.085892,0,3,14
"A",7,"pair15.eaf",6,10,3,1,2,0.058062,0.070708,3,15
"A",7,"pair16.eaf",6,15,6,4,13,0.144936,0.149762,4,16
"A",7,"pair17.eaf",6,1,1,2,1,0,0.053481,1,17
"A",7,"pair18.eaf",6,10,2,0,13,0.215348,0.105617,1,18
"A",7,"pair20.eaf",6,8,3,3,4,0.082778,0.167404,1,20
"A",7,"pair21.eaf",6,8,3,2,5,0.276388,0.012591,1,21
"A",7,"pair22.eaf",6,4,6,11,5,0.040352,0.041196,2,22
"A",7,"pair23.eaf",6,17,2,10,9,0.074528,0.128386,3,23
"A",7,"pair24.eaf",6,12,2,8,13,0.145389,0.115365,1,24
"A",3,"pair04.eaf",6,10,6,7,8,0.00496,0.019723,1,4
"A",3,"pair05.eaf",6,34,12,7,9,0.187059,0.136009,5,5
"A",3,"pair07.eaf",6,10,2,8,7,0.037672,0,1,7
"A",3,"pair08.eaf",6,8,4,3,7,0.070981,0.038511,1,8
"A",3,"pair09.eaf",6,4,1,1,7,0.127614,0.122529,1,9
"A",3,"pair10.eaf",6,11,5,8,4,0.136402,0.157056,1,10
"A",3,"pair11.eaf",6,17,6,5,16,0.120456,0,3,11
"A",3,"pair12.eaf",6,2,1,5,2,0,0,1,12
"A",3,"pair13.eaf",6,5,2,4,3,0.12563,0.051939,1,13
"A",3,"pair14.eaf",6,11,4,18,16,0.08652,0.000327,1,14
"A",3,"pair15.eaf",6,13,5,6,6,0.069371,0.081892,5,15
"A",3,"pair16.eaf",6,13,8,2,1,0.098565,0.20979,3,16
"A",3,"pair17.eaf",6,4,1,2,1,0,0.105413,1,17
"A",3,"pair18.eaf",6,10,2,5,3,0.101706,0.137194,3,18
"A",3,"pair20.eaf",6,13,3,0,11,0.170813,0.158905,1,20
"A",3,"pair21.eaf",6,13,1,7,13,0.101819,0,1,21
"A",3,"pair22.eaf",6,12,4,6,7,0.07253,0.057921,1,22
"A",3,"pair23.eaf",6,13,2,1,3,0.05709,0.138295,3,23
"A",3,"pair24.eaf",6,10,1,0,2,0.104397,0.111139,1,24
"A",13,"pair04.eaf",6,9,3,6,5,0.060782,0.090152,2,4
"A",13,"pair05.eaf",6,3,2,6,2,0.12299,0.079358,1,5
"A",13,"pair07.eaf",6,5,1,3,1,0.18104,0.026208,1,7
"A",13,"pair08.eaf",6,26,0,5,13,0.143912,0,1,8
"A",13,"pair09.eaf",6,7,3,0,1,0.045943,0.104624,2,9
"A",13,"pair10.eaf",6,16,16,6,10,0.084339,0.207209,3,10
"A",13,"pair11.eaf",6,5,1,4,8,0.111273,0,1,11
"A",13,"pair12.eaf",6,7,1,1,3,0.044718,0,1,12
"A",13,"pair13.eaf",6,8,2,0,0,0.076144,0.089317,1,13
"A",13,"pair14.eaf",6,25,12,19,22,0.105403,0.251863,9,14
"A",13,"pair15.eaf",6,11,5,1,8,0.080394,0.129496,3,15
"A",13,"pair16.eaf",6,10,1,0,0,0.089226,0.038603,1,16
"A",13,"pair17.eaf",6,2,1,6,4,0,0.016839,1,17
"A",13,"pair18.eaf",6,8,2,3,4,0.093219,0.095851,1,18
"A",13,"pair20.eaf",6,3,2,2,3,0.148939,0.046991,1,20
"A",13,"pair21.eaf",6,4,2,2,4,0.14377,0.043563,1,21
"A",13,"pair22.eaf",6,6,4,3,5,0.018543,0.006244,1,22
"A",13,"pair23.eaf",6,8,4,11,7,0.080607,0.180546,3,23
"A",13,"pair24.eaf",6,8,1,3,5,0.116231,0.259163,1,24
"B",9,"pair04.eaf",1,61,163,51,115,0.140515,0.11631,34,4
"B",9,"pair05.eaf",1,14,44,33,44,0.084131,0.141261,10,5
"B",9,"pair07.eaf",1,7,55,34,34,0.085639,0.130978,7,7
"B",9,"pair08.eaf",1,36,19,28,36,0.125355,0.115793,14,8
"B",9,"pair09.eaf",1,58,96,48,60,0.136114,0.122507,29,9
"B",9,"pair10.eaf",1,73,128,41,59,0.201592,0.178221,25,10
"B",9,"pair11.eaf",1,9,19,27,30,0.072853,0.149847,4,11
"B",9,"pair12.eaf",1,19,42,14,46,0,0.316184,8,12
"B",9,"pair13.eaf",1,39,91,41,34,0.101383,0.123437,15,13
"B",9,"pair14.eaf",1,51,73,31,46,0.110516,0.184372,19,14
"B",9,"pair15.eaf",1,16,92,45,53,0.086797,0.177848,16,15
"B",9,"pair16.eaf",1,87,181,14,95,0.170083,0.176415,39,16
"B",9,"pair17.eaf",1,22,44,13,21,0,0.11404,5,17
"B",9,"pair18.eaf",1,25,68,10,40,0.154749,0.157365,11,18
"B",9,"pair20.eaf",1,87,69,35,83,0.14394,0.13712,21,20
"B",9,"pair21.eaf",1,50,43,43,72,0.104129,0.117291,18,21
"B",9,"pair22.eaf",1,21,34,13,2,0.055399,0.113468,11,22
"B",9,"pair23.eaf",1,18,31,8,19,0.158021,0.310304,7,23
"B",9,"pair24.eaf",1,36,58,45,26,0.165174,0.13409,20,24
"B",5,"pair04.eaf",1,13,100,42,27,0.167596,0.115336,15,4
"B",5,"pair05.eaf",1,38,61,32,43,0.15943,0.195429,11,5
"B",5,"pair07.eaf",1,10,45,24,21,0.09155,0.115964,5,7
"B",5,"pair08.eaf",1,18,63,39,38,0.071985,0.091868,17,8
"B",5,"pair09.eaf",1,41,94,61,61,0.108048,0.119795,17,9
"B",5,"pair10.eaf",1,37,78,55,41,0.196488,0.158364,13,10
"B",5,"pair11.eaf",1,69,102,42,26,0.172497,0.073969,20,11
"B",5,"pair12.eaf",1,5,30,15,17,0,0.085193,2,12
"B",5,"pair13.eaf",1,87,123,87,107,0.135413,0.12856,15,13
"B",5,"pair14.eaf",1,40,110,53,45,0.109786,0.178848,21,14
"B",5,"pair15.eaf",1,56,149,101,88,0.080997,0.129922,25,15
"B",5,"pair16.eaf",1,114,163,63,113,0.272005,0.179307,31,16
"B",5,"pair17.eaf",1,13,119,34,80,0.099099,0.096896,7,17
"B",5,"pair18.eaf",1,12,83,19,47,0.098268,0.14092,7,18
"B",5,"pair20.eaf",1,102,242,114,162,0.15352,0.175483,38,20
"B",5,"pair21.eaf",1,31,30,7,16,0.081658,0.16818,9,21
"B",5,"pair22.eaf",1,72,113,47,61,0.11048,0.152146,23,22
"B",5,"pair23.eaf",1,8,51,38,15,0.057603,0.089663,10,23
"B",5,"pair24.eaf",1,22,85,25,40,0.222902,0.128192,11,24
"B",7,"pair04.eaf",1,3,42,21,7,0.042655,0.103715,3,4
"B",7,"pair05.eaf",1,71,78,23,46,0.160079,0.180186,27,5
"B",7,"pair07.eaf",1,3,30,12,18,0.037452,0.104159,3,7
"B",7,"pair08.eaf",1,14,52,35,20,0.076189,0.114883,11,8
"B",7,"pair09.eaf",1,12,48,24,26,0.070743,0.121453,7,9
"B",7,"pair10.eaf",1,33,75,25,21,0.198554,0.16601,13,10
"B",7,"pair11.eaf",1,22,29,13,14,0.172554,0.112219,12,11
"B",7,"pair12.eaf",1,5,11,9,10,0,0.023737,3,12
"B",7,"pair13.eaf",1,66,91,43,54,0.137546,0.127841,13,13
"B",7,"pair14.eaf",1,24,24,24,15,0.110916,0.154813,13,14
"B",7,"pair15.eaf",1,28,40,30,27,0.10348,0.124149,9,15
"B",7,"pair16.eaf",1,101,139,103,144,0.156135,0.177362,29,16
"B",7,"pair17.eaf",1,21,109,41,92,0.002066,0.107585,7,17
"B",7,"pair18.eaf",1,13,95,17,33,0.122012,0.119313,3,18
"B",7,"pair20.eaf",1,11,57,36,29,0.239381,0.174051,10,20
"B",7,"pair21.eaf",1,68,205,67,77,0.108957,0.158163,33,21
"B",7,"pair22.eaf",1,53,64,46,38,0.130059,0.128915,22,22
"B",7,"pair23.eaf",1,17,30,24,14,0.077437,0.091385,11,23
"B",7,"pair24.eaf",1,16,66,28,31,0.082176,0.185737,10,24
"B",1,"pair04.eaf",1,6,39,17,10,0.068402,0.111305,7,4
"B",1,"pair05.eaf",1,4,42,13,7,0.106562,0.13713,2,5
"B",1,"pair07.eaf",1,3,18,10,14,0.009933,0.155391,2,7
"B",1,"pair08.eaf",1,7,45,22,7,0.07008,0.066972,11,8
"B",1,"pair09.eaf",1,23,52,29,22,0.113568,0.114895,11,9
"B",1,"pair10.eaf",1,17,27,15,20,0.102447,0.124022,7,10
"B",1,"pair11.eaf",1,13,49,26,32,0.122089,0.10501,9,11
"B",1,"pair12.eaf",1,3,16,9,8,0,0.157813,1,12
"B",1,"pair13.eaf",1,18,77,38,29,0.075505,0.114266,8,13
"B",1,"pair14.eaf",1,10,36,26,26,0,0.205585,6,14
"B",1,"pair15.eaf",1,6,53,25,29,0.111239,0.206055,1,15
"B",1,"pair16.eaf",1,30,56,26,41,0.151007,0.188354,15,16
"B",1,"pair17.eaf",1,6,37,16,18,0,0.12012,1,17
"B",1,"pair18.eaf",1,10,29,14,19,0.104272,0.167777,5,18
"B",1,"pair20.eaf",1,9,41,30,10,0.117236,0.170168,10,20
"B",1,"pair21.eaf",1,23,39,16,14,0.105973,0.162561,10,21
"B",1,"pair22.eaf",1,17,35,21,13,0.237796,0.117518,11,22
"B",1,"pair23.eaf",1,18,52,50,8,0.087131,0.073724,7,23
"B",1,"pair24.eaf",1,4,23,5,14,0,0.206896,1,24
"B",15,"pair04.eaf",1,9,111,32,48,0.099206,0.117211,4,4
"B",15,"pair05.eaf",1,10,33,15,13,0.099033,0.160086,7,5
"B",15,"pair07.eaf",1,5,40,32,26,0.333313,0.117229,4,7
"B",15,"pair08.eaf",1,45,32,46,16,0.105431,0.132697,17,8
"B",15,"pair09.eaf",1,21,24,27,13,0.149844,0.108813,13,9
"B",15,"pair10.eaf",1,23,68,13,45,0.184567,0.157531,9,10
"B",15,"pair11.eaf",1,44,49,30,34,0.179407,0.124842,8,11
"B",15,"pair12.eaf",1,6,19,9,9,0,0.082016,3,12
"B",15,"pair13.eaf",1,6,61,13,39,0.068999,0.10694,1,13
"B",15,"pair14.eaf",1,14,107,26,59,0.119364,0.190511,18,14
"B",15,"pair15.eaf",1,25,98,37,52,0.069655,0.151324,14,15
"B",15,"pair16.eaf",1,28,129,40,72,0.167676,0.134483,13,16
"B",15,"pair17.eaf",1,4,25,8,22,0,0.095208,1,17
"B",15,"pair18.eaf",1,4,35,9,18,0.189001,0.114701,3,18
"B",15,"pair20.eaf",1,31,65,16,54,0.121959,0.208105,20,20
"B",15,"pair21.eaf",1,31,27,6,7,0.137857,0.172137,7,21
"B",15,"pair22.eaf",1,18,46,17,18,0.105477,0.079298,6,22
"B",15,"pair23.eaf",1,16,32,13,24,0.105395,0.079144,9,23
"B",15,"pair24.eaf",1,10,33,19,37,0.166934,0.139462,6,24
"B",13,"pair04.eaf",1,6,43,25,16,0.060261,0.109333,6,4
"B",13,"pair05.eaf",1,7,16,8,0,0.117564,0.154118,5,5
"B",13,"pair07.eaf",1,3,27,13,23,0.081369,0.128879,4,7
"B",13,"pair08.eaf",1,15,21,8,8,0.062141,0.095704,11,8
"B",13,"pair09.eaf",1,32,28,23,17,0.115593,0.105281,9,9
"B",13,"pair10.eaf",1,37,43,22,14,0.158184,0.155032,9,10
"B",13,"pair11.eaf",1,7,14,9,0,0.118111,0.126471,4,11
"B",13,"pair12.eaf",1,2,18,16,8,0,0.055075,3,12
"B",13,"pair13.eaf",1,12,20,11,2,0.075783,0.120129,3,13
"B",13,"pair14.eaf",1,12,41,15,14,0.099786,0.11751,5,14
"B",13,"pair15.eaf",1,11,51,23,28,0.170508,0.15568,4,15
"B",13,"pair16.eaf",1,35,92,33,46,0.156813,0.158968,15,16
"B",13,"pair17.eaf",1,3,28,7,23,0.072411,0.099014,1,17
"B",13,"pair18.eaf",1,3,25,7,14,0.011365,0.124424,3,18
"B",13,"pair20.eaf",1,24,71,53,43,0.174663,0.17451,14,20
"B",13,"pair21.eaf",1,25,18,13,0,0.099569,0.138882,7,21
"B",13,"pair22.eaf",1,14,29,22,9,0.34356,0.085107,7,22
"B",13,"pair23.eaf",1,15,53,22,30,0.163987,0.094856,9,23
"B",13,"pair24.eaf",1,4,30,14,13,0.122508,0.216397,3,24
"B",11,"pair04.eaf",1,7,52,29,13,0.136737,0.126483,7,4
"B",11,"pair05.eaf",1,8,42,22,22,0.025586,0.135652,6,5
"B",11,"pair07.eaf",1,18,89,28,62,0.121189,0.132953,10,7
"B",11,"pair08.eaf",1,16,42,22,22,0.100415,0.094776,11,8
"B",11,"pair09.eaf",1,13,37,18,9,0.065606,0.11457,8,9
"B",11,"pair10.eaf",1,17,59,26,29,0.12136,0.151209,7,10
"B",11,"pair11.eaf",1,16,64,29,6,0.199053,0.102482,5,11
"B",11,"pair12.eaf",1,2,27,8,1,0,0.070818,3,12
"B",11,"pair13.eaf",1,180,296,137,173,0.161751,0.127064,43,13
"B",11,"pair14.eaf",1,21,41,18,20,0.099681,0.120247,7,14
"B",11,"pair15.eaf",1,27,58,28,33,0.120148,0.177597,13,15
"B",11,"pair16.eaf",1,63,139,36,66,0.163553,0.131858,21,16
"B",11,"pair17.eaf",1,3,30,14,19,0,0.093381,1,17
"B",11,"pair18.eaf",1,4,45,12,24,0.148017,0.107662,1,18
"B",11,"pair20.eaf",1,15,75,65,43,0.146172,0.153488,12,20
"B",11,"pair21.eaf",1,41,67,65,59,0.128313,0.160295,12,21
"B",11,"pair22.eaf",1,19,40,21,16,0.060726,0.077932,11,22
"B",11,"pair23.eaf",1,11,52,29,14,0.067559,0.146463,7,23
"B",11,"pair24.eaf",1,7,52,31,41,0,0.191996,6,24
"B",3,"pair04.eaf",1,4,76,39,29,0.083051,0.113054,5,4
"B",3,"pair05.eaf",1,14,26,11,7,0.075359,0.189307,7,5
"B",3,"pair07.eaf",1,6,28,9,15,0.054488,0.103467,2,7
"B",3,"pair08.eaf",1,17,21,25,10,0.107446,0.098171,7,8
"B",3,"pair09.eaf",1,17,28,12,12,0.117532,0.107067,9,9
"B",3,"pair10.eaf",1,12,51,36,14,0.133138,0.161208,7,10
"B",3,"pair11.eaf",1,14,36,33,0,0.137349,0.10527,5,11
"B",3,"pair12.eaf",1,3,24,10,16,0,0.105997,3,12
"B",3,"pair13.eaf",1,121,184,111,104,0.345964,0.131861,24,13
"B",3,"pair14.eaf",1,19,38,36,6,0.107375,0.23906,13,14
"B",3,"pair15.eaf",1,17,50,22,23,0.08055,0.195606,6,15
"B",3,"pair16.eaf",1,22,72,35,42,0.174561,0.150462,13,16
"B",3,"pair17.eaf",1,3,32,8,26,0,0.123887,1,17
"B",3,"pair18.eaf",1,4,17,6,8,0.134462,0.062786,1,18
"B",3,"pair20.eaf",1,9,27,14,5,0.099976,0.188404,4,20
"B",3,"pair21.eaf",1,12,32,27,20,0.106764,0.268075,7,21
"B",3,"pair22.eaf",1,15,23,13,4,0.072104,0.090959,11,22
"B",3,"pair23.eaf",1,16,38,23,4,0.057336,0.069587,13,23
"B",3,"pair24.eaf",1,7,35,27,21,0,0.148398,7,24
"B",14,"pair04.eaf",2,15,53,39,11,0.074046,0.095537,10,4
"B",14,"pair05.eaf",2,12,34,2,26,0.066703,0.178648,5,5
"B",14,"pair07.eaf",2,3,29,26,10,0.118395,0.142386,5,7
"B",14,"pair08.eaf",2,43,13,12,20,0.131023,0.09401,7,8
"B",14,"pair09.eaf",2,7,33,12,24,0.104963,0.124126,5,9
"B",14,"pair10.eaf",2,16,52,32,31,0.160058,0.258456,11,10
"B",14,"pair11.eaf",2,15,19,8,16,0.070244,0.156683,5,11
"B",14,"pair12.eaf",2,10,27,6,8,0,0.045833,3,12
"B",14,"pair13.eaf",2,44,138,39,65,0.128103,0.124745,9,13
"B",14,"pair14.eaf",2,29,114,49,44,0.082265,0.119939,15,14
"B",14,"pair15.eaf",2,30,75,21,43,0.121874,0.149898,9,15
"B",14,"pair16.eaf",2,14,56,46,47,0.116069,0.15731,3,16
"B",14,"pair17.eaf",2,5,29,11,13,0.000181,0.094001,4,17
"B",14,"pair18.eaf",2,2,30,3,16,0.061283,0.111254,1,18
"B",14,"pair20.eaf",2,8,36,25,23,0.1516,0.15315,4,20
"B",14,"pair21.eaf",2,20,41,12,10,0.0865,0.167723,6,21
"B",14,"pair22.eaf",2,13,33,24,10,0.062566,0.111675,7,22
"B",14,"pair23.eaf",2,9,23,11,20,0.109084,0.098769,5,23
"B",14,"pair24.eaf",2,13,40,24,31,0.253391,0.124542,11,24
"B",2,"pair04.eaf",2,18,105,21,44,0.12909,0.107596,16,4
"B",2,"pair05.eaf",2,18,26,31,23,0.158551,0.199943,6,5
"B",2,"pair07.eaf",2,4,14,11,7,0.053684,0.100028,1,7
"B",2,"pair08.eaf",2,24,29,6,13,0.126619,0.0784,11,8
"B",2,"pair09.eaf",2,11,24,16,13,0.028307,0.125852,7,9
"B",2,"pair10.eaf",2,32,39,48,30,0.066179,0.171941,11,10
"B",2,"pair11.eaf",2,2,12,0,1,0.051415,0.145836,1,11
"B",2,"pair12.eaf",2,3,12,9,7,0,0.054378,1,12
"B",2,"pair13.eaf",2,19,15,10,8,0.155659,0.150314,7,13
"B",2,"pair14.eaf",2,15,36,10,28,0,0.12618,7,14
"B",2,"pair15.eaf",2,13,29,19,11,0.118132,0.167616,7,15
"B",2,"pair16.eaf",2,15,54,26,32,0.103526,0.138241,7,16
"B",2,"pair17.eaf",2,3,6,7,2,0,0.06606,1,17
"B",2,"pair18.eaf",2,7,43,11,24,0.076244,0.117758,5,18
"B",2,"pair20.eaf",2,7,9,2,6,0.17875,0.109943,2,20
"B",2,"pair21.eaf",2,13,10,3,6,0.130449,0.063516,4,21
"B",2,"pair22.eaf",2,9,30,17,14,0.063405,0.106229,3,22
"B",2,"pair23.eaf",2,11,27,12,19,0.065764,0.099333,11,23
"B",2,"pair24.eaf",2,6,10,7,20,0.06656,0.081249,5,24
"B",8,"pair04.eaf",2,15,97,42,39,0.102966,0.112553,11,4
"B",8,"pair05.eaf",2,3,33,22,18,0.064444,0.159573,1,5
"B",8,"pair07.eaf",2,4,24,11,16,0.071134,0.105731,3,7
"B",8,"pair08.eaf",2,106,52,52,80,0.133182,0.110604,13,8
"B",8,"pair09.eaf",2,25,56,31,22,0.115046,0.116178,11,9
"B",8,"pair10.eaf",2,11,37,23,15,0.092696,0.160338,3,10
"B",8,"pair11.eaf",2,14,68,33,7,0.126828,0.139168,10,11
"B",8,"pair12.eaf",2,5,12,5,15,0,0.052283,1,12
"B",8,"pair13.eaf",2,17,43,35,9,0.141254,0.106506,7,13
"B",8,"pair14.eaf",2,69,165,72,55,0.12942,0.155787,29,14
"B",8,"pair15.eaf",2,25,79,43,39,0.08057,0.14885,10,15
"B",8,"pair16.eaf",2,18,75,24,30,0.128984,0.152382,5,16
"B",8,"pair17.eaf",2,4,40,10,13,0,0.094447,4,17
"B",8,"pair18.eaf",2,9,47,3,23,0.15056,0.086208,5,18
"B",8,"pair20.eaf",2,14,34,26,13,0.136696,0.141546,8,20
"B",8,"pair21.eaf",2,43,47,37,36,0.27979,0.181619,13,21
"B",8,"pair22.eaf",2,17,34,5,19,0.090255,0.090381,8,22
"B",8,"pair23.eaf",2,19,92,59,46,0.085103,0.104007,17,23
"B",8,"pair24.eaf",2,18,102,53,48,0.190789,0.172363,23,24
"B",4,"pair04.eaf",2,13,46,26,18,0.083924,0.118165,3,4
"B",4,"pair05.eaf",2,6,24,28,24,0.10876,0.113834,4,5
"B",4,"pair07.eaf",2,2,19,11,11,0,0.120769,1,7
"B",4,"pair08.eaf",2,10,0,9,13,0.103897,0,3,8
"B",4,"pair09.eaf",2,16,33,12,23,0.093986,0.129039,5,9
"B",4,"pair10.eaf",2,13,30,32,18,0.151698,0.194916,9,10
"B",4,"pair11.eaf",2,14,52,20,11,0.103155,0.083062,7,11
"B",4,"pair12.eaf",2,2,7,6,7,0,0.072954,1,12
"B",4,"pair13.eaf",2,7,18,0,13,0.095194,0.144281,1,13
"B",4,"pair14.eaf",2,9,36,31,21,0,0.184053,4,14
"B",4,"pair15.eaf",2,24,38,15,22,0.07576,0.129535,6,15
"B",4,"pair16.eaf",2,21,64,20,30,0.172579,0.190805,10,16
"B",4,"pair17.eaf",2,5,50,19,20,0,0.098615,4,17
"B",4,"pair18.eaf",2,9,35,18,10,0.075079,0.102432,3,18
"B",4,"pair20.eaf",2,4,20,13,12,0.099035,0.139833,4,20
"B",4,"pair21.eaf",2,9,25,17,8,0.060252,0.114747,4,21
"B",4,"pair22.eaf",2,56,77,50,38,0.173847,0.137943,19,22
"B",4,"pair23.eaf",2,5,29,12,15,0.094351,0.129288,5,23
"B",4,"pair24.eaf",2,4,30,26,28,0.176128,0.210868,3,24
"B",16,"pair04.eaf",2,6,39,6,14,0.098476,0.110208,9,4
"B",16,"pair05.eaf",2,5,35,29,29,0.083842,0.113595,3,5
"B",16,"pair07.eaf",2,3,18,5,8,0.03585,0.084609,1,7
"B",16,"pair08.eaf",2,68,27,32,28,0.178632,0.146891,13,8
"B",16,"pair09.eaf",2,21,60,27,30,0.105905,0.117077,11,9
"B",16,"pair10.eaf",2,6,27,12,24,0.191269,0.132601,5,10
"B",16,"pair11.eaf",2,12,76,24,55,0.231471,0.105724,1,11
"B",16,"pair12.eaf",2,3,36,13,5,0,0.080635,3,12
"B",16,"pair13.eaf",2,45,76,46,20,0.154039,0.127386,9,13
"B",16,"pair14.eaf",2,30,63,25,26,0.103811,0.144625,16,14
"B",16,"pair15.eaf",2,15,44,14,7,0.096091,0.158895,6,15
"B",16,"pair16.eaf",2,52,104,67,54,0.118735,0.170881,25,16
"B",16,"pair17.eaf",2,4,25,19,2,0,0.094014,1,17
"B",16,"pair18.eaf",2,10,37,4,14,0.088787,0.076805,6,18
"B",16,"pair20.eaf",2,6,36,27,38,0.231639,0.191817,1,20
"B",16,"pair21.eaf",2,14,47,3,20,0.096065,0.16839,10,21
"B",16,"pair22.eaf",2,29,51,23,32,0.069761,0.096293,14,22
"B",16,"pair23.eaf",2,23,58,29,27,0.096868,0.081642,11,23
"B",16,"pair24.eaf",2,15,25,3,17,0.09454,0.120506,7,24
"B",10,"pair04.eaf",2,9,38,15,10,0.073133,0.112453,8,4
"B",10,"pair05.eaf",2,9,35,24,35,0.172664,0.174382,5,5
"B",10,"pair07.eaf",2,3,22,4,14,0.090779,0.154479,2,7
"B",10,"pair08.eaf",2,11,12,3,8,0.10088,0.100558,5,8
"B",10,"pair09.eaf",2,8,24,8,8,0.09287,0.0916,5,9
"B",10,"pair10.eaf",2,13,49,26,27,0.076037,0.115906,5,10
"B",10,"pair11.eaf",2,7,34,12,3,0.099089,0,1,11
"B",10,"pair12.eaf",2,2,15,8,3,0,0.042225,1,12
"B",10,"pair13.eaf",2,11,33,3,20,0.119469,0.129624,3,13
"B",10,"pair14.eaf",2,13,30,8,9,0.103607,0.107529,7,14
"B",10,"pair15.eaf",2,9,29,5,16,0.022066,0.175537,3,15
"B",10,"pair16.eaf",2,16,59,38,26,0.120805,0.15294,5,16
"B",10,"pair17.eaf",2,36,69,49,19,0.100633,0.110267,11,17
"B",10,"pair18.eaf",2,5,31,8,25,0.131693,0.091489,5,18
"B",10,"pair20.eaf",2,7,33,20,15,0.126041,0.140103,4,20
"B",10,"pair21.eaf",2,19,30,11,14,0.112562,0.102019,6,21
"B",10,"pair22.eaf",2,11,36,19,13,0.059284,0.088023,9,22
"B",10,"pair23.eaf",2,6,34,15,24,0.094534,0.089128,7,23
"B",10,"pair24.eaf",2,14,36,18,21,0,0.105486,3,24
"B",12,"pair04.eaf",2,3,42,14,8,0.039038,0.175532,3,4
"B",12,"pair05.eaf",2,6,24,12,12,0.101099,0.135613,1,5
"B",12,"pair07.eaf",2,9,41,20,22,0.085188,0.125763,6,7
"B",12,"pair08.eaf",2,15,8,4,13,0.034598,0,9,8
"B",12,"pair09.eaf",2,6,24,14,13,0.084248,0.124704,5,9
"B",12,"pair10.eaf",2,27,48,31,24,0.168443,0.150135,6,10
"B",12,"pair11.eaf",2,7,14,5,6,0.108921,0,1,11
"B",12,"pair12.eaf",2,7,26,14,10,0,0.098362,6,12
"B",12,"pair13.eaf",2,44,24,31,20,0.395167,0.10543,7,13
"B",12,"pair14.eaf",2,21,35,22,23,0.087596,0.157328,9,14
"B",12,"pair15.eaf",2,36,140,57,95,0.105701,0.235562,14,15
"B",12,"pair16.eaf",2,15,41,22,22,0.138186,0.202953,7,16
"B",12,"pair17.eaf",2,11,23,11,7,0,0.090529,1,17
"B",12,"pair18.eaf",2,3,21,11,14,0.166042,0.073849,4,18
"B",12,"pair20.eaf",2,15,30,25,6,0.12278,0.115923,4,20
"B",12,"pair21.eaf",2,19,50,39,15,0.103055,0.175373,6,21
"B",12,"pair22.eaf",2,11,14,17,9,0.345854,0.120832,1,22
"B",12,"pair23.eaf",2,16,99,57,53,0.132381,0.100473,13,23
"B",12,"pair24.eaf",2,6,34,16,12,0,0.142365,3,24
"B",6,"pair04.eaf",2,4,47,12,23,0.055797,0.111596,5,4
"B",6,"pair05.eaf",2,9,34,24,13,0.091307,0.147681,5,5
"B",6,"pair07.eaf",2,5,22,14,18,0.011082,0.159879,3,7
"B",6,"pair08.eaf",2,52,4,36,12,0.124726,0.019104,12,8
"B",6,"pair09.eaf",2,9,13,13,8,0.136479,0.111186,5,9
"B",6,"pair10.eaf",2,8,32,19,16,0.109545,0.166542,5,10
"B",6,"pair11.eaf",2,5,34,11,5,0.118442,0,5,11
"B",6,"pair12.eaf",2,1,6,2,6,0,0,2,12
"B",6,"pair13.eaf",2,30,41,18,11,0.101903,0.125732,5,13
"B",6,"pair14.eaf",2,13,41,15,9,0.087576,0.126428,5,14
"B",6,"pair15.eaf",2,17,15,8,14,0.034717,0.117653,5,15
"B",6,"pair16.eaf",2,18,38,9,16,0.109505,0.154544,7,16
"B",6,"pair17.eaf",2,7,42,19,6,0,0.114006,5,17
"B",6,"pair18.eaf",2,8,13,2,8,0.094406,0.089638,3,18
"B",6,"pair20.eaf",2,8,29,29,23,0.144931,0.14893,4,20
"B",6,"pair21.eaf",2,40,65,29,10,0.112809,0.179968,22,21
"B",6,"pair22.eaf",2,14,18,12,11,0.264444,0.103975,3,22
"B",6,"pair23.eaf",2,3,31,12,20,0.067986,0.090574,1,23
"B",6,"pair24.eaf",2,5,30,24,22,0,0.258443,3,24
"B",9,"pair04.eaf",3,25,56,27,36,0.084291,0.105615,14,4
"B",9,"pair05.eaf",3,13,43,34,28,0.134109,0.176729,7,5
"B",9,"pair07.eaf",3,3,41,17,21,0.03408,0.173318,4,7
"B",9,"pair08.eaf",3,16,25,10,7,0.156769,0.11671,9,8
"B",9,"pair09.eaf",3,9,31,9,14,0.062157,0.104396,5,9
"B",9,"pair10.eaf",3,15,35,28,18,0.198888,0.132162,5,10
"B",9,"pair11.eaf",3,8,26,12,0,0.164434,0.011106,2,11
"B",9,"pair12.eaf",3,3,20,15,8,0,0.07633,3,12
"B",9,"pair13.eaf",3,3,61,16,13,0.078474,0.117335,1,13
"B",9,"pair14.eaf",3,44,131,42,46,0.152734,0.183721,24,14
"B",9,"pair15.eaf",3,11,47,21,11,0.075205,0.16599,5,15
"B",9,"pair16.eaf",3,28,42,9,18,0.170047,0.207728,7,16
"B",9,"pair17.eaf",3,4,32,19,23,0,0.121562,3,17
"B",9,"pair18.eaf",3,9,19,7,7,0.073601,0.082664,5,18
"B",9,"pair20.eaf",3,5,12,1,10,0.090779,0.113946,2,20
"B",9,"pair21.eaf",3,3,28,15,17,0.14658,0.130925,3,21
"B",9,"pair22.eaf",3,50,76,44,58,0.088168,0.084841,21,22
"B",9,"pair23.eaf",3,4,24,16,20,0.090248,0.122943,7,23
"B",9,"pair24.eaf",3,17,46,12,32,0.230541,0.068841,18,24
"B",11,"pair04.eaf",3,5,31,11,25,0.058698,0.106135,3,4
"B",11,"pair05.eaf",3,7,22,6,12,0.19605,0.146929,3,5
"B",11,"pair07.eaf",3,2,23,9,11,0.033523,0.147672,4,7
"B",11,"pair08.eaf",3,22,6,15,19,0.087292,0.038027,3,8
"B",11,"pair09.eaf",3,22,31,18,9,0.080887,0.10912,9,9
"B",11,"pair10.eaf",3,5,19,6,16,0.181953,0.082111,5,10
"B",11,"pair11.eaf",3,9,52,16,29,0.089613,0.116535,6,11
"B",11,"pair12.eaf",3,1,8,8,7,0,0.061916,1,12
"B",11,"pair13.eaf",3,4,29,11,7,0.028779,0.110443,1,13
"B",11,"pair14.eaf",3,5,30,8,16,0,0.151452,3,14
"B",11,"pair15.eaf",3,24,27,14,16,0.071143,0.166356,11,15
"B",11,"pair16.eaf",3,13,35,24,20,0.042935,0.25453,3,16
"B",11,"pair17.eaf",3,3,25,13,8,0,0.101758,1,17
"B",11,"pair18.eaf",3,12,36,12,15,0.124734,0.079922,8,18
"B",11,"pair20.eaf",3,3,10,6,5,0.114506,0.211223,3,20
"B",11,"pair21.eaf",3,10,24,9,3,0.05753,0.170208,5,21
"B",11,"pair22.eaf",3,33,36,34,31,0.166049,0.092868,10,22
"B",11,"pair23.eaf",3,6,22,19,17,0.104307,0.073492,5,23
"B",11,"pair24.eaf",3,7,40,13,16,0,0.156395,7,24
"B",5,"pair04.eaf",3,3,40,9,22,0.071952,0.104436,4,4
"B",5,"pair05.eaf",3,5,13,8,9,0.043024,0.127667,3,5
"B",5,"pair07.eaf",3,2,13,6,11,0.067289,0.136495,1,7
"B",5,"pair08.eaf",3,30,0,12,20,0.099994,0,3,8
"B",5,"pair09.eaf",3,10,18,11,8,0.081061,0.120434,5,9
"B",5,"pair10.eaf",3,8,16,10,3,0.178042,0.115631,3,10
"B",5,"pair11.eaf",3,9,15,4,13,0.11751,0.135077,3,11
"B",5,"pair12.eaf",3,7,23,17,15,0.199818,0.095158,3,12
"B",5,"pair13.eaf",3,20,31,17,22,0.154772,0.093379,5,13
"B",5,"pair14.eaf",3,5,28,2,12,0,0.142904,1,14
"B",5,"pair15.eaf",3,16,20,8,9,0.078187,0.220689,3,15
"B",5,"pair16.eaf",3,27,66,20,37,0.126864,0.158343,19,16
"B",5,"pair17.eaf",3,1,20,13,10,0,0.086701,1,17
"B",5,"pair18.eaf",3,15,71,24,15,0.16724,0.099327,10,18
"B",5,"pair20.eaf",3,7,16,7,9,0.134209,0.171487,4,20
"B",5,"pair21.eaf",3,4,10,6,4,0.082661,0.131107,1,21
"B",5,"pair22.eaf",3,16,23,1,12,0.072683,0.130167,3,22
"B",5,"pair23.eaf",3,15,77,54,41,0.06711,0.07864,9,23
"B",5,"pair24.eaf",3,8,11,10,10,0.150074,0.0943,4,24
"B",3,"pair04.eaf",3,3,27,4,17,0.026137,0.087138,4,4
"B",3,"pair05.eaf",3,9,14,7,6,0.159588,0.142822,5,5
"B",3,"pair07.eaf",3,2,20,9,12,0,0.128324,1,7
"B",3,"pair08.eaf",3,2,17,4,10,0,0.137673,3,8
"B",3,"pair09.eaf",3,3,5,3,3,0.136566,0.108451,1,9
"B",3,"pair10.eaf",3,3,14,17,10,0.120856,0.069245,1,10
"B",3,"pair11.eaf",3,6,23,5,11,0.134478,0.100789,5,11
"B",3,"pair12.eaf",3,4,6,0,3,0.015438,0,1,12
"B",3,"pair13.eaf",3,12,5,5,11,0.16589,0.075149,1,13
"B",3,"pair14.eaf",3,8,31,5,5,0,0.110819,3,14
"B",3,"pair15.eaf",3,15,17,14,3,0.06474,0.165581,6,15
"B",3,"pair16.eaf",3,11,17,8,9,0.156407,0.144045,8,16
"B",3,"pair17.eaf",3,3,4,4,7,0,0.077714,1,17
"B",3,"pair18.eaf",3,5,20,6,2,0.085102,0.071379,6,18
"B",3,"pair20.eaf",3,9,9,3,4,0.087668,0.103743,4,20
"B",3,"pair21.eaf",3,10,21,13,11,0.050628,0.137921,3,21
"B",3,"pair22.eaf",3,8,12,8,8,0.173023,0.129394,3,22
"B",3,"pair23.eaf",3,5,35,19,17,0.174348,0.095932,7,23
"B",3,"pair24.eaf",3,4,16,1,9,0,0.164351,1,24
"B",15,"pair04.eaf",3,2,34,9,17,0.041554,0.089645,5,4
"B",15,"pair05.eaf",3,6,25,16,11,0.074561,0.125534,4,5
"B",15,"pair07.eaf",3,4,16,6,8,0.023983,0.007749,1,7
"B",15,"pair08.eaf",3,17,0,1,12,0.100632,0,6,8
"B",15,"pair09.eaf",3,14,24,18,17,0.06628,0.125622,9,9
"B",15,"pair10.eaf",3,7,18,21,11,0.129161,0.185218,1,10
"B",15,"pair11.eaf",3,5,41,5,4,0.083991,0.117938,6,11
"B",15,"pair12.eaf",3,3,18,8,4,0,0.085736,1,12
"B",15,"pair13.eaf",3,6,34,9,15,0.067717,0.132064,1,13
"B",15,"pair14.eaf",3,3,13,5,10,0,0.149115,1,14
"B",15,"pair15.eaf",3,16,36,18,7,0.064569,0.135052,5,15
"B",15,"pair16.eaf",3,19,31,10,14,0.106246,0.158388,7,16
"B",15,"pair17.eaf",3,3,25,21,11,0,0.070075,1,17
"B",15,"pair18.eaf",3,2,14,7,6,0.137841,0.068145,1,18
"B",15,"pair20.eaf",3,10,23,8,9,0.137639,0.12357,7,20
"B",15,"pair21.eaf",3,12,13,6,12,0.139051,0.324411,7,21
"B",15,"pair22.eaf",3,11,20,13,9,0.076551,0.076148,3,22
"B",15,"pair23.eaf",3,5,33,14,23,0.180572,0.078354,5,23
"B",15,"pair24.eaf",3,1,25,8,3,0,0.162704,3,24
"B",1,"pair04.eaf",3,3,41,16,15,0.027922,0.083875,5,4
"B",1,"pair05.eaf",3,10,26,20,10,0.129165,0.122561,7,5
"B",1,"pair07.eaf",3,5,11,20,13,0.079796,0.114105,1,7
"B",1,"pair08.eaf",3,24,0,17,9,0.136641,0,3,8
"B",1,"pair09.eaf",3,5,19,9,6,0.054165,0.086037,1,9
"B",1,"pair10.eaf",3,5,25,18,12,0.192382,0.157272,2,10
"B",1,"pair11.eaf",3,7,24,12,22,0.060876,0.1149,9,11
"B",1,"pair12.eaf",3,3,9,15,6,0,0.06243,1,12
"B",1,"pair13.eaf",3,7,21,9,2,0.064735,0.109368,6,13
"B",1,"pair14.eaf",3,6,18,7,3,0.101068,0.108731,1,14
"B",1,"pair15.eaf",3,12,27,7,13,0.044335,0.209627,3,15
"B",1,"pair16.eaf",3,8,32,5,12,0.361563,0.163042,5,16
"B",1,"pair17.eaf",3,5,26,16,13,0,0.066568,1,17
"B",1,"pair18.eaf",3,3,20,4,11,0.097509,0.092935,1,18
"B",1,"pair20.eaf",3,5,25,19,4,0.099008,0.122957,3,20
"B",1,"pair21.eaf",3,34,25,16,20,0.117184,0.125927,6,21
"B",1,"pair22.eaf",3,9,16,0,13,0.237484,0.14542,1,22
"B",1,"pair23.eaf",3,2,20,8,10,0.060907,0.179397,5,23
"B",1,"pair24.eaf",3,5,37,20,7,0.009342,0.10729,3,24
"B",7,"pair04.eaf",3,3,32,15,8,0.075757,0.104013,2,4
"B",7,"pair05.eaf",3,10,13,10,4,0.201118,0.155849,2,5
"B",7,"pair07.eaf",3,3,13,3,9,0.032765,0.147647,4,7
"B",7,"pair08.eaf",3,60,13,41,33,0.110502,0.049591,11,8
"B",7,"pair09.eaf",3,10,28,14,9,0.0823,0.098778,7,9
"B",7,"pair10.eaf",3,8,12,14,8,0.140317,0.121264,2,10
"B",7,"pair11.eaf",3,4,20,6,10,0.159413,0.089,1,11
"B",7,"pair12.eaf",3,2,6,8,3,0,0.066296,1,12
"B",7,"pair13.eaf",3,14,16,7,6,0.12503,0.13365,5,13
"B",7,"pair14.eaf",3,3,12,0,10,0,0.122745,1,14
"B",7,"pair15.eaf",3,8,18,7,14,0.039682,0.134054,3,15
"B",7,"pair16.eaf",3,19,28,22,8,0.263217,0.146233,4,16
"B",7,"pair17.eaf",3,10,30,19,15,0,0.106358,7,17
"B",7,"pair18.eaf",3,12,12,0,12,0.079997,0.091571,4,18
"B",7,"pair20.eaf",3,4,17,7,9,0.094784,0.119113,1,20
"B",7,"pair21.eaf",3,42,56,39,31,0.10934,0.167862,23,21
"B",7,"pair22.eaf",3,12,19,2,15,0.0837,0.121406,3,22
"B",7,"pair23.eaf",3,6,44,17,29,0.05382,0.098178,7,23
"B",7,"pair24.eaf",3,3,12,12,9,0.157836,0.066904,1,24
"B",13,"pair04.eaf",3,3,48,11,28,0.055076,0.084233,3,4
"B",13,"pair05.eaf",3,8,12,4,6,0.139151,0.166741,3,5
"B",13,"pair07.eaf",3,2,7,4,6,0.006188,0.066394,2,7
"B",13,"pair08.eaf",3,2,24,3,8,0,0.091024,3,8
"B",13,"pair09.eaf",3,6,8,7,4,0.216341,0.088573,1,9
"B",13,"pair10.eaf",3,5,18,7,8,0.183061,0.167505,1,10
"B",13,"pair11.eaf",3,9,27,13,10,0.172331,0.112216,7,11
"B",13,"pair12.eaf",3,2,11,5,4,0,0.049997,1,12
"B",13,"pair13.eaf",3,5,8,5,0,0.181209,0.072804,1,13
"B",13,"pair14.eaf",3,5,23,3,12,0,0.095845,3,14
"B",13,"pair15.eaf",3,16,27,5,9,0.051757,0.129389,5,15
"B",13,"pair16.eaf",3,10,25,13,16,0.166527,0.203967,4,16
"B",13,"pair17.eaf",3,2,18,13,11,0,0.102934,1,17
"B",13,"pair18.eaf",3,9,31,8,22,0.135818,0.061933,5,18
"B",13,"pair20.eaf",3,5,5,4,3,0.149636,0.186711,2,20
"B",13,"pair21.eaf",3,6,7,6,1,0.125021,0.123402,1,21
"B",13,"pair22.eaf",3,23,32,12,16,0.066375,0.074519,6,22
"B",13,"pair23.eaf",3,4,19,0,15,0.084655,0.069152,5,23
"B",13,"pair24.eaf",3,2,5,4,0,0.080176,0.081189,1,24
"B",10,"pair04.eaf",4,4,42,6,19,0.049778,0.111089,5,4
"B",10,"pair05.eaf",4,5,4,2,13,0.197665,0.14505,1,5
"B",10,"pair07.eaf",4,2,3,0,6,0.033788,0.080008,1,7
"B",10,"pair08.eaf",4,55,1,35,37,0.129028,0.035105,15,8
"B",10,"pair09.eaf",4,5,21,12,6,0.090475,0.084291,5,9
"B",10,"pair10.eaf",4,9,20,20,15,0.167906,0.119339,3,10
"B",10,"pair11.eaf",4,17,12,10,16,0.15092,0,4,11
"B",10,"pair12.eaf",4,4,10,4,13,0,0,1,12
"B",10,"pair13.eaf",4,6,7,7,6,0.10391,0.065134,1,13
"B",10,"pair14.eaf",4,7,20,2,12,0,0.123241,3,14
"B",10,"pair15.eaf",4,4,10,7,8,0.141846,0.155663,1,15
"B",10,"pair16.eaf",4,17,37,27,29,0.164062,0.215775,1,16
"B",10,"pair17.eaf",4,2,5,13,7,0,0.008085,1,17
"B",10,"pair18.eaf",4,5,13,9,11,0.179594,0.168274,3,18
"B",10,"pair20.eaf",4,3,17,9,6,0.063137,0.11537,3,20
"B",10,"pair21.eaf",4,20,20,10,15,0.133929,0.103735,4,21
"B",10,"pair22.eaf",4,6,19,4,9,0.092717,0.083483,3,22
"B",10,"pair23.eaf",4,7,28,8,14,0.038107,0.076445,3,23
"B",10,"pair24.eaf",4,5,32,11,17,0.013263,0.138444,1,24
"B",14,"pair04.eaf",4,3,44,11,14,0.029381,0.098848,3,4
"B",14,"pair05.eaf",4,4,20,3,14,0.051086,0.138379,2,5
"B",14,"pair07.eaf",4,2,19,11,8,0.029559,0.152405,3,7
"B",14,"pair08.eaf",4,6,0,3,6,0.106099,0,3,8
"B",14,"pair09.eaf",4,8,16,11,2,0.065402,0.107872,5,9
"B",14,"pair10.eaf",4,3,13,12,14,0.021773,0.107535,1,10
"B",14,"pair11.eaf",4,9,16,8,14,0.103738,0.143419,5,11
"B",14,"pair12.eaf",4,1,10,2,5,0.022913,0.045143,1,12
"B",14,"pair13.eaf",4,39,53,43,25,0.118542,0.090692,9,13
"B",14,"pair14.eaf",4,2,15,5,1,0,0.104541,1,14
"B",14,"pair15.eaf",4,7,19,10,0,0.118246,0.147104,4,15
"B",14,"pair16.eaf",4,4,29,10,17,0.120124,0.204793,1,16
"B",14,"pair17.eaf",4,3,21,7,13,0.050447,0.096698,1,17
"B",14,"pair18.eaf",4,3,21,2,6,0.113972,0.078056,3,18
"B",14,"pair20.eaf",4,3,18,16,2,0.124967,0.106396,1,20
"B",14,"pair21.eaf",4,5,31,24,4,0.134984,0.129165,1,21
"B",14,"pair22.eaf",4,5,15,6,7,0.094081,0.060617,3,22
"B",14,"pair23.eaf",4,4,14,18,5,0.080306,0.081293,5,23
"B",14,"pair24.eaf",4,3,20,13,5,0,0.177336,3,24
"B",8,"pair04.eaf",4,13,72,31,22,0.102384,0.111067,9,4
"B",8,"pair05.eaf",4,4,16,3,5,0.237791,0.164429,1,5
"B",8,"pair07.eaf",4,2,9,5,0,0.301492,0.061534,1,7
"B",8,"pair08.eaf",4,27,23,15,7,0.071321,0.088659,5,8
"B",8,"pair09.eaf",4,6,19,6,6,0.038687,0.093941,2,9
"B",8,"pair10.eaf",4,6,26,15,13,0.075079,0.166401,3,10
"B",8,"pair11.eaf",4,23,87,31,47,0.123969,0.122327,10,11
"B",8,"pair12.eaf",4,5,20,12,9,0,0,2,12
"B",8,"pair13.eaf",4,8,9,5,6,0.039285,0.096121,1,13
"B",8,"pair14.eaf",4,13,48,9,25,0.103885,0.147527,7,14
"B",8,"pair15.eaf",4,4,20,13,8,0.122091,0.136544,3,15
"B",8,"pair16.eaf",4,12,19,10,7,0.1109,0.152183,9,16
"B",8,"pair17.eaf",4,5,41,16,33,0.101029,0.061807,3,17
"B",8,"pair18.eaf",4,3,16,4,6,0.139406,0.080163,1,18
"B",8,"pair20.eaf",4,17,13,8,5,0.140324,0.201193,7,20
"B",8,"pair21.eaf",4,13,14,14,11,0.130961,0.169024,3,21
"B",8,"pair22.eaf",4,9,29,16,15,0.088238,0.06945,6,22
"B",8,"pair23.eaf",4,20,33,21,19,0.086963,0.098118,5,23
"B",8,"pair24.eaf",4,6,22,7,15,0.025249,0.058033,5,24
"B",4,"pair04.eaf",4,3,57,11,20,0.063612,0.105238,2,4
"B",4,"pair05.eaf",4,9,38,27,26,0.143525,0.178495,5,5
"B",4,"pair07.eaf",4,7,8,12,7,0.37303,0.136583,3,7
"B",4,"pair08.eaf",4,54,12,22,25,0.078397,0.086092,9,8
"B",4,"pair09.eaf",4,5,12,9,8,0,0.087949,1,9
"B",4,"pair10.eaf",4,5,26,5,11,0.116885,0.156995,2,10
"B",4,"pair11.eaf",4,6,48,16,7,0.139253,0.0882,5,11
"B",4,"pair12.eaf",4,2,5,4,8,0.016421,0.060351,1,12
"B",4,"pair13.eaf",4,3,13,11,8,0.039466,0.08743,2,13
"B",4,"pair14.eaf",4,6,19,10,19,0.091941,0.14482,2,14
"B",4,"pair15.eaf",4,7,29,10,8,0.052015,0.126325,1,15
"B",4,"pair16.eaf",4,3,32,13,10,0.068384,0.10569,3,16
"B",4,"pair17.eaf",4,2,28,27,46,0,0.090339,1,17
"B",4,"pair18.eaf",4,2,23,6,14,0.10797,0.063058,1,18
"B",4,"pair20.eaf",4,2,12,5,3,0.044494,0.106849,1,20
"B",4,"pair21.eaf",4,11,26,15,13,0.077175,0.161795,1,21
"B",4,"pair22.eaf",4,4,19,9,10,0.092612,0.077921,3,22
"B",4,"pair23.eaf",4,19,29,27,14,0.119552,0.083864,5,23
"B",4,"pair24.eaf",4,3,20,7,15,0,0.134315,3,24
"B",6,"pair04.eaf",4,4,25,4,15,0.070155,0.095827,4,4
"B",6,"pair05.eaf",4,23,26,19,27,0.130561,0.19221,8,5
"B",6,"pair07.eaf",4,2,30,17,22,0,0.20565,3,7
"B",6,"pair08.eaf",4,1,21,5,12,0,0.088618,3,8
"B",6,"pair09.eaf",4,8,12,10,2,0.0773,0.097427,4,9
"B",6,"pair10.eaf",4,6,22,16,9,0.151114,0.194491,1,10
"B",6,"pair11.eaf",4,7,14,13,30,0.07831,0.081984,1,11
"B",6,"pair12.eaf",4,2,5,2,4,0,0,1,12
"B",6,"pair13.eaf",4,5,14,10,7,0.124772,0.098174,1,13
"B",6,"pair14.eaf",4,4,33,4,10,0,0.102428,2,14
"B",6,"pair15.eaf",4,14,20,13,3,0.06988,0.203702,5,15
"B",6,"pair16.eaf",4,19,38,18,9,0.123759,0.15483,6,16
"B",6,"pair17.eaf",4,2,5,11,8,0,0.162054,1,17
"B",6,"pair18.eaf",4,3,8,3,11,0.074525,0.124727,3,18
"B",6,"pair20.eaf",4,23,18,11,9,0.158401,0.104384,3,20
"B",6,"pair21.eaf",4,41,45,29,25,0.136989,0.138242,16,21
"B",6,"pair22.eaf",4,7,8,9,7,0.157205,0.058314,1,22
"B",6,"pair23.eaf",4,3,19,13,4,0.051768,0.08938,5,23
"B",6,"pair24.eaf",4,2,11,10,7,0.113762,0.070482,3,24
"B",16,"pair04.eaf",4,3,44,10,14,0.068499,0.099297,3,4
"B",16,"pair05.eaf",4,4,23,6,13,0.160379,0.144897,5,5
"B",16,"pair07.eaf",4,2,8,0,5,0.006998,0.091472,1,7
"B",16,"pair08.eaf",4,28,0,16,3,0.149515,0,7,8
"B",16,"pair09.eaf",4,6,32,14,11,0.059922,0.083531,4,9
"B",16,"pair10.eaf",4,11,18,5,9,0.107933,0.124588,5,10
"B",16,"pair11.eaf",4,5,33,14,25,0.068729,0.093769,6,11
"B",16,"pair12.eaf",4,3,19,12,16,0,0.297384,1,12
"B",16,"pair13.eaf",4,8,48,33,27,0.058513,0.125324,5,13
"B",16,"pair14.eaf",4,9,24,4,9,0,0.139593,6,14
"B",16,"pair15.eaf",4,8,25,11,5,0.115863,0.162599,3,15
"B",16,"pair16.eaf",4,8,36,17,20,0.111242,0.232993,3,16
"B",16,"pair17.eaf",4,12,45,26,28,0.128513,0.113379,10,17
"B",16,"pair18.eaf",4,6,29,5,10,0.095812,0.077082,5,18
"B",16,"pair20.eaf",4,4,24,7,9,0.096371,0.103153,1,20
"B",16,"pair21.eaf",4,12,35,34,8,0.089306,0.14054,3,21
"B",16,"pair22.eaf",4,12,23,10,9,0.067589,0.075834,1,22
"B",16,"pair23.eaf",4,5,25,19,9,0.07988,0.107219,5,23
"B",16,"pair24.eaf",4,17,56,19,41,0.166251,0.213411,11,24
"B",12,"pair04.eaf",4,8,36,17,9,0.095747,0.097427,6,4
"B",12,"pair05.eaf",4,8,9,3,6,0.138736,0.164066,2,5
"B",12,"pair07.eaf",4,5,35,14,22,0.084537,0.176966,7,7
"B",12,"pair08.eaf",4,20,0,4,4,0.106179,0,1,8
"B",12,"pair09.eaf",4,5,13,7,3,0.00473,0.09059,2,9
"B",12,"pair10.eaf",4,6,19,6,8,0.198677,0.071152,6,10
"B",12,"pair11.eaf",4,6,10,3,11,0.110002,0.077073,1,11
"B",12,"pair12.eaf",4,4,9,8,6,0,0.007902,1,12
"B",12,"pair13.eaf",4,3,15,3,7,0.024301,0.092314,3,13
"B",12,"pair14.eaf",4,5,10,5,6,0,0.103247,3,14
"B",12,"pair15.eaf",4,6,26,12,5,0.069361,0.172898,1,15
"B",12,"pair16.eaf",4,10,18,4,15,0.086091,0.236683,6,16
"B",12,"pair17.eaf",4,5,16,15,13,0,0.083468,3,17
"B",12,"pair18.eaf",4,5,15,11,6,0.09934,0.050315,2,18
"B",12,"pair20.eaf",4,6,26,5,6,0.084704,0.140604,5,20
"B",12,"pair21.eaf",4,10,31,19,17,0.13812,0.127794,2,21
"B",12,"pair22.eaf",4,45,60,28,32,0.265833,0.073531,15,22
"B",12,"pair23.eaf",4,6,8,6,8,0.067342,0.058433,3,23
"B",12,"pair24.eaf",4,6,35,18,29,0.102806,0.129333,4,24
"B",2,"pair04.eaf",4,3,40,13,15,0.078529,0.079648,2,4
"B",2,"pair05.eaf",4,10,9,8,17,0.139256,0.178559,3,5
"B",2,"pair07.eaf",4,4,8,2,2,0.133369,0.043742,2,7
"B",2,"pair08.eaf",4,13,6,5,3,0.068212,0.103164,2,8
"B",2,"pair09.eaf",4,6,18,5,5,0.063667,0.076655,6,9
"B",2,"pair10.eaf",4,5,15,6,12,0.150361,0.130571,3,10
"B",2,"pair11.eaf",4,3,8,7,10,0.138845,0.054932,1,11
"B",2,"pair12.eaf",4,4,12,10,11,0,0.068891,1,12
"B",2,"pair13.eaf",4,4,8,6,5,0.079095,0.067585,1,13
"B",2,"pair14.eaf",4,4,12,2,5,0.084412,0.105067,1,14
"B",2,"pair15.eaf",4,7,14,10,6,0.031088,0.198201,1,15
"B",2,"pair16.eaf",4,14,28,5,21,0.092588,0.20251,3,16
"B",2,"pair17.eaf",4,3,5,3,8,0.017439,0.088978,1,17
"B",2,"pair18.eaf",4,2,28,8,6,0.123341,0.092334,3,18
"B",2,"pair20.eaf",4,8,7,5,3,0.177187,0.137534,1,20
"B",2,"pair21.eaf",4,3,10,5,7,0.084615,0.110227,1,21
"B",2,"pair22.eaf",4,8,20,14,15,0.149155,0.053901,1,22
"B",2,"pair23.eaf",4,3,17,18,6,0.077081,0.10443,3,23
"B",2,"pair24.eaf",4,3,19,11,8,0,0.13799,1,24
"B",7,"pair04.eaf",5,11,49,7,44,0.128447,0.108306,7,4
"B",7,"pair05.eaf",5,6,9,7,1,0.143101,0.160763,1,5
"B",7,"pair07.eaf",5,3,7,3,3,0.040222,0.127388,3,7
"B",7,"pair08.eaf",5,34,1,10,17,0.119797,0,7,8
"B",7,"pair09.eaf",5,7,17,11,7,0.068482,0.086265,7,9
"B",7,"pair10.eaf",5,3,9,9,0,0.072869,0.081788,1,10
"B",7,"pair11.eaf",5,4,14,8,3,0.116039,0.108436,3,11
"B",7,"pair12.eaf",5,6,5,10,3,0.016621,0,1,12
"B",7,"pair13.eaf",5,11,23,8,14,0.092243,0.088247,5,13
"B",7,"pair14.eaf",5,2,5,3,8,0,0.104595,1,14
"B",7,"pair15.eaf",5,7,9,8,2,0.093964,0.128467,3,15
"B",7,"pair16.eaf",5,11,34,18,11,0.227502,0.158734,3,16
"B",7,"pair17.eaf",5,3,3,2,6,0.026045,0.152837,1,17
"B",7,"pair18.eaf",5,5,13,4,13,0.027889,0.101345,1,18
"B",7,"pair20.eaf",5,1,10,4,3,0.074709,0.121796,1,20
"B",7,"pair21.eaf",5,11,6,9,9,0.137286,0.209114,3,21
"B",7,"pair22.eaf",5,8,10,12,7,0.05108,0.049735,3,22
"B",7,"pair23.eaf",5,3,16,17,12,0.069258,0.062296,1,23
"B",7,"pair24.eaf",5,2,16,5,14,0.070904,0.111025,3,24
"B",15,"pair04.eaf",5,4,32,4,11,0.122189,0.102926,3,4
"B",15,"pair05.eaf",5,3,12,4,13,0.147666,0.129012,1,5
"B",15,"pair07.eaf",5,4,17,7,7,0.025825,0.092879,3,7
"B",15,"pair08.eaf",5,15,1,6,14,0.125073,0,3,8
"B",15,"pair09.eaf",5,8,16,4,11,0.136997,0.108253,3,9
"B",15,"pair10.eaf",5,3,16,6,10,0.124753,0.093648,1,10
"B",15,"pair11.eaf",5,12,41,15,30,0.088392,0.003477,9,11
"B",15,"pair12.eaf",5,1,11,1,3,0.026905,0.031666,1,12
"B",15,"pair13.eaf",5,3,22,14,8,0.004429,0.093616,1,13
"B",15,"pair14.eaf",5,2,21,7,15,0,0.138409,1,14
"B",15,"pair15.eaf",5,4,24,12,14,0.115397,0.147111,2,15
"B",15,"pair16.eaf",5,3,20,6,9,0.047086,0.243605,3,16
"B",15,"pair17.eaf",5,2,22,7,10,0,0.067382,1,17
"B",15,"pair18.eaf",5,2,15,6,10,0.052907,0.089199,1,18
"B",15,"pair20.eaf",5,8,13,13,0,0.175235,0.148938,4,20
"B",15,"pair21.eaf",5,15,8,8,7,0.123872,0.153687,3,21
"B",15,"pair22.eaf",5,6,10,9,5,0.099768,0.065215,3,22
"B",15,"pair23.eaf",5,3,13,17,8,0.054968,0.079603,5,23
"B",15,"pair24.eaf",5,3,16,6,15,0.056836,0.119962,4,24
"B",5,"pair04.eaf",5,21,83,24,25,0.130003,0.128827,7,4
"B",5,"pair05.eaf",5,8,3,3,7,0.185184,0.082888,2,5
"B",5,"pair07.eaf",5,3,9,6,3,0.088469,0.071458,2,7
"B",5,"pair08.eaf",5,31,6,13,11,0.106389,0,3,8
"B",5,"pair09.eaf",5,9,15,3,8,0.042181,0.076121,2,9
"B",5,"pair10.eaf",5,4,9,6,2,0.162477,0.113105,1,10
"B",5,"pair11.eaf",5,6,5,9,12,0.097986,0.156717,1,11
"B",5,"pair12.eaf",5,3,16,8,7,0.025651,0.054551,1,12
"B",5,"pair13.eaf",5,5,44,25,19,0.074553,0.098013,3,13
"B",5,"pair14.eaf",5,11,39,10,30,0,0.160405,5,14
"B",5,"pair15.eaf",5,4,17,7,13,0.093517,0.223163,1,15
"B",5,"pair16.eaf",5,13,33,17,11,0.14965,0.17213,3,16
"B",5,"pair17.eaf",5,3,16,10,8,0,0.07212,1,17
"B",5,"pair18.eaf",5,4,21,8,19,0.072102,0.064861,1,18
"B",5,"pair20.eaf",5,14,13,9,3,0.11883,0.127741,1,20
"B",5,"pair21.eaf",5,9,6,5,9,0.227838,0.115807,1,21
"B",5,"pair22.eaf",5,3,14,9,4,0.055673,0.055996,3,22
"B",5,"pair23.eaf",5,10,28,21,23,0.039527,0.089066,5,23
"B",5,"pair24.eaf",5,3,7,6,6,0.090316,0.068378,1,24
"B",3,"pair04.eaf",5,5,25,8,8,0.052948,0.119083,2,4
"B",3,"pair05.eaf",5,11,13,0,11,0.127101,0.114093,6,5
"B",3,"pair07.eaf",5,5,14,4,9,0.028081,0.119034,3,7
"B",3,"pair08.eaf",5,0,9,0,9,0,0.094662,1,8
"B",3,"pair09.eaf",5,4,5,4,0,0.018678,0.091489,2,9
"B",3,"pair10.eaf",5,2,13,7,3,0.12907,0.156172,1,10
"B",3,"pair11.eaf",5,4,14,5,6,0.042417,0.099618,5,11
"B",3,"pair12.eaf",5,2,7,1,2,0.022565,0.058217,1,12
"B",3,"pair13.eaf",5,8,6,6,1,0.121614,0.159675,1,13
"B",3,"pair14.eaf",5,4,13,0,8,0,0.159439,1,14
"B",3,"pair15.eaf",5,2,10,0,7,0.102677,0.152772,4,15
"B",3,"pair16.eaf",5,9,21,20,18,0.118792,0.158972,4,16
"B",3,"pair17.eaf",5,2,5,4,4,0,0.123814,2,17
"B",3,"pair18.eaf",5,2,10,7,2,0.098847,0.052792,3,18
"B",3,"pair20.eaf",5,9,8,6,3,0.18284,0.217399,1,20
"B",3,"pair21.eaf",5,6,11,6,5,0.187455,0.13588,1,21
"B",3,"pair22.eaf",5,3,8,1,2,0.08293,0.064408,1,22
"B",3,"pair23.eaf",5,9,32,19,16,0.146659,0.072869,6,23
"B",3,"pair24.eaf",5,2,8,3,10,0.037792,0.135415,1,24
"B",11,"pair04.eaf",5,4,28,7,16,0.052021,0.119343,6,4
"B",11,"pair05.eaf",5,8,18,3,12,0.111904,0.069262,1,5
"B",11,"pair07.eaf",5,5,3,13,8,0.017898,0.07548,1,7
"B",11,"pair08.eaf",5,12,15,14,13,0.106953,0.069715,5,8
"B",11,"pair09.eaf",5,10,12,10,13,0.083197,0.080859,5,9
"B",11,"pair10.eaf",5,4,19,13,3,0.16823,0.140308,1,10
"B",11,"pair11.eaf",5,8,35,13,3,0.210718,0.125241,7,11
"B",11,"pair12.eaf",5,4,10,5,1,0.027207,0.013942,1,12
"B",11,"pair13.eaf",5,5,16,9,6,0.112409,0.099192,1,13
"B",11,"pair14.eaf",5,3,16,1,17,0,0.158086,2,14
"B",11,"pair15.eaf",5,15,23,10,20,0.075472,0.286908,7,15
"B",11,"pair16.eaf",5,9,27,1,3,0.085688,0.21468,3,16
"B",11,"pair17.eaf",5,3,14,3,9,0,0.053717,1,17
"B",11,"pair18.eaf",5,3,4,5,7,0.159567,0.066526,1,18
"B",11,"pair20.eaf",5,3,5,5,0,0.051833,0.230563,1,20
"B",11,"pair21.eaf",5,18,16,12,15,0.17241,0.184875,1,21
"B",11,"pair22.eaf",5,23,23,14,24,0.151793,0.080758,7,22
"B",11,"pair23.eaf",5,3,14,11,11,0.011766,0.085783,3,23
"B",11,"pair24.eaf",5,2,13,5,7,0,0.092384,1,24
"B",9,"pair04.eaf",5,3,46,14,22,0.059123,0.109873,2,4
"B",9,"pair05.eaf",5,14,31,28,11,0.150512,0.13073,3,5
"B",9,"pair07.eaf",5,4,21,9,9,0.008848,0.146561,3,7
"B",9,"pair08.eaf",5,0,17,2,13,0,0.109256,3,8
"B",9,"pair09.eaf",5,7,26,12,7,0.058324,0.097425,3,9
"B",9,"pair10.eaf",5,5,15,16,2,0.157992,0.091213,1,10
"B",9,"pair11.eaf",5,3,10,4,10,0.121418,0,1,11
"B",9,"pair12.eaf",5,6,16,8,7,0,0.05354,1,12
"B",9,"pair13.eaf",5,3,21,9,5,0.032213,0.07972,1,13
"B",9,"pair14.eaf",5,6,33,2,16,0,0.119832,5,14
"B",9,"pair15.eaf",5,9,20,5,10,0.075415,0.119116,3,15
"B",9,"pair16.eaf",5,23,25,8,25,0.147785,0.182994,8,16
"B",9,"pair17.eaf",5,3,16,3,7,0,0.06136,3,17
"B",9,"pair18.eaf",5,1,8,5,4,0.194009,0.134144,1,18
"B",9,"pair20.eaf",5,1,5,8,4,0.054096,0.168546,1,20
"B",9,"pair21.eaf",5,7,30,14,19,0.122745,0.182145,5,21
"B",9,"pair22.eaf",5,9,18,18,6,0.080173,0.087222,3,22
"B",9,"pair23.eaf",5,3,20,19,11,0.053668,0.107081,1,23
"B",9,"pair24.eaf",5,3,21,8,7,0.007768,0.20894,3,24
"B",13,"pair04.eaf",5,11,79,22,25,0.108864,0.107328,9,4
"B",13,"pair05.eaf",5,2,3,6,8,0.177848,0.020947,1,5
"B",13,"pair07.eaf",5,1,4,4,6,0.021657,0.028876,1,7
"B",13,"pair08.eaf",5,21,4,0,5,0.083219,0.040445,1,8
"B",13,"pair09.eaf",5,5,6,9,7,0.082435,0.159664,1,9
"B",13,"pair10.eaf",5,4,19,11,6,0.055328,0.174782,1,10
"B",13,"pair11.eaf",5,3,15,10,8,0.113073,0.09142,1,11
"B",13,"pair12.eaf",5,2,14,4,6,0.009201,0.02899,2,12
"B",13,"pair13.eaf",5,3,6,4,3,0.092211,0.082653,1,13
"B",13,"pair14.eaf",5,6,30,8,11,0.10535,0.088308,5,14
"B",13,"pair15.eaf",5,10,21,6,15,0.077535,0.162308,5,15
"B",13,"pair16.eaf",5,8,22,6,9,0.086341,0.22424,4,16
"B",13,"pair17.eaf",5,2,7,4,0,0,0.042746,1,17
"B",13,"pair18.eaf",5,2,14,7,7,0,0.05685,2,18
"B",13,"pair20.eaf",5,4,3,1,2,0.163622,0.215395,1,20
"B",13,"pair21.eaf",5,3,5,5,0,0.165673,0.17651,1,21
"B",13,"pair22.eaf",5,11,14,4,10,0.288071,0.078897,6,22
"B",13,"pair23.eaf",5,3,12,7,6,0.047029,0.121763,4,23
"B",13,"pair24.eaf",5,2,6,6,9,0.021891,0.210633,1,24
"B",1,"pair04.eaf",5,3,27,4,12,0.034731,0.09807,1,4
"B",1,"pair05.eaf",5,3,12,10,5,0.142558,0.143701,1,5
"B",1,"pair07.eaf",5,2,13,4,11,0.057225,0.107576,1,7
"B",1,"pair08.eaf",5,9,18,3,14,0.038778,0.077702,5,8
"B",1,"pair09.eaf",5,12,23,14,5,0.083713,0.09355,3,9
"B",1,"pair10.eaf",5,4,12,10,6,0.122221,0.162823,1,10
"B",1,"pair11.eaf",5,4,37,11,6,0.052701,0.093894,3,11
"B",1,"pair12.eaf",5,2,11,2,8,0,0.023645,1,12
"B",1,"pair13.eaf",5,2,8,1,4,0.02067,0.066877,1,13
"B",1,"pair14.eaf",5,13,10,4,6,0,0.168737,7,14
"B",1,"pair15.eaf",5,10,23,6,5,0.257407,0.113107,5,15
"B",1,"pair16.eaf",5,8,25,10,6,0.192824,0.19669,7,16
"B",1,"pair17.eaf",5,2,17,7,11,0,0.065664,1,17
"B",1,"pair18.eaf",5,3,13,4,5,0.150556,0.085794,1,18
"B",1,"pair20.eaf",5,1,20,5,2,0.027908,0.114976,1,20
"B",1,"pair21.eaf",5,3,18,4,5,0.107991,0.13408,1,21
"B",1,"pair22.eaf",5,5,7,9,2,0.105123,0.069714,5,22
"B",1,"pair23.eaf",5,3,20,12,10,0.062494,0.084757,1,23
"B",1,"pair24.eaf",5,2,20,6,6,0,0.119687,1,24
"B",10,"pair04.eaf",6,8,57,20,29,0.158594,0.10264,6,4
"B",10,"pair05.eaf",6,1,2,2,8,0.126174,0.030796,3,5
"B",10,"pair07.eaf",6,4,3,5,8,0,0.042664,1,7
"B",10,"pair08.eaf",6,1,33,17,19,0.021238,0.07341,5,8
"B",10,"pair09.eaf",6,6,11,10,6,0.098501,0.089402,3,9
"B",10,"pair10.eaf",6,4,20,9,5,0.108925,0.127127,1,10
"B",10,"pair11.eaf",6,10,6,5,19,0.251808,0.053655,1,11
"B",10,"pair12.eaf",6,2,8,9,10,0.023216,0.083073,1,12
"B",10,"pair13.eaf",6,7,4,8,6,0.064116,0.035552,1,13
"B",10,"pair14.eaf",6,3,11,2,10,0,0.093365,1,14
"B",10,"pair15.eaf",6,3,10,1,3,0.015468,0.107817,2,15
"B",10,"pair16.eaf",6,6,9,14,1,0.193727,0.238849,1,16
"B",10,"pair17.eaf",6,1,3,6,9,0,0.042214,1,17
"B",10,"pair18.eaf",6,2,5,7,2,0.105495,0.071781,1,18
"B",10,"pair20.eaf",6,2,14,5,4,0.149389,0.117581,1,20
"B",10,"pair21.eaf",6,11,12,2,17,0.148088,0.095351,3,21
"B",10,"pair22.eaf",6,18,22,18,15,0.098966,0.089213,7,22
"B",10,"pair23.eaf",6,6,18,19,11,0.121474,0.076686,3,23
"B",10,"pair24.eaf",6,2,17,14,18,0,0.131959,1,24
"B",6,"pair04.eaf",6,3,24,0,0,0.057993,0.096701,3,4
"B",6,"pair05.eaf",6,5,6,0,0,0.117444,0.090566,1,5
"B",6,"pair07.eaf",6,3,16,14,13,0.056938,0.098197,3,7
"B",6,"pair08.eaf",6,5,8,0,0,0.112244,0.118793,1,8
"B",6,"pair09.eaf",6,4,14,0,0,0.083193,0.078971,1,9
"B",6,"pair10.eaf",6,5,21,0,0,0.225483,0.173826,1,10
"B",6,"pair11.eaf",6,12,5,0,0,0.115737,0,1,11
"B",6,"pair12.eaf",6,2,2,1,2,0.02265,0.018191,1,12
"B",6,"pair13.eaf",6,6,10,0,0,0.05646,0.085035,1,13
"B",6,"pair14.eaf",6,3,26,0,0,0,0.129032,1,14
"B",6,"pair15.eaf",6,6,16,0,0,0.096522,0.136681,2,15
"B",6,"pair16.eaf",6,11,28,0,0,0.060255,0.170036,6,16
"B",6,"pair17.eaf",6,1,4,0,0,0.013831,0.08541,1,17
"B",6,"pair18.eaf",6,3,5,0,5,0.199802,0.11217,1,18
"B",6,"pair20.eaf",6,7,12,0,0,0.121183,0.100145,3,20
"B",6,"pair21.eaf",6,9,12,2,3,0.21304,0.096833,2,21
"B",6,"pair22.eaf",6,12,8,0,0,0.076232,0.075784,2,22
"B",6,"pair23.eaf",6,2,16,0,0,0.027906,0.068611,8,23
"B",6,"pair24.eaf",6,2,17,0,0,0,0.099149,1,24
"B",16,"pair04.eaf",6,4,49,0,0,0.048795,0.101449,2,4
"B",16,"pair05.eaf",6,31,13,0,0,0.101986,0.184072,7,5
"B",16,"pair07.eaf",6,2,8,0,0,0.037542,0.061018,1,7
"B",16,"pair08.eaf",6,0,27,0,0,0,0.094149,1,8
"B",16,"pair09.eaf",6,4,27,0,0,0.065768,0.081823,3,9
"B",16,"pair10.eaf",6,8,20,0,0,0.147987,0.150755,1,10
"B",16,"pair11.eaf",6,5,17,0,0,0.053839,0.141169,5,11
"B",16,"pair12.eaf",6,2,13,3,1,0,0.048509,1,12
"B",16,"pair13.eaf",6,9,12,0,0,0.158618,0.109622,3,13
"B",16,"pair14.eaf",6,2,20,0,0,0.120107,0.119192,2,14
"B",16,"pair15.eaf",6,5,23,0,0,0.094435,0.1526,2,15
"B",16,"pair16.eaf",6,4,17,0,0,0.163415,0.116966,2,16
"B",16,"pair17.eaf",6,1,4,0,0,0,0.026167,1,17
"B",16,"pair18.eaf",6,3,28,1,3,0.067424,0.051651,1,18
"B",16,"pair20.eaf",6,7,21,0,0,0.090274,0.120643,3,20
"B",16,"pair21.eaf",6,20,21,9,14,0.134892,0.137377,4,21
"B",16,"pair22.eaf",6,7,21,0,0,0.074032,0.075238,5,22
"B",16,"pair23.eaf",6,6,12,0,0,0.058917,0.138345,5,23
"B",16,"pair24.eaf",6,4,15,0,0,0,0.044801,3,24
"B",12,"pair04.eaf",6,6,35,0,0,0.078355,0.07678,3,4
"B",12,"pair05.eaf",6,4,6,0,0,0.113173,0.097712,1,5
"B",12,"pair07.eaf",6,7,31,0,0,0.078541,0.100517,5,7
"B",12,"pair08.eaf",6,18,5,0,0,0.139525,0.079585,1,8
"B",12,"pair09.eaf",6,8,15,0,0,0.068898,0.089924,5,9
"B",12,"pair10.eaf",6,4,15,0,0,0.127883,0.142173,1,10
"B",12,"pair11.eaf",6,3,3,0,0,0.013898,0.036982,1,11
"B",12,"pair12.eaf",6,2,7,0,0,0.037523,0,2,12
"B",12,"pair13.eaf",6,2,11,0,0,0.044064,0.098375,1,13
"B",12,"pair14.eaf",6,2,5,0,0,0,0.113506,1,14
"B",12,"pair15.eaf",6,4,22,0,0,0.096694,0.187369,2,15
"B",12,"pair16.eaf",6,7,27,0,0,0.210729,0.26393,2,16
"B",12,"pair17.eaf",6,2,6,0,0,0.004868,0.042589,1,17
"B",12,"pair18.eaf",6,5,18,0,0,0.081459,0.095073,3,18
"B",12,"pair20.eaf",6,5,16,0,0,0.037818,0.128592,3,20
"B",12,"pair21.eaf",6,8,15,3,6,0.145483,0.145611,3,21
"B",12,"pair22.eaf",6,9,8,0,0,0.032257,0.071272,3,22
"B",12,"pair23.eaf",6,3,5,0,0,0.050731,0.062764,3,23
"B",12,"pair24.eaf",6,5,29,0,0,0.084153,0.113393,2,24
"B",8,"pair04.eaf",6,8,6,11,1,0.054994,0.093002,1,4
"B",8,"pair05.eaf",6,33,28,12,9,0.130908,0.13832,13,5
"B",8,"pair07.eaf",6,2,9,4,4,0.125646,0.148865,1,7
"B",8,"pair08.eaf",6,158,96,95,82,0.126055,0.095608,38,8
"B",8,"pair09.eaf",6,4,16,10,7,0.09696,0.081432,2,9
"B",8,"pair10.eaf",6,5,9,2,3,0.100005,0.131882,1,10
"B",8,"pair11.eaf",6,6,52,11,15,0.081409,0.117867,5,11
"B",8,"pair12.eaf",6,2,11,2,2,0.015419,0.015099,1,12
"B",8,"pair13.eaf",6,8,7,2,7,0.048936,0.066838,1,13
"B",8,"pair14.eaf",6,2,25,7,11,0,0.114066,1,14
"B",8,"pair15.eaf",6,4,16,14,4,0.10252,0.175596,3,15
"B",8,"pair16.eaf",6,4,12,5,7,0.193915,0.09115,1,16
"B",8,"pair17.eaf",6,1,11,4,6,0,0.050797,1,17
"B",8,"pair18.eaf",6,2,5,2,8,0.132516,0.082922,1,18
"B",8,"pair20.eaf",6,7,10,10,5,0.07535,0.144645,3,20
"B",8,"pair21.eaf",6,10,21,6,3,0.141785,0.112716,5,21
"B",8,"pair22.eaf",6,25,25,14,21,0.355241,0.075293,6,22
"B",8,"pair23.eaf",6,7,11,13,4,0.073614,0.058606,3,23
"B",8,"pair24.eaf",6,3,3,10,7,0.00289,0.157456,1,24
"B",4,"pair04.eaf",6,3,28,3,13,0.028976,0.079294,1,4
"B",4,"pair05.eaf",6,14,13,13,5,0.316992,0.112306,4,5
"B",4,"pair07.eaf",6,3,10,0,5,0.037856,0.077656,1,7
"B",4,"pair08.eaf",6,9,15,10,18,0.075859,0.06217,3,8
"B",4,"pair09.eaf",6,4,8,10,5,0.063167,0.094569,1,9
"B",4,"pair10.eaf",6,5,14,4,6,0.15218,0.129187,1,10
"B",4,"pair11.eaf",6,4,30,16,9,0.000548,0.070732,1,11
"B",4,"pair12.eaf",6,1,5,2,2,0.011743,0.021898,1,12
"B",4,"pair13.eaf",6,3,14,1,0,0.056728,0.100049,2,13
"B",4,"pair14.eaf",6,2,27,14,3,0,0.148707,5,14
"B",4,"pair15.eaf",6,3,23,11,1,0.141016,0.133454,1,15
"B",4,"pair16.eaf",6,4,24,10,15,0.051275,0.134387,4,16
"B",4,"pair17.eaf",6,2,16,7,3,0.004917,0.055574,1,17
"B",4,"pair18.eaf",6,4,14,7,7,0.211179,0.082086,1,18
"B",4,"pair20.eaf",6,2,11,6,10,0.275004,0.155984,1,20
"B",4,"pair21.eaf",6,3,15,7,10,0.12658,0.143699,1,21
"B",4,"pair22.eaf",6,45,35,23,31,0.178056,0.152125,7,22
"B",4,"pair23.eaf",6,18,25,19,13,0.077528,0.059414,5,23
"B",4,"pair24.eaf",6,2,20,12,12,0.097365,0.167394,1,24
"B",14,"pair04.eaf",6,4,31,8,9,0.015977,0.084848,2,4
"B",14,"pair05.eaf",6,19,30,16,21,0.12401,0.166699,9,5
"B",14,"pair07.eaf",6,3,12,9,5,0.076041,0,1,7
"B",14,"pair08.eaf",6,7,1,1,8,0.048919,0,1,8
"B",14,"pair09.eaf",6,10,8,3,9,0.130978,0.081731,5,9
"B",14,"pair10.eaf",6,4,10,5,7,0.17048,0.154509,1,10
"B",14,"pair11.eaf",6,1,4,0,6,0.025116,0.114289,1,11
"B",14,"pair12.eaf",6,3,7,7,3,0.015756,0.038251,1,12
"B",14,"pair13.eaf",6,14,30,0,0,0.102881,0.10767,3,13
"B",14,"pair14.eaf",6,5,14,10,3,0,0.166623,3,14
"B",14,"pair15.eaf",6,3,12,1,10,0.053632,0.159104,1,15
"B",14,"pair16.eaf",6,3,16,0,0,0.197071,0.132016,1,16
"B",14,"pair17.eaf",6,1,20,8,8,0.025167,0.07853,1,17
"B",14,"pair18.eaf",6,2,17,11,9,0.067433,0.08109,1,18
"B",14,"pair20.eaf",6,2,17,6,4,0.136904,0.102674,1,20
"B",14,"pair21.eaf",6,11,9,5,15,0.318507,0.141505,3,21
"B",14,"pair22.eaf",6,5,6,0,5,0,0.032381,1,22
"B",14,"pair23.eaf",6,3,16,1,0,0.008627,0.045868,3,23
"B",14,"pair24.eaf",6,5,21,2,6,0,0.171591,3,24
"B",2,"pair04.eaf",6,6,16,3,10,0.044597,0.112814,3,4
"B",2,"pair05.eaf",6,10,8,11,11,0.109791,0.123248,5,5
"B",2,"pair07.eaf",6,3,4,4,5,0.141949,0.042091,1,7
"B",2,"pair08.eaf",6,12,0,0,0,0.095539,0,1,8
"B",2,"pair09.eaf",6,5,9,5,5,0.020768,0.104397,4,9
"B",2,"pair10.eaf",6,8,18,14,5,0.162609,0.082697,2,10
"B",2,"pair11.eaf",6,2,21,9,13,0.059473,0.079638,3,11
"B",2,"pair12.eaf",6,4,7,3,5,0.179669,0.003412,1,12
"B",2,"pair13.eaf",6,4,5,0,0,0.052837,0.078539,1,13
"B",2,"pair14.eaf",6,2,10,7,5,0,0.088707,2,14
"B",2,"pair15.eaf",6,9,13,3,5,0.027131,0.094393,7,15
"B",2,"pair16.eaf",6,8,19,0,0,0.147137,0.09918,3,16
"B",2,"pair17.eaf",6,2,6,6,5,0,0.058085,1,17
"B",2,"pair18.eaf",6,5,14,2,5,0.187376,0.118075,1,18
"B",2,"pair20.eaf",6,3,4,4,4,0.210245,0.146477,1,20
"B",2,"pair21.eaf",6,5,5,0,2,0.283824,0.090508,3,21
"B",2,"pair22.eaf",6,19,21,21,12,0.084314,0.106188,5,22
"B",2,"pair23.eaf",6,5,30,7,4,0.026688,0.106686,5,23
"B",2,"pair24.eaf",6,2,7,8,8,0,0.173309,1,24
